-- phpMyAdmin SQL Dump
-- version 5.2.1
-- https://www.phpmyadmin.net/
--
-- Host: localhost
-- Generation Time: May 11, 2024 at 09:21 PM
-- Server version: 8.0.36-0ubuntu0.20.04.1
-- PHP Version: 8.3.6

SET SQL_MODE = "NO_AUTO_VALUE_ON_ZERO";
START TRANSACTION;
SET time_zone = "+00:00";


/*!40101 SET @OLD_CHARACTER_SET_CLIENT=@@CHARACTER_SET_CLIENT */;
/*!40101 SET @OLD_CHARACTER_SET_RESULTS=@@CHARACTER_SET_RESULTS */;
/*!40101 SET @OLD_COLLATION_CONNECTION=@@COLLATION_CONNECTION */;
/*!40101 SET NAMES utf8mb4 */;

--
-- Database: `db_vis`
--

-- --------------------------------------------------------

--
-- Table structure for table `vis_admin`
--

CREATE TABLE `vis_admin` (
  `admin_id` int NOT NULL,
  `admin_username` varchar(20) DEFAULT NULL,
  `admin_password` varchar(32) DEFAULT NULL,
  `admin_login_time` varchar(20) DEFAULT NULL,
  `admin_update_at` varchar(20) DEFAULT NULL,
  `admin_login_num` int DEFAULT NULL,
  `admin_is_super` tinyint(1) DEFAULT NULL,
  `admin_phone` varchar(20) DEFAULT NULL,
  `admin_picture` varchar(255) DEFAULT NULL,
  `admin_menu` varchar(100) DEFAULT NULL,
  `admin_active` tinyint(1) NOT NULL
) ENGINE=InnoDB DEFAULT CHARSET=utf8mb3;

--
-- Dumping data for table `vis_admin`
--

INSERT INTO `vis_admin` (`admin_id`, `admin_username`, `admin_password`, `admin_login_time`, `admin_update_at`, `admin_login_num`, `admin_is_super`, `admin_phone`, `admin_picture`, `admin_menu`, `admin_active`) VALUES
(1, 'kaido', '66a86177a43043f728e1196c292a2192', '2024-04-25 07:46:31', '2024-04-08 11:02:02', 445, 1, '18106537557', '', NULL, 1),
(2, 'admin', '827ccb0eea8a706c4c34a16891f84e7b', '2020-12-02 04:11:37', '2020-01-07 17:17:16', 387, 1, '18106537555', '', NULL, 1);

-- --------------------------------------------------------

--
-- Table structure for table `vis_companies`
--

CREATE TABLE `vis_companies` (
  `company_id` int NOT NULL,
  `company_name` varchar(50) NOT NULL DEFAULT '',
  `company_email` varchar(30) DEFAULT NULL,
  `company_password` varchar(32) NOT NULL DEFAULT '',
  `company_address` varchar(100) DEFAULT NULL,
  `company_phone` varchar(20) DEFAULT NULL,
  `sms_sender` varchar(50) DEFAULT 'VIService' COMMENT 'SMS Sender Name',
  `email_sender` varchar(50) DEFAULT 'VIService' COMMENT 'Email Sender Name',
  `company_picture` varchar(255) DEFAULT NULL,
  `preview_image` varchar(255) DEFAULT NULL,
  `company_lang` int DEFAULT '1',
  `agreement_number` varchar(30) DEFAULT NULL,
  `company_registered_at` varchar(30) DEFAULT NULL,
  `company_update_at` varchar(30) DEFAULT NULL,
  `company_login_num` int NOT NULL DEFAULT '0',
  `company_login_time` varchar(20) DEFAULT NULL,
  `company_active` tinyint(1) NOT NULL DEFAULT '1'
) ENGINE=InnoDB DEFAULT CHARSET=utf8mb3;

--
-- Dumping data for table `vis_companies`
--

INSERT INTO `vis_companies` (`company_id`, `company_name`, `company_email`, `company_password`, `company_address`, `company_phone`, `sms_sender`, `email_sender`, `company_picture`, `preview_image`, `company_lang`, `agreement_number`, `company_registered_at`, `company_update_at`, `company_login_num`, `company_login_time`, `company_active`) VALUES
(190397, 'Toyotaabi', 'info@toyotaabi.ee', '827ccb0eea8a706c4c34a16891f84e7b', 'Pärnu mnt. 154, 11317, Tallinn', '+372 53 000 376', 'VIService', 'VIService', 'toyotaabi.png', 'Screen_Shot_2021-04-12_at_1_04_53_PM.png', 1, NULL, '2020-01-23 13:23:55', '2021-04-29 15:23:45', 144, '2020-12-02 04:04:11', 1),
(190398, 'Carstop', 'info@carstop.ee', 'e10adc3949ba59abbe56e057f20f883e', 'Paldsiki mnt', '1231231', 'VIService', 'VIService', 'carstop1.png', NULL, 0, NULL, '2020-03-04 18:22:46', '2020-06-05 14:33:48', 1, '2020-03-04 18:23:23', 1),
(190399, 'HR-Service OÜ', 'info@hr-service.ee', 'ffa13f5f5dfbb2fccc8474bada634e36', 'Keila Paldiski mnt.33', '+372 5190 9103', 'VIService', 'VIService', 'HR-Service_online.png', NULL, 0, NULL, '2020-06-03 21:35:21', '2022-09-04 15:53:39', 55, '2024-04-04 06:50:12', 1),
(190400, 'Hiteh Autoteenindus', 'autoteenindus@hiteh.ee', '2e069272508e7024efc78ac97ea653c1', 'Lehtri 4, 11625 TALLINN', '6711600', 'HITEH', 'HITEH', 'hiteh_online.png', 'hiteh_preview.png', 1, NULL, '2020-11-07 11:58:50', '2024-05-04 12:10:09', 139, '2024-05-09 07:08:04', 1),
(190401, 'Forss', 'tood@forss.ee', 'cc1371e2ba4194241310fb916318cc97', 'Mooni 30, Tallinn', '6651 001', 'Forss', 'Forss', 'forss_online.png', 'forss_preview.png', 1, NULL, '2021-04-20 10:13:06', '2021-06-13 23:53:26', 30, '2022-12-17 12:32:50', 1),
(190402, 'Automed OÜ', 'pakkumised@automed.ee', '7abeb07ae447df34987e1f8a9dfd5284', 'Suur-Paala 1, Tallinn', '5502227', 'Automed', 'Automed', 'automed_online.png', 'automed_preview.png', 1, NULL, '2024-03-29 13:45:55', '2024-03-29 13:47:07', 1, '2024-03-29 13:51:35', 1);

-- --------------------------------------------------------

--
-- Table structure for table `vis_company_log`
--

CREATE TABLE `vis_company_log` (
  `log_id` bigint NOT NULL,
  `log_company_id` int DEFAULT NULL,
  `log_company_name` varchar(20) DEFAULT NULL,
  `log_create_time` timestamp NULL DEFAULT NULL
) ENGINE=InnoDB DEFAULT CHARSET=utf8mb3;

-- --------------------------------------------------------

--
-- Table structure for table `vis_config`
--

CREATE TABLE `vis_config` (
  `config_id` int NOT NULL,
  `config_content` varchar(30) DEFAULT NULL,
  `config_key` varchar(20) DEFAULT NULL,
  `config_value` text,
  `updated_at` datetime DEFAULT NULL,
  `created_at` datetime DEFAULT NULL
) ENGINE=InnoDB DEFAULT CHARSET=utf8mb3;

--
-- Dumping data for table `vis_config`
--

INSERT INTO `vis_config` (`config_id`, `config_content`, `config_key`, `config_value`, `updated_at`, `created_at`) VALUES
(1, 'Time Zone', 'site_timezone', 'UM15', NULL, NULL),
(2, 'Website Title', 'site_title', 'VIService System', NULL, NULL),
(3, 'Picture Size', 'head_img_width', '300', NULL, NULL),
(4, 'Picture Size', 'head_img_width', '200', NULL, NULL),
(5, 'Rule1', 'tech_rule1', NULL, NULL, NULL),
(6, 'Rule2', 'tech_rule1', NULL, NULL, NULL),
(7, 'count per page', 'count_per_page', NULL, NULL, NULL),
(8, NULL, 'mail_subject', '{{company}} teenindusvideo: {{car_number}}', '2020-11-08 20:55:22', NULL),
(9, NULL, 'mail_body', 'Tere!\r\n\r\nSaadame sõiduki {{car_number}} teenindusvideo: \r\n{{url}}\r\n\r\nTervitades,\r\n{{company}}', '2020-11-08 20:55:22', NULL),
(10, NULL, 'from_mail', 'info@viservice.eu', '2020-11-08 20:55:22', '2020-01-28 09:13:52'),
(11, NULL, 'from_mail_name', 'VIService', '2020-11-08 20:55:22', '2020-01-28 09:13:52'),
(12, NULL, 'mail_subject', '{{company}} teenindusvideo: {{car_number}}', '2020-11-08 20:55:22', '2020-01-28 09:13:52'),
(13, NULL, 'mail_body', 'Tere!\r\n\r\nSaadame sõiduki {{car_number}} teenindusvideo: \r\n{{url}}\r\n\r\nTervitades,\r\n{{company}}', '2020-11-08 20:55:22', '2020-01-28 09:13:52'),
(14, NULL, 'sms_sender_id', 'VIService', '2020-11-08 20:55:22', '2020-01-28 09:13:52'),
(15, NULL, 'sms_body', 'Tere!\r\nSaadame sõiduki {{car_number}} teenindusvideo: \r\n{{url}}\r\nTervitades,\r\n{{company}}', '2020-11-08 20:55:22', '2020-01-28 09:13:52'),
(16, 'API Key', 'sms_key', 'kxx3FIVYR8isWBb8To03G9YFwrOMXOHc', NULL, NULL);

-- --------------------------------------------------------

--
-- Table structure for table `vis_customers`
--

CREATE TABLE `vis_customers` (
  `customer_id` int NOT NULL,
  `customer_name` varchar(30) DEFAULT NULL,
  `customer_phone` varchar(20) DEFAULT NULL,
  `customer_email` varchar(30) DEFAULT NULL,
  `customer_company` varchar(45) DEFAULT NULL,
  `customer_case_number` varchar(30) DEFAULT NULL,
  `customer_registered_at` varchar(30) DEFAULT NULL,
  `customer_update_at` varchar(30) DEFAULT NULL,
  `customer_company_id` int DEFAULT NULL,
  `customer_case_image` varchar(255) DEFAULT NULL
) ENGINE=InnoDB DEFAULT CHARSET=utf8mb3;

--
-- Dumping data for table `vis_customers`
--

INSERT INTO `vis_customers` (`customer_id`, `customer_name`, `customer_phone`, `customer_email`, `customer_company`, `customer_case_number`, `customer_registered_at`, `customer_update_at`, `customer_company_id`, `customer_case_image`) VALUES
(145, 'Kaido Klamp', '53317909', 'klampkaido@gmail.com', 'Eraisik', '535aaa-3', '2020-02-24 10:22:50', NULL, 190397, NULL),
(146, 'Kaido Klamp', '53317909', 'klampkaido@gmail.com', 'Eraisik', '535aaa', '2020-02-24 18:24:52', NULL, 190397, NULL),
(147, 'Kaido Klamp', '53317909', 'klampkaido@gmail.com', 'Eraisik', '535aaa-3', '2020-02-25 11:09:40', NULL, 190397, NULL),
(148, 'Kaido Klamp', '53317909', 'klampkaido@gmail.com', 'Eraisik', '535aaa-3', '2020-02-25 11:10:26', NULL, 190397, NULL),
(150, 'Kaido Klamp', '53317909', 'klampkaido@gmail.com', 'Eraisik', '535aaa-4', '2020-02-25 11:25:24', NULL, 190397, NULL),
(151, 'Kaido Klamp', '53317909', 'klampkaido@gmail.com', 'Eraisik', '535aaa-5', '2020-02-25 11:28:23', NULL, 190397, NULL),
(152, 'Kaido Klamp', '53317909', 'klampkaido@gmail.com', 'Eraisik', '535aaa-6', '2020-02-25 11:42:33', NULL, 190397, NULL),
(153, 'Kaido Klamp', '53317909', 'klampkaido@gmail.com', 'Eraisik', '535aaa-7', '2020-02-25 12:01:58', NULL, 190397, NULL),
(154, 'Kaido Klamp', '53317909', 'klampkaido@gmail.com', 'Eraisik', '535aaa-8', '2020-02-25 13:36:02', NULL, 190397, NULL),
(155, '', '53317909', '', 'Private Owner', '553AVA', '2020-02-26 11:29:10', NULL, 190397, NULL),
(156, '', '53317909', 'klampkaido@gmail.com', 'Private Owner', '567ASD', '2020-02-26 21:02:40', NULL, 190397, NULL),
(157, '', '1234567890', '', '', 'kkk1234', '2020-02-27 10:28:39', NULL, 190397, NULL),
(158, '', '55535333', '', '', '656ADS', '2020-02-27 11:19:38', NULL, 190397, NULL),
(159, '', '53317909', '', '', '444AAA', '2020-02-27 20:19:18', NULL, 190397, NULL),
(160, '', '53317909', '', '', '555AAA', '2020-02-28 17:56:30', NULL, 190397, NULL),
(161, '', '45345345', '', '', '666AAA', '2020-02-28 18:48:48', NULL, 190397, NULL),
(162, '', '53317909', '', '', '888ASD', '2020-03-01 08:16:27', NULL, 190397, NULL),
(163, '', '53317909', 'klampkaido@gmail.com', '', '777AAA', '2020-03-01 12:32:47', NULL, 190397, NULL),
(164, '', '53317909', '', '', '333AAA', '2020-03-01 14:13:39', NULL, 190397, NULL),
(165, '', '4432423', '', '', '511ASD', '2020-03-01 16:30:05', NULL, 190397, NULL),
(166, '', '53317909', 'klampkaido@gmail.com', '', '777AAA', '2020-03-01 17:44:56', NULL, 190397, NULL),
(167, '', '53317909', '', '', '123ASD', '2020-03-02 17:17:22', NULL, 190397, NULL),
(168, '', '53317909', '', '', '787AAA', '2020-03-02 17:31:11', NULL, 190397, NULL),
(169, '', '5011678', 'andres.enula@mail.ee', '', '555AAA', '2020-03-04 11:27:13', NULL, 190397, NULL),
(170, '', '56658281', 'kristi.kaar@paulig.com', '', '984BKY', '2020-03-04 17:08:40', NULL, 190397, NULL),
(171, '', '3331790877', '', '', '666ASD', '2020-03-04 17:26:41', NULL, 190397, NULL),
(172, '', '78435999', 'kristi.kaar@mail.ee', '', '984BKY', '2020-03-04 17:32:57', NULL, 190397, NULL),
(173, '', '423423423', '', '', '888AAA', '2020-03-04 18:21:21', NULL, 190397, NULL),
(174, '', '34234234', '', '', '888AAA', '2020-03-04 18:23:42', NULL, 190398, NULL),
(175, '', '6757657', '', '', '222aaa', '2020-03-04 22:33:05', NULL, 190397, NULL),
(176, '', '5011678', 'andres.enula@mail.ee', '', '555-aaa', '2020-03-05 04:21:47', NULL, 190397, NULL),
(177, '', '78686876', '', '', '111AAA', '2020-03-06 07:30:17', NULL, 190397, NULL),
(178, '', '433344334', '', '', '333AAA', '2020-03-06 11:51:17', NULL, 190397, NULL),
(179, '', '5011678', 'andres.enula@mail.ee', '', '555AAAa', '2020-03-09 03:36:38', NULL, 190397, NULL),
(180, '', '765765', '', '', '111aaa', '2020-03-09 07:21:18', NULL, 190397, NULL),
(181, '', '234234234', '', '', '222aaa', '2020-03-18 08:59:51', NULL, 190397, NULL),
(182, '', '324234234', '', '', '222ggg', '2020-03-19 19:48:37', NULL, 190397, NULL),
(183, '', '53317909', '', '', '222fff', '2020-03-19 19:57:50', NULL, 190397, NULL),
(184, '', '2342342', '', '', '222mmm', '2020-03-21 10:24:48', NULL, 190397, NULL),
(185, '', '5011678', 'andres.enula@mail.ee', '', '555bbb', '2020-03-23 13:30:56', NULL, 190397, NULL),
(186, '', '53317909', '', '', '333qqq', '2020-03-24 05:41:55', NULL, 190397, NULL),
(187, '', '2324234234', '', '', '123ASD', '2020-03-30 21:21:10', NULL, 190397, NULL),
(188, '', '4353434345', '', '', '555aab', '2020-04-02 08:05:58', NULL, 190397, NULL),
(189, '', '53317909', 'klampkaido@gmail.com', '', '555GGG', '2020-04-21 21:56:01', NULL, 190397, NULL),
(190, '', '53317909', '', '', '123asd', '2020-04-23 07:46:47', NULL, 190397, NULL),
(191, '', '53317909', '', '', '321asd', '2020-04-23 08:15:42', NULL, 190397, NULL),
(192, '', '53317909', 'klampkaido@gmail.com', '', '555GG', '2020-04-27 05:11:23', NULL, 190397, NULL),
(193, '', '53317909', '', '', '111AAA', '2020-04-27 10:06:12', NULL, 190397, NULL),
(194, '', '44324223', '', '', '113AAA', '2020-04-27 10:07:06', NULL, 190397, NULL),
(195, '', '343443', '', '', '222aaa', '2020-04-27 10:21:16', NULL, 190397, NULL),
(196, '', '53317909', 'klampkaido@gmail.com', '', '55GG', '2020-04-27 13:57:41', NULL, 190397, NULL),
(197, '', '324234234', '', '', '888asd', '2020-04-27 21:35:21', NULL, 190397, NULL),
(198, '', '342311', '', '', '324DAS', '2020-04-27 21:35:37', NULL, 190397, NULL),
(199, '', '3242332', '', '', '322AEE', '2020-04-28 12:03:56', NULL, 190397, NULL),
(200, '', '53317909', 'klampkaido@gmail.com', '', '55GGA', '2020-04-28 20:07:27', NULL, 190397, NULL),
(201, '', '3242332', '', '', '322AA', '2020-04-28 20:23:47', NULL, 190397, NULL),
(202, '', '54353435', '', '', '555ASD', '2020-04-30 07:09:24', NULL, 190397, NULL),
(203, '', '44324223', '', '', '113AB', '2020-05-02 20:36:21', NULL, 190397, NULL),
(204, '', '54353435', '', '', '55ASD', '2020-05-02 20:36:40', NULL, 190397, NULL),
(205, '', '755656', '', '', '521KLK', '2020-05-03 14:16:03', NULL, 190397, NULL),
(206, '', '4345345', '', '', '232ggg', '2020-05-05 10:24:26', NULL, 190397, NULL),
(207, '', '56236648', '', '', '111AAB', '2020-05-22 13:50:45', NULL, 190397, NULL),
(208, '', '53317909', '', '', '346ASB', '2020-06-04 07:05:59', NULL, 190399, NULL),
(209, '', '59088517', '', '', '566MPM', '2020-06-04 12:14:34', NULL, 190399, NULL),
(210, '', '59088517', '', '', '123ASD', '2020-06-04 12:20:18', NULL, 190399, NULL),
(211, 'HR', '58057612', 'info@hr-service.ee', '', '966MNF', '2020-06-05 09:28:31', NULL, 190399, NULL),
(212, '', '55533434', '', '', '966MNF', '2020-06-05 09:41:14', NULL, 190399, NULL),
(213, 'Mait', '59088517', '', '', '966MNF', '2020-06-05 10:02:57', NULL, 190399, NULL),
(214, 'test', '55547775', 'test1@gmail.com', '', '199TJR', '2020-06-05 11:35:47', NULL, 190399, NULL),
(215, '', '32232322', '', '', '555aaa', '2020-06-05 17:58:11', NULL, 190397, NULL),
(216, '', '433343443', '', '', '555FFF', '2020-06-26 15:06:52', NULL, 190399, NULL),
(217, '', '56565656', '', '', '123ABC', '2020-06-28 12:04:34', NULL, 190399, NULL),
(218, '', '2312312', '', '', '122aaa', '2020-06-28 17:33:14', NULL, 190399, NULL),
(219, '', '234234', '', '', '23423', '2020-06-28 18:50:07', NULL, 190399, NULL),
(220, '', '53317909', '', '', '444AAA', '2020-07-17 12:37:53', NULL, 190399, NULL),
(221, '', '59004404', '', '', '555BTD', '2020-07-17 17:05:39', NULL, 190399, NULL),
(222, '', '53317909', 'klampkaido@gmail.com', '', '222ASD', '2020-11-08 18:49:27', NULL, 190400, NULL),
(223, '', '53317909', 'klampkaido@gmail.com', '', '222ASD', '2020-11-08 20:56:56', NULL, 190400, NULL),
(224, '', '55317909', '', '', '222ASD', '2020-11-08 21:32:40', NULL, 190400, NULL),
(225, '', '53317909', '', '', '123ASD', '2020-11-08 21:33:05', NULL, 190400, NULL),
(226, 'Kaido', '23234', 'dsfs@mail.ee', 'Kaido OÜ', '123ASD', '2020-11-08 21:33:37', NULL, 190400, NULL),
(227, '', '55573491', '', '', '123asd', '2020-11-09 14:06:54', NULL, 190400, NULL),
(228, 'Joss', '55573491', 'joosep@hiteh.ee', 'Võlg ja Nälg OÜ', '010ioo', '2020-11-11 10:07:18', NULL, 190400, NULL),
(229, '', '5053375', '', '', '769kzl', '2020-11-16 18:46:43', NULL, 190400, NULL),
(230, '', '5053375', '', '', '767 GBS', '2020-11-19 12:43:44', NULL, 190400, NULL),
(231, '', '56932304', '', '', '64 ZDI', '2020-11-19 14:22:52', NULL, 190400, NULL),
(232, '', '5053375', '', '', '282 MLJ', '2020-11-23 14:41:34', NULL, 190400, NULL),
(233, '', '53317909', '', '', '1234567890ASD', '2020-11-23 14:49:16', NULL, 190400, NULL),
(234, '', '5053375', '', '', '282 MLJ', '2020-11-24 11:48:22', NULL, 190400, NULL),
(235, '', '5053375', '', '', '64ZDI', '2020-11-24 11:49:19', NULL, 190400, NULL),
(236, '', '5053375', '', '', '081KBD', '2020-11-25 13:44:59', NULL, 190400, NULL),
(237, '', '5053375', '', '', '282BFL', '2020-11-26 11:59:45', NULL, 190400, NULL),
(238, '', '5053375', '', '', '420BYR', '2020-11-30 13:23:44', NULL, 190400, NULL),
(239, '', '5053375', 'raul@hiteh.ee', '', '667 BXR', '2021-01-08 11:14:41', NULL, 190400, NULL),
(240, '', '5053375', 'raul@hiteh.ee', '', '643 BSF', '2021-01-28 09:11:41', NULL, 190400, NULL),
(241, '', '5069119', 'tom@hiteh.ee', '', '643 BSF', '2021-01-28 10:00:58', NULL, 190400, NULL),
(242, '', '5053375', 'raul@hiteh.ee', '', '206 BYL', '2021-02-02 17:54:37', NULL, 190400, NULL),
(243, '', '5053375', '', '', '895BTD', '2021-02-09 13:31:57', NULL, 190400, NULL),
(244, '', '5053375', '', '', '777COM', '2021-02-09 15:52:12', NULL, 190400, NULL),
(245, '', '5053375', 'raul@hiteh.ee', '', '073MNP', '2021-02-19 13:01:10', NULL, 190400, NULL),
(246, '', '5053375', 'raul@hiteh.ee', '', 'exp', '2021-02-21 16:52:53', NULL, 190400, NULL),
(247, '', '5053375', 'raul@hiteh.ee', '', '488MJY', '2021-02-26 08:40:46', NULL, 190400, NULL),
(248, '', '5053375', 'raul@hiteh.ee', '', '025 TGZ', '2021-03-04 09:46:09', NULL, 190400, NULL),
(249, '', '5053375', 'raul@hiteh.ee', '', '961 BTB', '2021-03-05 13:26:23', NULL, 190400, NULL),
(250, '', '5053375', 'raul@hiteh.ee', '', '961BTB ', '2021-03-05 13:32:23', NULL, 190400, NULL),
(251, '', '5053375', 'JOOSEP@HITEH.EE', '', '242MHC', '2021-03-18 11:05:29', NULL, 190400, NULL),
(252, '', '5053375', '', '', 'TURVA 1', '2021-03-18 11:10:27', NULL, 190400, NULL),
(253, '', '5053375', '', '', 'TURVA 2', '2021-03-18 13:26:24', NULL, 190400, NULL),
(254, '', '5053375', '', '', 'TURVA 3', '2021-03-18 14:57:42', NULL, 190400, NULL),
(255, '', '5053375', '', '', '239AOU', '2021-03-21 12:55:00', NULL, 190400, NULL),
(256, 'Raul Põdersalu', '5053375', 'raul@hiteh.ee', 'Hiteh Autoteenindus OÜ', '008Hit', '2021-04-06 13:44:08', NULL, 190400, NULL),
(257, 'test', '5288', 'test@gmail.com', '', '614TMH', '2021-04-11 10:01:53', NULL, 190399, NULL),
(258, '', '55555', '', '', '614TMH', '2021-04-11 10:16:01', NULL, 190399, NULL),
(259, 'Kristjan', '56698813', 'kristjan@hiteh.ee', '', '120MRJ', '2021-04-14 13:22:47', NULL, 190400, NULL),
(260, 'Kristjan', '56698813', 'kristjan@hiteh.ee', '', '120MRJ', '2021-04-16 08:00:24', NULL, 190400, NULL),
(261, 'Kristjan', '5252548', 'kristjan@hiteh.ee', 'Hiteh', 'IAM1', '2021-04-16 09:00:36', NULL, 190400, NULL),
(262, 'Kristjan', '56698813', 'kristjan@hiteh.ee', 'Hiteh', '724BBL', '2021-04-19 14:01:41', NULL, 190400, NULL),
(263, '', '53317909', '', '', '222AAA', '2021-04-21 10:27:51', NULL, 190401, NULL),
(264, '', '53317909', 'klampkaido@gmail.com', '', '211ASD', '2021-04-21 14:59:07', NULL, 190401, NULL),
(265, '', '53317909', 'klampkaido@gmail.com', '', '444asd', '2021-04-21 19:55:28', NULL, 190401, NULL),
(266, '', '53317909', 'klampkaido@gmail.com', '', '435ASS', '2021-04-26 12:29:07', NULL, 190401, NULL),
(267, '', '53317909', '', '', '123ABC', '2021-04-26 14:53:20', NULL, 190401, NULL),
(268, '', '5053375', 'raul@hiteh.ee', '', '27 ZNK', '2021-04-28 17:06:41', NULL, 190400, NULL),
(269, '', '5053375', 'raul@hiteh.ee', '', '27 ZNK (2)', '2021-04-28 17:14:03', NULL, 190400, NULL),
(270, '', '234234', '', '', 'test', '2021-04-29 08:31:39', NULL, 190401, NULL),
(271, 'Raul Põdersalu', '5053375', 'raul@hiteh.ee', 'Hiteh Autoteenindus OÜ', '924TLF', '2021-05-03 15:39:19', NULL, 190400, NULL),
(272, '', '5053375', 'JOOSEP@hiteh.ee', '', '948WDS', '2021-05-18 11:14:28', NULL, 190400, NULL),
(273, '', '5504511', 'marko@looautokeskus.ee', '', '555bnw', '2021-05-25 09:03:50', NULL, 190400, NULL),
(274, '', '5053375', 'raul@hiteh.ee', '', '218MHL', '2021-07-15 15:47:48', NULL, 190400, NULL),
(275, '', '53317909', 'klampkaido@gmail.com', '', 'TR22', '2021-07-21 14:18:05', NULL, 190400, NULL),
(276, '', '5053375', '', '', '158mlx', '2021-07-27 12:17:54', NULL, 190400, NULL),
(277, '', '5053375', 'raul@hiteh.ee', '', '004BLC', '2021-08-05 08:28:13', NULL, 190400, NULL),
(278, '', '5053375', 'raul@hiteh.ee', '', '198KDY', '2021-08-19 16:37:47', NULL, 190400, NULL),
(279, '', '5053375', 'raul@hiteh.ee', '', '097BGB', '2021-08-26 09:33:57', NULL, 190400, NULL),
(280, '', '5053375', 'raul@hiteh.ee', '', '097BGB', '2021-08-26 12:06:04', NULL, 190400, NULL),
(281, '', '5053375', 'raul@hiteh.ee', '', '426 SKY', '2021-09-15 10:56:36', NULL, 190400, NULL),
(282, '', '5053375', 'raul@hiteh.ee', '', '341MJP', '2021-09-15 15:10:56', NULL, 190400, NULL),
(283, '', '55958979', 'tom@hiteh.ee', '', '537FHL', '2021-09-16 11:00:27', NULL, 190400, NULL),
(284, '', '5053375', 'raul@hiteh.ee', '', '888bdy', '2021-09-20 14:33:23', NULL, 190400, NULL),
(285, '', '5053375', 'raul@hiteh.ee', '', '888 BDY', '2021-09-21 09:30:43', NULL, 190400, NULL),
(286, '', '5053375', 'raul@hiteh.ee', '', '341 MJP', '2021-09-21 14:57:09', NULL, 190400, NULL),
(287, '', '5053375', 'raul@hiteh.ee', '', '125mej', '2021-09-30 20:08:17', NULL, 190400, NULL),
(288, '', '123', '', '', '123', '2021-10-15 15:24:39', NULL, 190401, NULL),
(289, '', '4434343', '', '', '123ASD', '2021-10-15 15:25:35', NULL, 190401, NULL),
(290, '', '5069119', 'tom@hiteh.ee', '', '528bsh', '2021-10-21 08:31:30', NULL, 190400, NULL),
(291, '', '5053375', 'raul@hiteh.ee', '', '444mom', '2021-11-18 14:57:44', NULL, 190400, NULL),
(292, '', '5053375', 'raul@hiteh.ee', '', '336btt', '2021-11-22 16:15:09', NULL, 190400, NULL),
(293, '', '53317909', '', '', 'A111', '2021-11-24 10:49:21', NULL, 190401, NULL),
(294, '', '53317909', '', '', 'test1', '2021-12-14 22:34:58', NULL, 190400, NULL),
(295, '', '5053375', 'tom@hiteh.ee', '', '360mgj', '2022-02-17 12:53:36', NULL, 190400, NULL),
(296, '', '5053375', 'raul@hiteh.ee', '', '684bjn', '2022-02-18 14:29:16', NULL, 190400, NULL),
(297, '', '53988095', '', '', '445ttm', '2022-02-19 17:27:31', NULL, 190400, NULL),
(298, '', '5053375', 'raul@hiteh.ee', '', '558fky', '2022-02-23 09:02:48', NULL, 190400, NULL),
(299, '', '5069119', 'tom@hiteh.ee', '', '063btf', '2022-02-28 14:35:04', NULL, 190400, NULL),
(300, '', '5053375', '', '', '773ccg', '2022-03-14 13:36:16', NULL, 190400, NULL),
(301, '', '5133670', 'joosep@hiteh.ee', '', '521rpx', '2022-03-15 13:46:52', NULL, 190400, NULL),
(302, '', '5053375', 'raul@hiteh.ee', '', '908bpk', '2022-03-15 14:57:13', NULL, 190400, NULL),
(303, '', '5133670', 'joosep@hiteh.ee', '', '685ljb', '2022-03-15 15:07:15', NULL, 190400, NULL),
(304, '', '5053375', 'raul@hiteh.ee', '', '362nrj', '2022-03-16 14:09:51', NULL, 190400, NULL),
(305, '', '5053375', 'raul@hiteh.ee', '', '362nrj 2', '2022-03-16 14:14:32', NULL, 190400, NULL),
(306, '', '5133670', 'joosep@hiteh.ee', '', '675BBL', '2022-03-18 10:13:06', NULL, 190400, NULL),
(307, '', '5069119', 'tom@hiteh.ee', '', 'A 320', '2022-03-23 11:10:41', NULL, 190400, NULL),
(308, '', '5069119', 'tom@hiteh.ee', '', 'A 305', '2022-03-24 13:17:14', NULL, 190400, NULL),
(309, '', '5053375', 'raul@hiteh.ee', '', '377bhj', '2022-03-28 15:24:25', NULL, 190400, NULL),
(310, '', '5069119', 'tom@hiteh.ee', '', '025bpm', '2022-03-29 08:42:55', NULL, 190400, NULL),
(311, '', '5069119', 'tom@hiteh.ee', '', '100asu', '2022-03-29 12:08:45', NULL, 190400, NULL),
(312, '', '5053375', 'raul@hiteh.ee', '', 'Raul EXP', '2022-03-30 17:30:55', NULL, 190400, NULL),
(313, '', '5133670', 'joosep@hiteh.ee', '', '641bvy', '2022-03-31 15:05:05', NULL, 190400, NULL),
(314, '', '5053375', 'raul@hiteh.ee', '', '111gmt', '2022-03-31 16:07:12', NULL, 190400, NULL),
(315, '', '5069119', 'tom@hiteh.ee', '', '652bmg', '2022-04-04 12:32:45', NULL, 190400, NULL),
(316, '', '5032771', '', '', '322mll', '2022-04-05 14:23:48', NULL, 190400, NULL),
(317, '', '5069119', 'tom@hiteh.ee', '', '105bxx 1', '2022-04-08 09:19:08', NULL, 190400, NULL),
(318, '', '5069119', 'tom@hiteh.ee', '', '105bxx 2', '2022-04-08 09:19:36', NULL, 190400, NULL),
(319, '', '5069119', 'tom@hiteh.ee', '', '105bxx 3', '2022-04-08 09:19:53', NULL, 190400, NULL),
(320, '', '5069119', 'tom@hiteh.ee', '', '105bxx 4', '2022-04-08 09:20:12', NULL, 190400, NULL),
(321, '', '5069119', 'tom@hiteh.ee', '', '377bpf', '2022-04-08 14:02:34', NULL, 190400, NULL),
(322, '', '5069119', 'tom@hiteh.ee', '', '377bpf 1', '2022-04-08 14:15:50', NULL, 190400, NULL),
(323, '', '53317909', 'klampkaido@gmail.com', '', '001AAA', '2022-04-17 16:31:50', NULL, 190400, NULL),
(324, '', '5069119', 'tom@hiteh.ee', '', '454nvm', '2022-04-18 08:42:45', NULL, 190400, NULL),
(325, '', '5069119', 'tom@hiteh.ee', '', '909bhd', '2022-04-20 08:25:21', NULL, 190400, NULL),
(326, '', '5069119', 'tom@hiteh.ee', '', 'LMI-425', '2022-04-21 14:45:12', NULL, 190400, NULL),
(327, '', '5122893', '', '', '111', '2022-04-25 13:27:59', NULL, 190400, NULL),
(328, '', '5122893', '', '', '575BRK', '2022-04-26 10:24:43', NULL, 190400, NULL),
(329, '', '5069119', 'tom@hiteh.ee', '', '324bmh', '2022-04-26 15:15:10', NULL, 190400, NULL),
(330, '', '5069119', 'tom@hiteh.ee', '', '989mfr', '2022-04-26 15:45:53', NULL, 190400, NULL),
(331, '', '5069119', 'tom@hiteh.ee', '', '727tgm', '2022-04-28 15:47:21', NULL, 190400, NULL),
(332, '', '5069119', 'tom@hiteh.ee', '', '531rgk', '2022-05-04 10:53:49', NULL, 190400, NULL),
(333, '', '53039002', 'tom@hiteh.ee', '', '976bat', '2022-05-04 14:06:36', NULL, 190400, NULL),
(334, '', '5053375', 'raul@hiteh.ee', '', '198bxb', '2022-06-07 15:13:49', NULL, 190400, NULL),
(335, '', '5053375', 'raul@hiteh.ee', '', '959mhd', '2022-06-08 08:56:46', NULL, 190400, NULL),
(336, '', '53317909', '', '', 'TEST1', '2022-07-13 12:37:51', NULL, 190401, NULL),
(337, '', '344343', '', '', 'Test1', '2022-07-31 11:42:17', NULL, 190399, NULL),
(338, '', '34234', '', '', 'test2', '2022-08-05 12:53:41', NULL, 190399, NULL),
(339, '', '345345345', '', '', 'test3', '2022-08-05 13:30:36', NULL, 190399, NULL),
(340, '', '344343', '', '', 'test4', '2022-08-05 13:40:58', NULL, 190399, NULL),
(341, '', '344343', '', '', 'test5', '2022-08-05 13:48:43', NULL, 190399, NULL),
(342, 'Andres', '5011678', 'andres.enula@mail.ee', 'Pugastusmeister OÜ', '123', '2022-09-04 15:58:08', NULL, 190399, NULL),
(343, '', '5011678', 'andres.enula@mail.ee', '', '222', '2022-09-04 16:03:28', NULL, 190399, NULL),
(344, '', '', '', '', '734btn', '2022-11-29 08:43:48', NULL, 190400, NULL),
(345, '', '53317909', 'klampkaido@gmail.com', '', 'a123', '2022-12-17 12:33:18', NULL, 190401, NULL),
(346, '', '53317909', '', '', 'ggg1', '2022-12-17 12:42:09', NULL, 190401, NULL),
(347, '', '53317909', '', '', 'test11', '2023-01-06 14:04:28', NULL, 190400, NULL),
(348, '', '53317909', '', '', 'test12', '2023-01-06 14:04:39', NULL, 190400, NULL),
(349, '', '5069119', 'tom@hiteh.ee', '', '867bjm', '2023-02-15 10:53:12', NULL, 190400, NULL),
(350, '', '5053375', 'raul@hiteh.ee', '', '703bvh', '2023-02-16 10:19:46', NULL, 190400, NULL),
(351, '', '5069119', 'tom@hiteh.ee', '', '090bfc', '2023-02-17 13:59:18', NULL, 190400, NULL),
(352, 'Raul', '5053375', 'raul@hiteh.ee', '', '464BRF', '2023-02-17 16:20:34', NULL, 190400, NULL),
(353, '', '5069119', 'tom@hiteh.ee', '', '133mhl', '2023-02-20 08:57:20', NULL, 190400, NULL),
(354, '', '5053375', 'tom@hiteh.ee', '', '101jrm', '2023-02-20 10:05:45', NULL, 190400, NULL),
(355, '', '5069119', 'tom@hiteh.ee', '', '204MSJ', '2023-02-21 13:38:07', NULL, 190400, NULL),
(356, '', '5069119', 'tom@hiteh.ee', '', '130mrp', '2023-02-22 13:48:35', NULL, 190400, NULL),
(357, '', '5069119', 'tom@hiteh.ee', '', '321bmr', '2023-02-22 15:40:06', NULL, 190400, NULL),
(358, '', '5069119', 'tom@hiteh.ee', '', '042BRY', '2023-02-28 13:47:32', NULL, 190400, NULL),
(359, '', '5069119', 'tom@hiteh.ee', '', 'AR 8485', '2023-03-01 08:56:00', NULL, 190400, NULL),
(360, '', '5069119', 'tom@hiteh.ee', '', '392MRJ', '2023-03-02 11:48:32', NULL, 190400, NULL),
(361, '', '5069119', 'joosep@hiteh.ee', '', '170bls', '2023-03-03 08:39:13', NULL, 190400, NULL),
(362, '', '5069119', 'tom@hiteh.ee', '', '714GWG', '2023-03-03 09:45:45', NULL, 190400, NULL),
(363, '', '5069119', 'tom@hiteh.ee', '', '632AVZ', '2023-03-07 10:52:24', NULL, 190400, NULL),
(364, '', '5069119', 'tom@hiteh.ee', '', '555bby', '2023-03-07 15:20:14', NULL, 190400, NULL),
(365, '', '5133670', '', '', '040BPY', '2023-03-08 11:40:22', NULL, 190400, NULL),
(366, '', '55573491', 'tom@hiteh.ee', '', '034mfd', '2023-03-08 11:48:08', NULL, 190400, NULL),
(367, '', '5069119', 'tom@hiteh.ee', '', '555MFN', '2023-03-09 11:05:58', NULL, 190400, NULL),
(368, '', '54440003', 'tom@hiteh.ee', '', '585bfm', '2023-03-09 16:07:41', NULL, 190400, NULL),
(369, '', '5069119', 'tom@hiteh.ee', '', '826bhl', '2023-03-10 10:23:50', NULL, 190400, NULL),
(370, '', '5069119', 'tom@hiteh.ee', '', '771bjl', '2023-03-13 08:40:07', NULL, 190400, NULL),
(371, '', '5069119', 'tom@hiteh.ee', '', '691SLZ', '2023-03-13 09:29:23', NULL, 190400, NULL),
(372, '', '5069119', 'tom@hiteh.ee', '', '165MRD', '2023-03-14 10:01:40', NULL, 190400, NULL),
(373, '', '5069119', 'tom@hiteh.ee', '', '936brb', '2023-03-14 10:05:45', NULL, 190400, NULL),
(374, '', '5069119', 'tom@hiteh.ee', '', '711bty', '2023-03-15 08:48:32', NULL, 190400, NULL),
(375, '', '5069119', 'tom@hiteh.ee', '', '638MHM', '2023-03-20 09:51:22', NULL, 190400, NULL),
(376, '', '5069119', 'tom@hiteh.ee', '', '563dkm', '2023-03-22 08:33:30', NULL, 190400, NULL),
(377, '', '5069119', 'tom@hiteh.ee', '', '576tmv', '2023-03-22 10:00:56', NULL, 190400, NULL),
(378, '', '5053375', 'raul@hiteh.ee', '', 'glb250', '2023-03-22 14:27:29', NULL, 190400, NULL),
(379, '', '5069119', 'tom@hiteh.ee', '', '222BRS', '2023-03-27 08:34:37', NULL, 190400, NULL),
(380, '', '5069119', 'tom@hiteh.ee', '', '528MRT', '2023-03-27 12:02:37', NULL, 190400, NULL),
(381, '', '5069119', 'tom@hiteh.ee', '', '651BTP', '2023-03-28 08:34:00', NULL, 190400, NULL),
(382, '', '5069119', 'tom@hiteh.ee', '', '345bkd', '2023-03-29 09:27:28', NULL, 190400, NULL),
(383, '', '5053375', 'raul@hiteh.ee', '', '148BTB', '2023-03-30 08:23:04', NULL, 190400, NULL),
(384, '', '5069119', 'joosep@hiteh.ee', '', '170dbx', '2023-03-31 13:13:36', NULL, 190400, NULL),
(385, '', '5069119', 'tom@hiteh.ee', '', '192BKN', '2023-04-03 09:38:18', NULL, 190400, NULL),
(386, '', '5069119', 'tom@hiteh.ee', '', '472CSY', '2023-04-03 11:42:27', NULL, 190400, NULL),
(387, '', '5069119', 'tom@hiteh.ee', '', '209mjh', '2023-04-04 08:55:27', NULL, 190400, NULL),
(388, '', '5069119', 'tom@hiteh.ee', '', '826hlm', '2023-04-10 12:04:35', NULL, 190400, NULL),
(389, '', '5069119', 'tom@hiteh.ee', '', '954mhp', '2023-04-10 14:38:48', NULL, 190400, NULL),
(390, '', '5069119', 'tom@hiteh.ee', '', '197mgs', '2023-04-11 11:44:07', NULL, 190400, NULL),
(391, '', '5069119', 'tom@hiteh.ee', '', '807bsy', '2023-04-13 09:19:37', NULL, 190400, NULL),
(392, '', '5069119', 'tom@hiteh.ee', '', '282bfl', '2023-04-14 08:21:29', NULL, 190400, NULL),
(393, '', '5069119', 'tom@hiteh.ee', '', '417BXR', '2023-04-14 08:28:22', NULL, 190400, NULL),
(394, '', '5069119', 'tom@hiteh.ee', '', '354mjd', '2023-04-18 08:31:32', NULL, 190400, NULL),
(395, '', '5069119', 'tom@hiteh.ee', '', '138BHS', '2023-04-18 09:18:39', NULL, 190400, NULL),
(396, '', '5069119', 'tom@hiteh.ee', '', '951mjp', '2023-04-20 08:28:13', NULL, 190400, NULL),
(397, '', '5069119', '', '', '680TJF', '2023-04-24 09:45:09', NULL, 190400, NULL),
(398, '', '5069119', 'tom@hiteh.ee', '', '744bnz', '2023-04-24 13:40:45', NULL, 190400, NULL),
(399, '', '5069119', 'tom@hiteh.ee', '', '495bbz', '2023-04-24 14:18:55', NULL, 190400, NULL),
(400, '', '5069119', 'joosep@hiteh.ee', '', '659jwt', '2023-04-26 08:21:32', NULL, 190400, NULL),
(401, '', '5069119', 'tom@hiteh.ee', '', '643mkg', '2023-04-27 08:08:10', NULL, 190400, NULL),
(402, '', '5069119', 'tom@hiteh.ee', '', '851bpg', '2023-04-27 12:36:37', NULL, 190400, NULL),
(403, '', '5069119', 'tom@hiteh.ee', '', '096brd', '2023-05-02 13:45:35', NULL, 190400, NULL),
(404, '', '5069119', 'tom@hiteh.ee', '', '202bcm', '2023-05-02 15:39:46', NULL, 190400, NULL),
(405, '', '5069119', 'tom@hiteh.ee', '', '116kyj', '2023-05-04 08:35:59', NULL, 190400, NULL),
(406, '', '5069119', 'raul@hiteh.ee', '', '302bgk', '2023-05-04 14:34:30', NULL, 190400, NULL),
(407, '', '5069119', 'tom@hiteh.ee', '', '052bsj', '2023-05-04 15:28:56', NULL, 190400, NULL),
(408, '', '5069119', 'tom@hiteh.ee', '', '516bnk', '2023-05-08 09:35:07', NULL, 190400, NULL),
(409, '', '5069119', 'tom@hiteh.ee', '', '213blx', '2023-05-09 15:51:26', NULL, 190400, NULL),
(410, '', '5069119', 'tom@hiteh.ee', '', '578bpc', '2023-05-10 08:12:04', NULL, 190400, NULL),
(411, '', '5069119', 'tom@hiteh.ee', '', '271mkn', '2023-05-10 10:58:18', NULL, 190400, NULL),
(412, '', '5053375', 'raul@hiteh.ee', '', '084csl', '2023-05-11 18:42:24', NULL, 190400, NULL),
(413, '', '5069119', 'tom@hiteh.ee', '', '289xsg', '2023-05-16 08:38:45', NULL, 190400, NULL),
(414, '', '5069119', 'tom@hiteh.ee', '', '131azx', '2023-05-23 14:10:05', NULL, 190400, NULL),
(415, '', '5069119', 'tom@hiteh.ee', '', '571bjf', '2023-05-23 15:49:57', NULL, 190400, NULL),
(416, '', '5069119', 'tom@hiteh.ee', '', '775brk', '2023-05-24 08:24:20', NULL, 190400, NULL),
(417, '', '5069119', 'tom@hiteh.ee', '', '555bnw', '2023-05-24 09:37:02', NULL, 190400, NULL),
(418, '', '5069119', 'tom@hiteh.ee', '', '070ozo', '2023-05-25 14:03:42', NULL, 190400, NULL),
(419, '', '5069119', 'tom@hiteh.ee', '', '990hhb', '2023-05-26 08:32:01', NULL, 190400, NULL),
(420, '', '5069119', 'tom@hiteh.ee', '', '537mhj', '2023-05-26 10:53:43', NULL, 190400, NULL),
(421, '', '5069119', 'tom@hiteh.ee', '', '317bry', '2023-05-26 13:45:51', NULL, 190400, NULL),
(422, '', '5069119', 'tom@hiteh.ee', '', '639BHR', '2023-05-26 14:48:26', NULL, 190400, NULL),
(423, '', '5069119', 'tom@hiteh.ee', '', '517fpb', '2023-05-29 12:25:05', NULL, 190400, NULL),
(424, '', '5069119', 'tom@hiteh.ee', '', '751bjf', '2023-05-31 09:39:02', NULL, 190400, NULL),
(425, '', '5069119', 'tom@hiteh.ee', '', '922gwj', '2023-06-01 08:28:37', NULL, 190400, NULL),
(426, '', '5069119', 'tom@hiteh.ee', '', '922gwj', '2023-06-01 08:40:30', NULL, 190400, NULL),
(427, '', '5069119', 'tom@hiteh.ee', '', '880bhc', '2023-06-01 09:45:13', NULL, 190400, NULL),
(428, '', '53317909', '', '', 'test00', '2023-06-02 07:44:33', NULL, 190400, NULL),
(429, '', '', '', '', '', '2023-06-02 07:44:33', NULL, 190400, NULL),
(430, '', '5069119', 'tom@hiteh.ee', '', 'test2', '2023-06-02 13:43:34', NULL, 190400, NULL),
(431, '', '5069119', 'raul@hiteh.ee', '', '170dbx', '2023-06-06 08:56:10', NULL, 190400, NULL),
(432, '', '5069119', 'tom@hiteh.ee', '', '304hkh', '2023-06-07 09:21:38', NULL, 190400, NULL),
(433, '', '5069119', 'tom@hiteh.ee', '', '494bvk', '2023-06-07 10:18:51', NULL, 190400, NULL),
(434, '', '5069119', 'tom@hiteh.ee', '', '563dkm', '2023-06-07 14:25:10', NULL, 190400, NULL),
(435, '', '5069119', 'tom@hiteh.ee', '', '455brx', '2023-06-07 15:27:24', NULL, 190400, NULL),
(436, '', '5069119', 'tom@hiteh.ee', '', '77zrd', '2023-06-08 09:09:10', NULL, 190400, NULL),
(437, '', '5069119', 'tom@hiteh.ee', '', '131azx', '2023-06-08 12:04:08', NULL, 190400, NULL),
(438, '', '5069119', 'tom@hiteh.ee', '', '324MFS', '2023-06-09 10:21:06', NULL, 190400, NULL),
(439, '', '5053375', 'raul@hiteh.ee', '', '908bpk', '2023-06-12 09:16:44', NULL, 190400, NULL),
(440, '', '5069119', 'tom@hiteh.ee', '', '489tly', '2023-06-12 12:51:53', NULL, 190400, NULL),
(441, '', '5069119', 'tom@hiteh.ee', '', '919mgz', '2023-06-12 14:20:17', NULL, 190400, NULL),
(442, '', '5069119', 'tom@hiteh.ee', '', '185kdy', '2023-06-13 08:38:14', NULL, 190400, NULL),
(443, '', '5069119', 'tom@hiteh.ee', '', '108prm', '2023-06-13 13:17:46', NULL, 190400, NULL),
(444, '', '5069119', 'tom@hiteh.ee', '', '738AXR', '2023-06-13 13:41:16', NULL, 190400, NULL),
(445, '', '5069119', 'tom@hiteh.ee', '', '218fvm', '2023-06-14 10:00:16', NULL, 190400, NULL),
(446, '', '5069119', 'tom@hiteh.ee', '', 'cpn675', '2023-06-14 12:28:20', NULL, 190400, NULL),
(447, '', '5069119', 'tom@hiteh.ee', '', '46npx', '2023-06-15 09:26:50', NULL, 190400, NULL),
(448, '', '5069119', 'tom@hiteh.ee', '', '752BJN', '2023-06-16 11:05:30', NULL, 190400, NULL),
(449, '', '5069119', 'tom@hiteh.ee', '', '532mrm', '2023-06-16 11:44:27', NULL, 190400, NULL),
(450, '', '5069119', 'tom@hiteh.ee', '', '839bbp', '2023-06-19 08:39:32', NULL, 190400, NULL),
(451, '', '5069119', 'tom@hiteh.ee', '', '186bgb', '2023-06-19 11:06:16', NULL, 190400, NULL),
(452, '', '5069119', 'tom@hiteh.ee', '', '290mli', '2023-06-19 11:43:03', NULL, 190400, NULL),
(453, '', '5069119', 'tom@hiteh.ee', '', '586blh', '2023-06-20 09:17:21', NULL, 190400, NULL),
(454, '', '5069119', '', '', '561MRY', '2023-06-28 08:23:03', NULL, 190400, NULL),
(455, '', '5069119', 'tom@hiteh.ee', '', '024pxh', '2023-06-28 08:43:55', NULL, 190400, NULL),
(456, '', '5069119', 'tom@hiteh.ee', '', '305BJM', '2023-06-28 13:05:00', NULL, 190400, NULL),
(457, '', '58081474', '', '', '658tmn', '2023-07-02 11:29:03', NULL, 190400, NULL),
(458, '', '5069119', 'tom@hiteh.ee', '', '999red', '2023-07-04 15:47:55', NULL, 190400, NULL),
(459, '', '5069119', 'tom@hiteh.ee', '', '716bhb', '2023-07-07 08:29:23', NULL, 190400, NULL),
(460, '', '5069119', 'tom@hiteh.ee', '', '488btb', '2023-07-07 11:52:07', NULL, 190400, NULL),
(461, '', '5069119', 'tom@hiteh.ee', '', '607sxw', '2023-07-07 13:36:36', NULL, 190400, NULL),
(462, '', '5053375', 'raul@hiteh.ee', '', 'GLK', '2023-07-08 10:09:49', NULL, 190400, NULL),
(463, '', '5053375', 'raul@hiteh.ee', '', 'GLK2', '2023-07-08 11:11:32', NULL, 190400, NULL),
(464, '', '5053375', 'raul@hiteh.ee', '', 'GLK3', '2023-07-08 11:28:33', NULL, 190400, NULL),
(465, '', '5053375', 'raul@hiteh.ee', '', 'GLK4', '2023-07-08 11:36:13', NULL, 190400, NULL),
(466, '', '5053375', 'raul@hiteh.ee', '', 'GLK5', '2023-07-08 11:57:22', NULL, 190400, NULL),
(467, '', '5053375', 'raul@hiteh.ee', '', 'LATT', '2023-07-12 16:57:33', NULL, 190400, NULL),
(468, '', '5069119', 'tom@hiteh.ee', '', '797BMB', '2023-07-14 11:13:46', NULL, 190400, NULL),
(469, '', '5069119', 'tom@hiteh.ee', '', '649BJL', '2023-07-14 13:49:34', NULL, 190400, NULL),
(470, '', '5069119', 'tom@hiteh.ee', '', '777prk', '2023-07-18 08:46:45', NULL, 190400, NULL),
(471, '', '5069119', 'tom@hiteh.ee', '', '777prk', '2023-07-18 09:15:51', NULL, 190400, NULL),
(472, '', '5053375', 'raul@hiteh.ee', '', '366mkk', '2023-07-18 15:48:06', NULL, 190400, NULL),
(473, '', '5053375', 'raul@hiteh.ee', '', 'raul', '2023-08-16 10:03:50', NULL, 190400, NULL),
(474, '', '53317909', '', '', '009tes', '2023-09-14 10:24:39', NULL, 190400, NULL),
(475, '', '5069119', 'tom@hiteh.ee', '', '777PRK', '2023-09-18 14:00:36', NULL, 190400, NULL),
(476, '', '5053375', 'raul@hiteh.ee', '', 'maserati', '2023-09-19 13:59:54', NULL, 190400, NULL),
(477, '', '5053375', 'raul@hiteh.ee', '', 'maserati2', '2023-09-19 14:23:24', NULL, 190400, NULL),
(478, '', '5069119', 'tom@hiteh.ee', '', '187mps', '2023-09-21 09:48:21', NULL, 190400, NULL),
(479, '', '5069119', 'tom@hiteh.ee', '', '070bkh', '2023-09-26 09:14:16', NULL, 190400, NULL),
(480, '', '5053375', 'tom@hiteh.ee', '', '507mhy', '2023-09-26 11:30:44', NULL, 190400, NULL),
(481, '', '5069119', 'tom@hiteh.ee', '', '130bjb', '2023-09-26 15:31:23', NULL, 190400, NULL),
(482, '', '5069119', 'tom@hiteh.ee', '', '271MKN', '2023-09-29 08:34:33', NULL, 190400, NULL),
(483, '', '5069119', 'tom@hiteh.ee', '', '271MKN 2', '2023-09-29 08:39:41', NULL, 190400, NULL),
(484, '', '5069119', 'tom@hiteh.ee', '', '957bln', '2023-10-02 08:47:13', NULL, 190400, NULL),
(485, '', '5069119', 'tom@hiteh.ee', '', '952msh', '2023-10-03 08:37:44', NULL, 190400, NULL),
(486, '', '5069119', 'tom@hiteh.ee', '', '280xgt', '2023-10-04 16:06:33', NULL, 190400, NULL),
(487, '', '5069119', 'tom@hiteh.ee', '', '126sfd', '2023-10-09 09:11:23', NULL, 190400, NULL),
(488, '', '5069119', 'tom@hiteh.ee', '', '338jnx', '2023-10-09 15:05:11', NULL, 190400, NULL),
(489, '', '5069119', 'joosep@hiteh.ee', '', '174vsr', '2023-10-11 09:02:52', NULL, 190400, NULL),
(490, '', '5069119', 'tom@hiteh.ee', '', '204ldm', '2023-10-11 12:07:32', NULL, 190400, NULL),
(491, '', '5069119', 'tom@hiteh.ee', '', '204LDM 1', '2023-10-11 12:10:54', NULL, 190400, NULL),
(492, '', '5069119', 'tom@hiteh.ee', '', '751bjf 2', '2023-10-12 09:21:55', NULL, 190400, NULL),
(493, '', '5069119', 'tom@hiteh.ee', '', '115mgb', '2023-10-16 14:23:57', NULL, 190400, NULL),
(494, '', '5069119', 'tom@hiteh.ee', '', '072BMN', '2023-10-18 10:52:07', NULL, 190400, NULL),
(495, '', '5069119', 'tom@hiteh.ee', '', '924BPH', '2023-10-18 11:38:47', NULL, 190400, NULL),
(496, '', '5069119', 'tom@hiteh.ee', '', '480tly', '2023-10-23 11:28:36', NULL, 190400, NULL),
(497, '', '5069119', 'tom@hiteh.ee', '', '60414', '2023-10-25 08:45:24', NULL, 190400, NULL),
(498, '', '5069119', 'tom@hiteh.ee', '', '240msr', '2023-11-01 09:51:28', NULL, 190400, NULL),
(499, '', '5133670', 'joosep@hiteh.ee', '', '539bcv', '2023-11-02 08:53:54', NULL, 190400, NULL),
(500, '', '5133670', 'joosep@hiteh.ee', '', '871bxx', '2023-11-03 09:52:12', NULL, 190400, NULL),
(501, '', '5133670', 'joosep@hiteh.ee', '', '882bxx', '2023-11-07 08:33:48', NULL, 190400, NULL),
(502, '', '5133670', 'joosep@hiteh.ee', '', '883bxx', '2023-11-07 09:18:47', NULL, 190400, NULL),
(503, '', '5069119', 'tom@hiteh.ee', '', '211byn', '2023-11-07 12:19:06', NULL, 190400, NULL),
(504, '', '5069119', 'tom@hiteh.ee', '', '535BBA', '2023-11-20 09:44:40', NULL, 190400, NULL),
(505, '', '5069119', 'tom@hiteh.ee', '', '129BKZ', '2023-11-29 09:02:38', NULL, 190400, NULL),
(506, '', '5069119', 'tom@hiteh.ee', '', '100bvd', '2023-12-20 08:09:12', NULL, 190400, NULL),
(507, '', '5069119', 'tom@hiteh.ee', '', '100bvd1', '2023-12-20 08:26:25', NULL, 190400, NULL),
(508, '', '5069119', 'tom@hiteh.ee', '', '065mgs', '2024-01-18 15:53:27', NULL, 190400, NULL),
(509, '', '5069119', 'tom@hiteh.ee', '', '882nsn', '2024-01-19 08:34:40', NULL, 190400, NULL),
(510, '', '5069119', 'tom@hiteh.ee', '', '882nsn 2', '2024-01-19 08:59:06', NULL, 190400, NULL),
(511, '', '5069119', 'tom@hiteh.ee', '', '424bsp', '2024-01-22 10:34:35', NULL, 190400, NULL),
(512, '', '5069119', 'tom@hiteh.ee', '', '424mjh', '2024-01-22 13:17:17', NULL, 190400, NULL),
(513, '', '5069119', 'tom@hiteh.ee', '', '139MHF', '2024-01-23 12:44:27', NULL, 190400, NULL),
(514, '', '5069119', 'raul@hiteh.ee', '', '770bnm', '2024-01-24 15:53:14', NULL, 190400, NULL),
(515, '', '5069119', 'tom@hiteh.ee', '', '951byv', '2024-01-26 09:44:34', NULL, 190400, NULL),
(516, '', '5069119', 'tom@hiteh.ee', '', '377vbx', '2024-01-29 13:09:28', NULL, 190400, NULL),
(517, '', '5069119', 'tom@hiteh.ee', '', '701BVC', '2024-01-30 08:56:06', NULL, 190400, NULL),
(518, '', '5069119', 'tom@hiteh.ee', '', '488mjy', '2024-01-30 09:37:32', NULL, 190400, NULL),
(519, '', '5069119', 'tom@hiteh.ee', '', '839bbp', '2024-01-30 10:09:39', NULL, 190400, NULL),
(520, '', '5069119', 'tom@hiteh.ee', '', '459sdh', '2024-01-30 14:53:32', NULL, 190400, NULL),
(521, '', '5069119', 'tom@hiteh.ee', '', '777erk', '2024-02-05 10:25:06', NULL, 190400, NULL),
(522, '', '5069119', 'tom@hiteh.ee', '', '736fpb', '2024-02-05 13:28:25', NULL, 190400, NULL),
(523, '', '5069119', 'tom@hiteh.ee', '', '441bjy', '2024-02-05 14:00:08', NULL, 190400, NULL),
(524, '', '5069119', 'tom@hiteh.ee', '', '243mrb', '2024-02-07 08:55:31', NULL, 190400, NULL),
(525, '', '5069119', 'tom@hiteh.ee', '', '355DBJ', '2024-02-08 08:26:00', NULL, 190400, NULL),
(526, '', '5069119', 'tom@hiteh.ee', '', '905msh', '2024-02-08 13:17:23', NULL, 190400, NULL),
(527, '', '5069119', 'tom@hiteh.ee', '', '140bgx', '2024-02-09 12:24:07', NULL, 190400, NULL),
(528, '', '5069119', 'tom@hiteh.ee', '', '890nrj', '2024-02-12 09:02:52', NULL, 190400, NULL),
(529, '', '5069119', 'tom@hiteh.ee', '', '705RTH', '2024-02-14 13:19:48', NULL, 190400, NULL),
(530, '', '5069119', 'tom@hiteh.ee', '', '789bpr', '2024-02-15 11:02:12', NULL, 190400, NULL),
(531, '', '5069119', 'tom@hiteh.ee', '', '560bvd', '2024-02-15 13:59:22', NULL, 190400, NULL),
(532, '', '5069119', 'tom@hiteh.ee', '', '589bkx', '2024-02-16 08:24:05', NULL, 190400, NULL),
(533, '', '5069119', 'tom@hiteh.ee', '', '990yyy', '2024-02-16 09:41:59', NULL, 190400, NULL),
(534, '', '5069119', 'tom@hiteh.ee', '', '304mjj', '2024-02-20 11:29:27', NULL, 190400, NULL),
(535, '', '5069119', 'tom@hiteh.ee', '', '638mjj', '2024-02-21 15:52:40', NULL, 190400, NULL),
(536, '', '5069119', 'tom@hiteh.ee', '', '462dbb', '2024-02-22 08:15:30', NULL, 190400, NULL),
(537, '', '5069119', 'tom@hiteh.ee', '', '464xhg', '2024-02-22 13:12:32', NULL, 190400, NULL),
(538, '', '5069119', 'tom@hiteh.ee', '', '902tnr', '2024-02-28 10:59:31', NULL, 190400, NULL),
(539, '', '5069119', 'tom@hiteh.ee', '', '192tul', '2024-03-01 10:04:07', NULL, 190400, NULL),
(540, '', '5069119', 'tom@hiteh.ee', '', 'AA4990ME', '2024-03-04 08:39:17', NULL, 190400, NULL),
(541, '', '5069119', 'tom@hiteh.ee', '', '123', '2024-03-05 08:07:52', NULL, 190400, NULL),
(542, '', '5069119', 'tom@hiteh.ee', '', '37zrr', '2024-03-05 09:10:19', NULL, 190400, NULL),
(543, '', '5069119', 'tom@hiteh.ee', '', '37ZRR', '2024-03-05 09:22:21', NULL, 190400, NULL),
(544, '', '5069119', 'tom@hiteh.ee', '', '962RFT', '2024-03-06 10:27:52', NULL, 190400, NULL),
(545, '', '53317909', '', '', 'test1', '2024-03-06 12:38:18', NULL, 190400, NULL),
(546, '', '53317909', '', '', 'test2', '2024-03-06 12:43:49', NULL, 190400, NULL),
(547, '', '53317909', '', '', 'test3', '2024-03-06 12:50:50', NULL, 190400, NULL),
(548, '', '53317909', '', '', 'test5', '2024-03-06 18:35:53', NULL, 190400, NULL),
(549, '', '53317909', '', '', 'test6', '2024-03-06 20:16:11', NULL, 190400, NULL),
(550, '', '53317909', '', '', 'test7', '2024-03-06 20:21:29', NULL, 190400, NULL),
(551, '', '53317909', '', '', 'test1', '2024-03-06 20:26:18', NULL, 190400, NULL),
(552, '', '53317909', '', '', 'test1', '2024-03-06 20:29:27', NULL, 190400, NULL),
(553, '', '53317909', '', '', 'test8', '2024-03-06 20:44:26', NULL, 190400, NULL),
(554, '', '53317909', '', '', 'test9', '2024-03-06 20:49:50', NULL, 190400, NULL),
(555, '', '53317909', '', '', 'test10', '2024-03-06 21:08:51', NULL, 190400, NULL),
(556, '', '53317909', '', '', 'test1', '2024-03-06 21:13:25', NULL, 190400, NULL),
(557, '', '53317909', '', '', 'test1', '2024-03-06 21:17:01', NULL, 190400, NULL),
(558, '', '53317909', '', '', 'test1', '2024-03-06 21:45:00', NULL, 190400, NULL),
(559, '', '53317909', '', '', 'test11', '2024-03-06 21:48:07', NULL, 190400, NULL),
(560, '', '53317909', '', '', 'test1', '2024-03-06 21:58:17', NULL, 190400, NULL),
(561, '', '53317909', '', '', 'test1', '2024-03-06 22:08:04', NULL, 190400, NULL),
(562, '', '53317909', '', '', 'test12', '2024-03-06 22:10:53', NULL, 190400, NULL),
(563, '', '53317909', '', '', 'test888', '2024-03-06 22:11:33', NULL, 190400, NULL),
(564, '', '53317909', '', '', 'test1', '2024-03-06 22:19:56', NULL, 190400, NULL),
(565, '', '53317909', '', '', 'test1', '2024-03-06 22:26:09', NULL, 190400, NULL),
(566, '', '53317909', '', '', 'test20', '2024-03-06 22:33:22', NULL, 190400, NULL),
(567, '', '53317909', '', '', 'test', '2024-03-07 10:55:04', NULL, 190400, NULL),
(568, '', '5069119', 'tom@hiteh.ee', '', '053apu', '2024-03-08 10:01:02', NULL, 190400, NULL),
(569, '', '5069119', 'tom@hiteh.ee', '', '469bnc', '2024-03-08 11:00:18', NULL, 190400, NULL),
(570, '', '5069119', 'tom@hiteh.ee', '', '198bxb', '2024-03-08 15:24:11', NULL, 190400, NULL),
(571, '', '5069119', 'tom@hiteh.ee', '', '189tnt', '2024-03-11 12:22:59', NULL, 190400, NULL),
(572, '', '5069119', 'tom@hiteh.ee', '', '459sdh', '2024-03-12 13:17:08', NULL, 190400, NULL),
(573, '', '5069119', 'tom@hiteh.ee', '', '170bdn', '2024-03-13 13:33:27', NULL, 190400, NULL),
(574, '', '5069119', 'tom@hiteh.ee', '', '371bkn', '2024-03-14 13:01:07', NULL, 190400, NULL),
(575, '', '5069119', 'tom@hiteh.ee', '', '550mjx', '2024-03-15 08:53:47', NULL, 190400, NULL),
(576, '', '5069119', 'tom@hiteh.ee', '', '458BLM', '2024-03-18 11:45:07', NULL, 190400, NULL),
(577, '', '5069119', 'tom@hiteh.ee', '', '826bcb', '2024-03-19 13:43:38', NULL, 190400, NULL),
(578, '', '5069119', 'tom@hiteh.ee', '', '499kcy', '2024-03-20 08:52:30', NULL, 190400, NULL),
(579, '', '5069119', 'tom@hiteh.ee', '', '961grl', '2024-03-21 09:06:58', NULL, 190400, NULL),
(580, '', '5069119', 'tom@hiteh.ee', '', '126sfd', '2024-03-21 15:06:38', NULL, 190400, NULL),
(581, '', '5069119', 'joosep@hiteh.ee', '', '678trg', '2024-03-25 14:35:38', NULL, 190400, NULL),
(582, '', '53317909', 'klampkaido@gmail.com', '', '451bdn', '2024-03-26 08:29:16', NULL, 190400, NULL),
(583, 'Kaido', '53317909', 'klampkaido@gmail.com', '', '523AAB', '2024-03-29 20:32:48', NULL, 190402, NULL),
(584, '', '53317909', 'klampkaido@gmail.com', '', '6565', '2024-03-29 20:58:08', NULL, 190402, NULL),
(585, '', '434343', '', '', '74747', '2024-04-09 16:34:05', NULL, 190400, NULL),
(586, '', '53317909', '', '', 'ttt', '2024-05-01 10:54:29', NULL, 190400, NULL),
(587, '', '32423423', '', '', 'video1', '2024-05-01 15:40:46', NULL, 190400, NULL),
(588, '', '6235659968', '', '', '7474', '2024-05-02 09:30:40', NULL, 190400, NULL),
(589, '', '34535345', '', '', '3434', '2024-05-03 07:03:46', NULL, 190400, NULL),
(590, '', '545', '', '', '5353', '2024-05-03 07:18:10', NULL, 190400, NULL),
(591, '', '9987', '', '', 'ggg2', '2024-05-03 19:02:48', NULL, 190400, NULL),
(592, '', '123', '', '', '123', '2024-05-03 20:55:37', NULL, 190400, NULL),
(593, '', '555', '', '', '222', '2024-05-03 20:57:17', NULL, 190400, NULL),
(594, '', '564556', '', '', '5151', '2024-05-04 12:46:53', NULL, 190400, NULL),
(595, '', '1111', '', '', '1111', '2024-05-07 12:34:33', NULL, 190400, NULL),
(596, '', '46546', '', '', '1234', '2024-05-07 17:33:22', NULL, 190400, NULL);

-- --------------------------------------------------------

--
-- Table structure for table `vis_devices`
--

CREATE TABLE `vis_devices` (
  `device_id` int NOT NULL,
  `deviceid` varchar(20) NOT NULL,
  `device_password` varchar(50) DEFAULT NULL,
  `device_company_id` int DEFAULT NULL,
  `device_name` varchar(10) DEFAULT NULL,
  `device_serial_number` varchar(30) DEFAULT NULL,
  `device_login_num` int NOT NULL DEFAULT '0',
  `device_registered_at` varchar(30) DEFAULT NULL,
  `device_is_allow` tinyint(1) NOT NULL DEFAULT '1'
) ENGINE=InnoDB DEFAULT CHARSET=utf8mb3;

--
-- Dumping data for table `vis_devices`
--

INSERT INTO `vis_devices` (`device_id`, `deviceid`, `device_password`, `device_company_id`, `device_name`, `device_serial_number`, `device_login_num`, `device_registered_at`, `device_is_allow`) VALUES
(8, '333', '222', 190397, 'IOS2', '444444', 98, '2020-02-08 13:02:16', 1),
(11, '111', '222', 190399, 'iphone6', '1234567', 10, '2020-06-03 21:58:26', 1),
(12, '3433', '2122', 190400, 'IP6', 'LED', 36, '2020-11-07 12:46:21', 1),
(13, '3434', '5711', 190400, 'IP6_Raul', 'LED', 6, '2021-04-06 10:00:31', 1),
(14, '22341', '34511', 190401, 'Forss1', '3467221', 14, '2021-04-20 10:17:12', 1),
(15, '45722', '63827', 190399, 'VIS4', '643321771', 3, '2021-06-24 14:03:28', 1),
(16, '9229', '2441', 190402, 'IPX6s', '34223211', 1, '2024-03-29 13:48:05', 1);

-- --------------------------------------------------------

--
-- Table structure for table `vis_videos`
--

CREATE TABLE `vis_videos` (
  `video_id` int UNSIGNED NOT NULL,
  `video_name` varchar(50) NOT NULL,
  `video_case_number` varchar(30) DEFAULT NULL,
  `video_company_id` int NOT NULL,
  `video_device_id` int DEFAULT NULL,
  `video_customer_id` int DEFAULT NULL,
  `video_tech_name` varchar(20) DEFAULT NULL,
  `video_content` varchar(255) DEFAULT NULL,
  `video_upload_time` datetime DEFAULT NULL,
  `video_update_time` datetime DEFAULT NULL,
  `video_sent_time` datetime DEFAULT NULL,
  `video_sent_second_time` datetime DEFAULT NULL,
  `sms_time` tinyint NOT NULL DEFAULT '2',
  `video_url` varchar(30) DEFAULT NULL,
  `video_serial` varchar(50) DEFAULT NULL,
  `video_customer_company` varchar(50) DEFAULT NULL,
  `video_is_show` tinyint DEFAULT '0',
  `video_uploaded` tinyint NOT NULL DEFAULT '0',
  `video_created_time` datetime DEFAULT NULL,
  `company_removed` tinyint(1) DEFAULT '0',
  `user_removed` tinyint(1) DEFAULT '0',
  `status` tinyint NOT NULL DEFAULT '0'
) ENGINE=InnoDB DEFAULT CHARSET=utf8mb3;

--
-- Dumping data for table `vis_videos`
--

INSERT INTO `vis_videos` (`video_id`, `video_name`, `video_case_number`, `video_company_id`, `video_device_id`, `video_customer_id`, `video_tech_name`, `video_content`, `video_upload_time`, `video_update_time`, `video_sent_time`, `video_sent_second_time`, `sms_time`, `video_url`, `video_serial`, `video_customer_company`, `video_is_show`, `video_uploaded`, `video_created_time`, `company_removed`, `user_removed`, `status`) VALUES
(223, '', '966MNF', 190399, 11, 211, '', NULL, '2020-06-05 09:31:11', '2020-07-09 16:49:23', '2020-06-05 09:35:04', NULL, 2, 'm8KHSrzb', '211vmnfzmi', 'Hr', 2, 3, '2020-06-05 09:28:31', 0, 0, 0),
(225, '', '966MNF', 190399, 11, 213, '', NULL, '2020-06-05 10:09:05', '2020-06-26 04:20:53', '2020-06-05 10:31:52', NULL, 0, 'a9Vl1Uez', '213vKgSMDb', '', 2, 3, '2020-06-05 10:02:57', 0, 1, 0),
(226, '', '199TJR', 190399, 11, 214, '', NULL, '2020-06-05 11:58:14', '2020-07-17 13:41:14', '2020-06-05 12:06:27', NULL, 0, 'RKhwbsyN', '214vj3pHh6', 'Test Company', 2, 3, '2020-06-05 11:35:47', 0, 0, 0),
(234, '', '123asd', 190400, 12, 227, '', NULL, '2020-11-09 14:10:32', '2021-04-29 17:57:30', '2020-11-09 14:13:21', '2021-04-29 17:57:30', 1, 'AxeUO94z', '227vGdD9aJ', '', 2, 3, '2020-11-09 14:06:54', 0, 0, 0),
(235, '', '010ioo', 190400, 12, 228, 'Raul', NULL, '2020-11-11 10:11:13', NULL, '2020-11-11 10:15:57', NULL, 0, 'CHh1BS9C', '228vyazEQ9', 'Võlg ja Nälg OÜ', 2, 3, '2020-11-11 10:07:18', 0, 0, 0),
(236, '', '769kzl', 190400, 12, 229, 'alex', NULL, '2020-11-16 18:49:33', NULL, '2020-11-16 18:50:27', '2020-11-16 18:54:50', 0, 'j7Pq0mP2', '229veEq3UH', '', 2, 3, '2020-11-16 18:46:43', 0, 0, 0),
(237, '', '767 GBS', 190400, 12, 230, 'Alex', NULL, '2020-11-19 12:54:03', NULL, '2020-11-19 12:56:53', NULL, 2, '78fmAlLu', '230vsCXtWl', '', 2, 3, '2020-11-19 12:43:44', 0, 0, 0),
(238, '', '64 ZDI', 190400, 12, 231, 'Alex', NULL, '2020-11-19 14:27:27', '2020-11-23 14:45:19', '2020-11-19 14:32:42', '2020-11-19 14:38:06', 2, 'RmWaFvCy', '231v2iqWvO', '', 2, 3, '2020-11-19 14:22:52', 0, 0, 0),
(239, '', '282 MLJ', 190400, 12, 232, 'Alex', NULL, '2020-11-23 14:47:21', NULL, '2020-11-23 14:51:22', NULL, 2, 'mwPLcjTD', '232vLIKKWQ', '', 2, 3, '2020-11-23 14:41:34', 0, 0, 0),
(241, '', '282 MLJ', 190400, 12, 234, 'Alex', NULL, '2021-02-10 09:13:37', '2021-02-10 09:15:36', '2021-02-10 09:15:36', NULL, 2, 'RKDCJ539', '234vxnxjMT', '', 2, 3, '2020-11-24 11:48:22', 0, 0, 0),
(242, '', '64ZDI', 190400, 12, 235, 'Alex', NULL, '2020-11-24 11:58:22', NULL, '2020-11-24 19:13:14', NULL, 2, 'mh8OhA7D', '235vegKCRQ', '', 2, 3, '2020-11-24 11:49:19', 0, 0, 0),
(244, '', '282BFL', 190400, 12, 237, 'Alex', NULL, '2020-11-26 12:25:05', '2020-11-27 12:28:55', '2020-11-26 12:35:08', NULL, 0, 'a6tGPImg', '237vSPt8JG', '', 2, 3, '2020-11-26 11:59:45', 0, 1, 0),
(245, '', '420BYR', 190400, 12, 238, 'Alex', NULL, '2020-11-30 13:32:04', NULL, '2020-11-30 13:32:12', '2021-01-25 12:35:51', 0, 'VKUjCYLo', '238vteHHQA', '', 2, 3, '2020-11-30 13:23:44', 0, 0, 0),
(246, '', '667 BXR', 190400, 12, 239, 'Alex', NULL, '2021-01-08 11:17:55', '2021-02-01 08:33:34', '2021-01-08 11:23:48', '2021-02-01 08:33:34', 2, 'SMhCVEtf', '239vQtpsiq', '', 2, 3, '2021-01-08 11:14:41', 0, 0, 0),
(247, '', '643 BSF', 190400, 12, 240, 'Aleks', NULL, '2021-01-28 09:16:12', '2021-02-02 17:55:19', '2021-01-28 09:23:33', '2021-02-02 17:55:19', 0, 'bKIQbA7c', '240vq5Iaod', '', 2, 3, '2021-01-28 09:11:41', 0, 0, 0),
(249, '', '206 BYL', 190400, 12, 242, 'Raul', NULL, '2021-02-02 18:02:30', '2021-02-02 18:27:25', '2021-02-02 18:27:25', NULL, 2, 'qQkXOFla', '242vfm058f', '', 2, 3, '2021-02-02 17:54:37', 0, 0, 0),
(250, '', '895BTD', 190400, 12, 243, 'Aleks', NULL, '2021-02-09 13:37:22', '2021-02-09 14:25:41', '2021-02-09 14:24:59', '2021-02-09 14:25:41', 0, 'slk9FjoX', '243v9jhyJK', '', 2, 3, '2021-02-09 13:31:57', 0, 0, 0),
(251, '', '777COM', 190400, 12, 244, 'Raul', NULL, '2021-02-09 16:02:32', '2021-02-09 16:09:08', '2021-02-09 16:08:51', '2021-02-09 16:09:08', 1, 'zPwmOkpl', '244vNJe67d', '', 2, 3, '2021-02-09 15:52:12', 0, 0, 0),
(252, '', '073MNP', 190400, 12, 245, 'Aleks', NULL, '2021-02-19 13:03:41', '2021-02-19 13:07:31', '2021-02-19 13:07:03', '2021-02-19 13:07:31', 0, 'mu0mjCc3', '245vfW2lOF', '', 2, 3, '2021-02-19 13:01:10', 0, 0, 0),
(253, '', 'exp', 190400, 12, 246, 'Raul', NULL, '2021-02-21 16:58:46', '2021-02-22 08:03:01', '2021-02-22 08:03:01', NULL, 1, 'ywVhjjhy', '246vpaJtkV', '', 2, 3, '2021-02-21 16:52:53', 0, 0, 1),
(254, '', '488MJY', 190400, 12, 247, 'Aleks', NULL, '2021-02-26 09:13:23', '2021-02-26 09:23:40', '2021-02-26 09:22:37', '2021-02-26 09:23:40', 0, 'XhcS62yn', '247voJwEzj', '', 2, 3, '2021-02-26 08:40:46', 0, 0, 0),
(255, '', '025 TGZ', 190400, 12, 248, 'Alex', NULL, '2021-03-04 09:51:31', '2021-03-04 09:54:42', '2021-03-04 09:53:27', '2021-03-04 09:54:42', 0, 'thgal6VL', '248vPKCw4c', '', 2, 3, '2021-03-04 09:46:09', 0, 0, 0),
(256, '', '961 BTB', 190400, 12, 249, 'Aleks', NULL, '2021-03-05 13:31:03', '2021-03-05 13:41:32', '2021-03-05 13:41:32', NULL, 1, 'nSWDQKRF', '249vJaEVPu', '', 2, 3, '2021-03-05 13:26:23', 0, 0, 0),
(257, '', '961BTB ', 190400, 12, 250, 'Aleks', NULL, '2021-03-05 13:38:03', '2021-03-05 13:41:47', '2021-03-05 13:41:47', NULL, 1, 'DMzy9vRP', '250vwhYU4n', '', 2, 3, '2021-03-05 13:32:23', 0, 0, 0),
(258, '', '242MHC', 190400, 12, 251, 'Raul', NULL, '2021-03-18 11:09:27', '2021-03-18 11:35:18', '2021-03-18 11:16:13', '2021-03-18 11:35:18', 1, '1LdwkRVd', '251vY0k9YD', '', 2, 3, '2021-03-18 11:05:29', 0, 0, 0),
(259, '', 'TURVA 1', 190400, 12, 252, 'Raul', NULL, '2021-03-18 11:20:16', '2021-03-18 11:35:38', '2021-03-18 11:35:38', NULL, 1, 'NpUtMuMo', '252vqmiYqs', '', 2, 3, '2021-03-18 11:10:27', 0, 0, 0),
(260, '', 'TURVA 2', 190400, 12, 253, 'Raul', NULL, '2021-03-18 13:33:32', '2021-03-18 13:37:37', '2021-03-18 13:37:37', NULL, 1, 'U6HRz2ll', '253vkddn6w', '', 2, 3, '2021-03-18 13:26:24', 0, 0, 0),
(261, '', 'TURVA 3', 190400, 12, 254, 'Raul', NULL, '2021-03-18 15:05:51', '2021-03-18 15:10:22', '2021-03-18 15:10:22', NULL, 1, 'HAfe05bi', '254vZokOzn', '', 2, 3, '2021-03-18 14:57:42', 0, 0, 0),
(262, '', '239AOU', 190400, 12, 255, 'Alex', NULL, '2021-03-21 13:42:20', '2021-03-21 13:48:44', '2021-03-21 13:48:44', NULL, 1, 'OtXDLvbC', '255vervQiD', '', 2, 3, '2021-03-21 12:55:00', 0, 0, 0),
(264, '', '614TMH', 190399, 11, 257, '', NULL, '2021-04-11 10:07:34', '2021-04-11 10:14:46', '2021-04-11 10:14:46', NULL, 1, 'wkfElcVN', '257vHmB3vI', 'Test Company', 2, 3, '2021-04-11 10:01:53', 0, 0, 1),
(265, '', '614TMH', 190399, 11, 258, '', NULL, NULL, NULL, NULL, NULL, 2, NULL, '258vdu6BM9', '', 0, 0, '2021-04-11 10:16:01', 0, 0, 0),
(266, '', '120MRJ', 190400, 13, 259, 'Kristjan', NULL, '2021-04-14 13:30:37', '2021-04-16 07:39:12', '2021-04-16 07:39:12', NULL, 1, '0XT7MHq5', '259vV5ds7I', '', 2, 3, '2021-04-14 13:22:47', 0, 0, 0),
(267, '', '120MRJ', 190400, 13, 260, 'Kristjan', NULL, '2021-04-16 08:11:27', '2021-04-16 08:29:23', '2021-04-16 08:29:23', NULL, 1, 'uECKQXax', '260vuS2iZR', '', 2, 3, '2021-04-16 08:00:24', 0, 0, 0),
(268, '', 'IAM1', 190400, 13, 261, 'Kristjan', NULL, '2021-04-16 11:06:19', '2021-04-29 17:37:58', '2021-04-16 11:15:24', '2021-04-29 17:37:58', 1, '5Aq103Tt', '261vwRjuPz', 'Hiteh', 2, 3, '2021-04-16 09:00:36', 0, 0, 0),
(269, '', '724BBL', 190400, 13, 262, 'Kristjan', NULL, '2021-04-19 14:10:23', '2021-04-28 03:34:54', '2021-04-28 03:34:54', NULL, 1, 'BqUdHEcd', '262vyzp7Lj', 'Hiteh', 2, 3, '2021-04-19 14:01:41', 0, 0, 0),
(274, '', '123ABC', 190401, 14, 267, '', NULL, '2021-04-26 14:57:34', '2021-10-21 12:58:00', '2021-04-26 15:01:43', '2021-10-21 12:58:00', 0, 'P3qvWnT0', '267vWLVmcu', '', 2, 3, '2021-04-26 14:53:20', 0, 0, 1),
(275, '', '27 ZNK', 190400, 12, 268, 'Alex', NULL, '2021-04-28 17:13:36', '2021-04-29 16:24:31', '2021-04-28 17:22:52', '2021-04-29 16:24:31', 0, 'pLCNIYRW', '268vREbxT0', '', 2, 3, '2021-04-28 17:06:41', 0, 0, 0),
(276, '', '27 ZNK (2)', 190400, 12, 269, 'Alex', NULL, '2021-04-28 17:19:24', '2021-04-29 16:25:02', '2021-04-28 17:25:41', '2021-04-29 16:25:02', 0, 'X2OusAfd', '269vi51CZi', '', 2, 3, '2021-04-28 17:14:03', 0, 0, 0),
(279, '', '948WDS', 190400, 12, 272, 'Raul', NULL, '2021-05-18 11:18:31', '2021-05-18 11:24:28', '2021-05-18 11:24:28', NULL, 2, 'mVfkGkHc', '272vbI8wI9', '', 2, 3, '2021-05-18 11:14:28', 0, 0, 1),
(280, '', '555bnw', 190400, 12, 273, 'Alex', NULL, '2021-05-25 11:23:52', '2021-06-11 16:27:42', '2021-05-25 11:26:05', '2021-06-11 16:27:42', 1, 'YS0d69hU', '273vBIesrL', '', 2, 3, '2021-05-25 09:03:50', 0, 0, 0),
(283, '', '158mlx', 190400, 12, 276, 'Raul', NULL, '2021-07-27 12:20:53', '2021-07-27 12:26:52', '2021-07-27 12:26:52', NULL, 1, 'PKaTkZ0X', '276vw0ScC7', '', 2, 3, '2021-07-27 12:17:54', 0, 0, 0),
(284, '', '004BLC', 190400, 12, 277, 'Aleks', NULL, '2021-08-05 08:47:28', '2021-08-05 09:27:52', '2021-08-05 09:27:52', NULL, 1, 'FbaTU9I1', '277vI4Mgy8', '', 2, 3, '2021-08-05 08:28:13', 0, 0, 0),
(285, '', '198KDY', 190400, 12, 278, 'Maerut', NULL, '2021-08-19 16:39:11', '2021-08-19 16:43:01', '2021-08-19 16:43:01', NULL, 1, 'gUoKsVqv', '278vd3mI3j', '', 2, 3, '2021-08-19 16:37:47', 0, 0, 0),
(286, '', '097BGB', 190400, 12, 279, 'Maerut', NULL, '2021-08-26 09:36:14', '2021-08-26 09:39:24', '2021-08-26 09:38:53', '2021-08-26 09:39:24', 0, 'ZUUYVfTy', '279vCGXtDM', '', 2, 3, '2021-08-26 09:33:57', 0, 0, 0),
(288, '', '426 SKY', 190400, 12, 281, 'maerut', NULL, '2021-09-15 10:59:38', '2021-09-16 10:59:25', '2021-09-16 10:59:25', NULL, 1, 'ZvvLIlgp', '281v6evR9Q', '', 2, 3, '2021-09-15 10:56:36', 0, 0, 1),
(289, '', '341MJP', 190400, 12, 282, 'Aleks', NULL, '2021-09-15 15:12:37', '2021-09-15 15:15:33', '2021-09-15 15:15:33', NULL, 1, '3Oz2iIra', '282vdvJ7Ro', '', 2, 3, '2021-09-15 15:10:56', 0, 0, 0),
(290, '', '537FHL', 190400, 12, 283, 'Raul', NULL, '2021-09-16 12:01:08', '2021-09-16 16:02:43', '2021-09-16 16:02:43', NULL, 1, 'XpTL6VlC', '283vX34udC', '', 2, 3, '2021-09-16 11:00:27', 0, 0, 0),
(291, '', '888bdy', 190400, 12, 284, 'Aleks', NULL, '2021-09-20 14:36:08', '2021-09-20 14:39:26', '2021-09-20 14:39:26', NULL, 1, 'Q0795xSB', '284vAK2T55', '', 2, 3, '2021-09-20 14:33:23', 0, 0, 0),
(292, '', '888 BDY', 190400, 12, 285, 'Joosep', NULL, '2021-09-21 09:33:37', '2021-09-21 09:36:31', '2021-09-21 09:36:31', NULL, 1, 'UJwgWk2I', '285vthEKFp', '', 2, 3, '2021-09-21 09:30:43', 0, 0, 0),
(293, '', '341 MJP', 190400, 12, 286, 'Aleks', NULL, '2021-09-21 15:07:18', '2021-09-21 15:33:15', '2021-09-21 15:33:15', NULL, 1, 'lBwk8AXV', '286vPTkGnf', '', 2, 3, '2021-09-21 14:57:09', 0, 0, 0),
(294, '', '125mej', 190400, 12, 287, 'Alex', NULL, '2021-09-30 20:10:29', '2021-09-30 20:15:16', '2021-09-30 20:15:16', NULL, 1, 'Qpu5EnUQ', '287vnsSv7W', '', 2, 3, '2021-09-30 20:08:17', 0, 0, 0),
(295, '', '123', 190401, 11, 288, '', NULL, '2022-09-04 16:06:39', NULL, NULL, NULL, 2, 'kXnI5TQn', '288vDuXXqv', '', 1, 3, '2021-10-15 15:24:39', 0, 0, 0),
(296, '', '123ASD', 190401, 14, 289, '', NULL, '2022-07-14 10:40:33', NULL, NULL, NULL, 2, 'yR6Ssg9W', '289v4r1MRn', '', 1, 3, '2021-10-15 15:25:35', 0, 0, 0),
(297, '', '528bsh', 190400, 12, 290, 'Aleks', NULL, '2021-10-21 08:40:06', '2021-10-22 12:12:46', '2021-10-21 09:01:36', '2021-10-22 12:12:46', 1, 'xlSK1dpZ', '290voZUQMZ', '', 2, 3, '2021-10-21 08:31:30', 0, 0, 1),
(298, '', '444mom', 190400, 12, 291, 'Aleks', NULL, '2021-11-18 15:10:10', '2021-11-18 15:42:51', '2021-11-18 15:42:51', NULL, 1, 'Y6DDTejT', '291vFChQoU', '', 2, 3, '2021-11-18 14:57:44', 0, 0, 0),
(300, '', 'A111', 190401, 14, 293, '', NULL, '2022-07-13 15:24:04', NULL, NULL, NULL, 2, 'we3tKijO', '293vncxmZU', '', 1, 3, '2021-11-24 10:49:21', 0, 0, 0),
(302, '', '360mgj', 190400, 12, 295, 'Aleks', NULL, '2022-02-17 13:01:29', '2022-02-17 13:06:35', '2022-02-17 13:06:35', NULL, 1, 'oiRnVkTs', '295vCspbOa', '', 2, 3, '2022-02-17 12:53:36', 0, 0, 0),
(303, '', '684bjn', 190400, 12, 296, 'Aleks', NULL, '2022-02-18 14:35:44', '2022-02-18 14:43:04', '2022-02-18 14:42:39', '2022-02-18 14:43:04', 1, 'nnE78guG', '296vhsiqKA', '', 2, 3, '2022-02-18 14:29:16', 0, 0, 0),
(304, '', '445ttm', 190400, 12, 297, 'Aleks', NULL, '2022-02-19 17:31:03', '2022-02-19 17:36:11', '2022-02-19 17:36:11', NULL, 1, '3t1IEfbU', '297vchZti7', '', 2, 3, '2022-02-19 17:27:31', 0, 0, 0),
(305, '', '558fky', 190400, 12, 298, 'Mart', NULL, '2022-02-23 09:09:23', '2022-02-23 09:28:40', '2022-02-23 09:28:06', '2022-02-23 09:28:40', 1, 'wTNTluK1', '298vrH0WSe', '', 2, 3, '2022-02-23 09:02:48', 0, 0, 0),
(306, '', '063btf', 190400, 12, 299, 'Aleks', NULL, '2022-02-28 14:39:19', '2022-02-28 14:48:50', '2022-02-28 14:48:50', NULL, 2, 'IwzIkgg6', '299vRWYIkm', '', 2, 3, '2022-02-28 14:35:04', 0, 0, 0),
(307, '', '773ccg', 190400, 12, 300, 'Aleks', NULL, '2022-03-15 13:47:07', '2022-03-15 13:49:18', '2022-03-15 13:49:18', NULL, 1, 'mtCVtFJm', '300vCNHnKR', '', 2, 3, '2022-03-14 13:36:16', 0, 0, 0),
(308, '', '521rpx', 190400, 12, 301, 'Aleks', NULL, '2022-03-15 13:57:41', '2022-03-15 15:53:06', '2022-03-15 14:26:43', '2022-03-15 15:53:06', 0, 'D7cGfwU9', '301vPlPZKD', '', 2, 3, '2022-03-15 13:46:52', 0, 0, 0),
(309, '', '908bpk', 190400, 12, 302, 'Mart', NULL, '2022-03-15 15:02:33', '2022-03-15 15:06:12', '2022-03-15 15:06:12', NULL, 1, 'l08iO2js', '302vPVbHvU', '', 2, 3, '2022-03-15 14:57:13', 0, 0, 0),
(310, '', '685ljb', 190400, 12, 303, 'Aleks', NULL, '2022-03-15 15:11:55', '2022-03-15 15:15:52', '2022-03-15 15:15:52', NULL, 1, 'vGz5Z4IK', '303vJEA5nN', '', 2, 3, '2022-03-15 15:07:15', 0, 0, 0),
(311, '', '362nrj', 190400, 12, 304, 'Aleks', NULL, '2022-03-16 14:14:02', '2022-03-16 15:02:28', '2022-03-16 15:01:45', '2022-03-16 15:02:28', 1, 'wdGF80pU', '304veaKzpE', '', 2, 3, '2022-03-16 14:09:51', 0, 0, 0),
(312, '', '362nrj 2', 190400, 12, 305, 'Aleks', NULL, '2022-03-16 14:17:47', '2022-03-16 15:02:53', '2022-03-16 15:01:29', '2022-03-16 15:02:53', 1, 'bdRAZiG7', '305vOUB1cu', '', 2, 3, '2022-03-16 14:14:32', 0, 0, 0),
(313, '', '675BBL', 190400, 12, 306, 'Mart', NULL, '2022-03-18 10:17:56', '2022-03-18 10:22:19', '2022-03-18 10:22:19', NULL, 2, 'jst3vZ4A', '306vwfLh7u', '', 2, 3, '2022-03-18 10:13:06', 0, 0, 1),
(314, '', 'A 320', 190400, 12, 307, 'Aleks', NULL, '2022-03-23 11:13:29', '2022-03-23 11:31:44', '2022-03-23 11:31:44', NULL, 1, 'WJ0SWfnq', '307vAp9McG', '', 2, 3, '2022-03-23 11:10:41', 0, 0, 0),
(315, '', 'A 305', 190400, 12, 308, 'Aleks', NULL, '2022-03-24 13:22:48', '2022-03-24 13:53:21', '2022-03-24 13:53:21', NULL, 1, 'DHbPWDP9', '308vVs3AlB', '', 2, 3, '2022-03-24 13:17:14', 0, 0, 0),
(316, '', '377bhj', 190400, 12, 309, 'Aleks', NULL, '2022-03-28 15:26:59', '2022-03-28 16:13:43', '2022-03-28 16:13:15', '2022-03-28 16:13:43', 1, 'dpVKYRkC', '309vReALvv', '', 2, 3, '2022-03-28 15:24:25', 0, 0, 0),
(317, '', '025bpm', 190400, 12, 310, 'Aleks', NULL, '2022-03-29 08:46:25', '2022-03-29 08:54:04', '2022-03-29 08:54:04', NULL, 1, '7VIrfism', '310vRlfTLu', '', 2, 3, '2022-03-29 08:42:55', 0, 0, 0),
(318, '', '100asu', 190400, 12, 311, 'Mart', NULL, '2022-03-29 12:15:23', '2022-03-29 12:24:24', '2022-03-29 12:24:24', NULL, 2, 'jmaPqsQg', '311vna5ven', '', 2, 3, '2022-03-29 12:08:45', 0, 0, 0),
(319, '', 'Raul EXP', 190400, 12, 312, 'Raul', NULL, '2022-03-30 17:33:05', '2022-03-30 17:35:51', '2022-03-30 17:35:51', NULL, 1, '6hmJdiic', '312vmHO90G', '', 2, 3, '2022-03-30 17:30:55', 0, 0, 0),
(320, '', '641bvy', 190400, 12, 313, 'Mart', NULL, '2022-03-31 15:08:32', '2022-03-31 15:25:42', '2022-03-31 15:25:42', NULL, 1, 'H28QdUvH', '313viG495J', '', 2, 3, '2022-03-31 15:05:05', 0, 0, 0),
(321, '', '111gmt', 190400, 12, 314, 'Raul', NULL, '2022-03-31 16:19:51', '2022-03-31 16:43:13', '2022-03-31 16:43:13', NULL, 1, 'PHLEMKnp', '314vpSHZEU', '', 2, 3, '2022-03-31 16:07:12', 0, 0, 0),
(322, '', '652bmg', 190400, 12, 315, 'Aleks', NULL, '2022-04-04 12:36:49', '2022-04-04 12:39:35', '2022-04-04 12:39:35', NULL, 2, '6naehhX7', '315vT9taqu', '', 2, 3, '2022-04-04 12:32:45', 0, 0, 0),
(323, '', '322mll', 190400, 12, 316, 'Mart', NULL, '2022-04-05 14:37:34', '2022-04-05 14:44:31', '2022-04-05 14:43:28', '2022-04-05 14:44:31', 0, 'DL0bwbVV', '316vB89rAc', '', 2, 3, '2022-04-05 14:23:48', 0, 0, 0),
(324, '', '105bxx 1', 190400, 12, 317, 'Aleks', NULL, '2022-04-08 09:24:03', '2022-04-08 10:07:35', '2022-04-08 10:07:35', NULL, 2, 'Yx866e1t', '317v68rque', '', 2, 3, '2022-04-08 09:19:08', 0, 0, 0),
(325, '', '105bxx 2', 190400, 12, 318, 'Aleks', NULL, '2022-04-08 09:27:41', '2022-04-08 10:07:46', '2022-04-08 10:07:46', NULL, 2, 'KBrwjtag', '318v6NPNLh', '', 2, 3, '2022-04-08 09:19:36', 0, 0, 0),
(326, '', '105bxx 3', 190400, 12, 319, 'Aleks', NULL, '2022-04-08 09:29:46', '2022-04-08 10:07:24', '2022-04-08 10:07:24', NULL, 2, 'xKDJeftC', '319vteuF7r', '', 2, 3, '2022-04-08 09:19:53', 0, 0, 0),
(327, '', '105bxx 4', 190400, 12, 320, 'Aleks', NULL, '2022-04-08 09:32:09', '2022-04-08 10:07:14', '2022-04-08 10:07:14', NULL, 2, '2Oy1nDLm', '320v3cx7bi', '', 2, 3, '2022-04-08 09:20:12', 0, 0, 0),
(328, '', '377bpf', 190400, 12, 321, 'Aleks', NULL, '2022-04-08 14:15:58', '2022-04-08 14:24:33', '2022-04-08 14:24:33', NULL, 2, 'YOiUVQvR', '321vyS7jvI', '', 2, 3, '2022-04-08 14:02:34', 0, 0, 0),
(329, '', '377bpf 1', 190400, 12, 322, 'Aleks', NULL, '2022-04-08 14:24:22', '2022-04-08 14:26:26', '2022-04-08 14:26:26', NULL, 2, 'BlYqEU9e', '322vH8LzJk', '', 2, 3, '2022-04-08 14:15:50', 0, 0, 0),
(331, '', '454nvm', 190400, 12, 324, 'Aleks', NULL, '2022-04-18 08:45:59', '2022-04-18 08:48:34', '2022-04-18 08:48:11', '2022-04-18 08:48:34', 2, 'JQG3fy3m', '324vLXlrPi', '', 2, 3, '2022-04-18 08:42:45', 0, 0, 0),
(332, '', '909bhd', 190400, 12, 325, 'Aleks', NULL, '2022-04-20 08:27:57', '2022-04-20 08:37:30', '2022-04-20 08:37:30', NULL, 2, 'hkQ8FSoI', '325vLyiHMM', '', 2, 3, '2022-04-20 08:25:21', 0, 0, 0),
(333, '', 'LMI-425', 190400, 12, 326, 'Aleks', NULL, '2022-04-21 14:55:07', '2022-04-21 15:03:21', '2022-04-21 15:02:16', '2022-04-21 15:03:21', 0, 'XkJOHXPv', '326vo3PSzC', '', 2, 3, '2022-04-21 14:45:12', 0, 0, 0),
(334, '', '111', 190400, 13, 327, '', NULL, '2022-04-25 13:30:29', '2022-04-25 13:36:22', NULL, NULL, 2, 'ECnoxIOr', '327vjqmfYH', '', 2, 3, '2022-04-25 13:27:59', 0, 0, 1),
(335, '', '575BRK', 190400, 13, 328, '', NULL, '2022-04-26 10:27:23', '2022-04-26 10:30:41', NULL, NULL, 2, 'Ed9DRMB5', '328vGzSQlI', '', 2, 3, '2022-04-26 10:24:43', 0, 0, 1),
(336, '', '324bmh', 190400, 12, 329, 'Aleks', NULL, '2022-04-26 15:23:22', '2022-04-26 15:41:13', '2022-04-26 15:41:13', NULL, 1, 'wvvj3xL9', '329vv7PbIb', '', 2, 3, '2022-04-26 15:15:10', 0, 0, 0),
(337, '', '989mfr', 190400, 12, 330, 'Mart', NULL, '2022-04-26 15:55:39', '2022-04-26 15:57:45', '2022-04-26 15:57:45', NULL, 2, 'RZ8hSVNr', '330vu0Iqx5', '', 2, 3, '2022-04-26 15:45:53', 0, 0, 0),
(338, '', '727tgm', 190400, 12, 331, 'Aleks', NULL, '2022-04-28 15:49:25', '2022-04-28 16:12:07', '2022-04-28 16:11:19', '2022-04-28 16:12:07', 1, 'OjuVveEQ', '331vk2qz2s', '', 2, 3, '2022-04-28 15:47:21', 0, 0, 0),
(339, '', '531rgk', 190400, 12, 332, 'Aleks', NULL, '2022-05-04 11:03:33', '2022-05-04 11:04:15', '2022-05-04 11:04:15', NULL, 2, 'Mblp0KqL', '332v4hoZXN', '', 2, 3, '2022-05-04 10:53:49', 0, 0, 0),
(340, '', '976bat', 190400, 12, 333, 'Aleks', NULL, '2022-05-04 14:09:39', '2022-06-03 12:29:16', '2022-05-04 14:11:53', '2022-06-03 12:29:16', 0, 'eScJNnKt', '333vRr1u8C', '', 2, 3, '2022-05-04 14:06:36', 0, 0, 0),
(341, '', '198bxb', 190400, 12, 334, 'Aleks', NULL, '2022-06-07 16:07:51', '2022-06-07 16:10:40', '2022-06-07 16:10:05', '2022-06-07 16:10:40', 1, 'N2jtuJeq', '334vRcgMc7', '', 2, 3, '2022-06-07 15:13:49', 0, 0, 0),
(342, '', '959mhd', 190400, 12, 335, 'Aleks', NULL, '2022-06-08 09:10:04', '2022-06-08 09:10:47', '2022-06-08 09:10:22', '2022-06-08 09:10:47', 1, 'FtXndlol', '335vdIXE4L', '', 2, 3, '2022-06-08 08:56:46', 0, 0, 0),
(343, '', 'TEST1', 190401, 14, 336, '', NULL, '2022-07-13 12:39:10', NULL, NULL, NULL, 2, '535FxQVO', '336vGqG5c6', '', 1, 3, '2022-07-13 12:37:51', 0, 0, 0),
(345, '', 'test2', 190399, 12, 338, '', NULL, '2024-03-06 12:45:06', NULL, NULL, NULL, 2, 'lcQDjpw3', '338vy2wjkP', '', 0, 2, '2022-08-05 12:53:41', 0, 0, 0),
(346, '', 'test3', 190399, 12, 339, '', NULL, '2024-03-06 12:52:10', NULL, NULL, NULL, 2, 'BZxg40kP', '339viKydag', '', 0, 2, '2022-08-05 13:30:36', 0, 0, 0),
(347, '', 'test4', 190399, 11, 340, '', NULL, NULL, NULL, NULL, NULL, 2, NULL, '340vHMZJ2t', '', 0, 0, '2022-08-05 13:40:58', 0, 0, 0),
(348, '', 'test5', 190399, 12, 341, '', NULL, '2024-03-06 18:41:34', NULL, NULL, NULL, 2, 'gBEqXYYA', '341vN3tpUF', '', 0, 2, '2022-08-05 13:48:43', 0, 0, 0),
(350, '', '222', 190399, 11, 343, '', NULL, '2022-09-04 16:04:40', '2022-09-04 16:12:51', '2022-09-04 16:12:51', NULL, 1, 'qmhYSUl9', '343vtss6Kd', '', 2, 3, '2022-09-04 16:03:28', 0, 0, 1),
(352, '', 'a123', 190401, 14, 345, '', NULL, '2022-12-17 12:35:29', NULL, NULL, NULL, 2, 'cypjGWno', '345vgCZQL2', '', 1, 3, '2022-12-17 12:33:18', 0, 0, 0),
(353, '', 'ggg1', 190401, 14, 346, '', NULL, '2022-12-17 12:43:01', NULL, NULL, NULL, 2, 'LOvZWAYh', '346vzv8hX4', '', 1, 3, '2022-12-17 12:42:09', 0, 0, 0),
(356, '', '867bjm', 190400, 13, 349, 'Aleks', NULL, '2023-02-15 10:58:49', '2023-02-15 11:00:12', '2023-02-15 11:00:12', NULL, 2, '12z2ilPh', '349vdGpdBG', '', 2, 3, '2023-02-15 10:53:12', 0, 0, 0),
(357, '', '703bvh', 190400, 13, 350, 'Aleks', NULL, '2023-02-16 10:26:28', '2023-02-16 10:30:01', '2023-02-16 10:29:38', '2023-02-16 10:30:01', 1, 'aYILrIs2', '350voSKnhU', '', 2, 3, '2023-02-16 10:19:46', 0, 0, 0),
(358, '', '090bfc', 190400, 13, 351, 'Aleks', NULL, '2023-02-17 14:07:53', '2023-02-17 14:40:01', '2023-02-17 14:40:01', NULL, 1, '1xDAcdM5', '351vOk0BPE', '', 2, 3, '2023-02-17 13:59:18', 0, 0, 0),
(359, '', '464BRF', 190400, 13, 352, 'Raul', NULL, '2023-02-17 16:39:39', '2023-02-18 12:04:28', '2023-02-18 12:04:28', NULL, 2, 'neocKUny', '352vDxwHIs', '', 2, 3, '2023-02-17 16:20:34', 0, 0, 0),
(360, '', '133mhl', 190400, 13, 353, 'Aleks', NULL, '2023-02-20 09:01:41', '2023-02-20 09:06:48', '2023-02-20 09:06:48', NULL, 1, 'FlkV2GsE', '353vx9iOvS', '', 2, 3, '2023-02-20 08:57:20', 0, 0, 0),
(361, '', '101jrm', 190400, 13, 354, 'henrico', NULL, '2023-02-20 11:04:09', '2023-02-20 11:04:45', '2023-02-20 11:04:45', NULL, 2, 'YLdPPA68', '354v3wMlsS', '', 2, 3, '2023-02-20 10:05:45', 0, 0, 0),
(362, '', '204MJS', 190400, 13, 355, '', NULL, '2023-02-21 13:40:48', '2023-02-21 13:41:42', '2023-02-21 13:41:42', NULL, 1, 'rA4AmXGc', '355vJJ5izj', '', 2, 3, '2023-02-21 13:38:07', 0, 0, 0),
(363, '', '130mrp', 190400, 13, 356, 'Aleks', NULL, '2023-02-22 13:54:20', '2023-02-22 13:55:43', '2023-02-22 13:55:43', NULL, 1, 'TLKTFkps', '356vV6eQGs', '', 2, 3, '2023-02-22 13:48:35', 0, 0, 0),
(364, '', '321bmr', 190400, 13, 357, '', NULL, '2023-02-22 15:42:34', '2023-02-22 15:44:30', '2023-02-22 15:44:30', NULL, 1, 'cNm2vflC', '357vZOZjXy', '', 2, 3, '2023-02-22 15:40:06', 0, 0, 0),
(365, '', '042BRY', 190400, 13, 358, 'Mart', NULL, '2023-02-28 13:50:49', '2023-02-28 13:54:35', '2023-02-28 13:54:35', NULL, 2, 'mHL1XEh4', '358vElPJsV', '', 2, 3, '2023-02-28 13:47:32', 0, 0, 0),
(366, '', 'AR 8485', 190400, 13, 359, 'Mart', NULL, '2023-03-01 09:01:31', '2023-03-01 09:03:09', '2023-03-01 09:03:09', NULL, 1, '9yMIzc0G', '359vbgWpFE', '', 2, 3, '2023-03-01 08:56:00', 0, 0, 0),
(367, '', '392MRJ', 190400, 13, 360, 'Mart', NULL, '2023-03-02 11:53:07', '2023-03-02 11:54:12', '2023-03-02 11:54:12', NULL, 1, 'Ml7XWkx1', '360vtAQkMg', '', 2, 3, '2023-03-02 11:48:32', 0, 0, 0),
(368, '', '170bls', 190400, 13, 361, 'Aleks', NULL, '2023-03-03 08:43:11', '2023-03-03 08:48:00', '2023-03-03 08:46:52', '2023-03-03 08:48:00', 1, 't0CmeU2J', '361vaiKXkV', '', 2, 3, '2023-03-03 08:39:13', 0, 0, 0),
(369, '', '714GWG', 190400, 13, 362, 'Mart', NULL, '2023-03-03 09:51:50', '2023-03-03 09:54:30', '2023-03-03 09:54:30', NULL, 1, 'sFX3RrsV', '362vr2dFOM', '', 2, 3, '2023-03-03 09:45:45', 0, 0, 0),
(370, '', '632AVZ', 190400, 13, 363, 'Mart', NULL, '2023-03-07 10:56:59', '2023-03-07 10:59:23', '2023-03-07 10:59:23', NULL, 1, 'TlYi86dR', '363vM2qt2Y', '', 2, 3, '2023-03-07 10:52:24', 0, 0, 0),
(371, '', '555bby', 190400, 13, 364, 'Aleks', NULL, '2023-03-07 15:24:42', '2023-03-07 15:28:29', '2023-03-07 15:28:29', NULL, 1, 'kVbXtN1b', '364vHjYO29', '', 2, 3, '2023-03-07 15:20:14', 0, 0, 0),
(372, '', '040BPY', 190400, 13, 365, 'Mart', NULL, '2023-03-08 11:43:24', '2023-03-08 11:46:43', '2023-03-08 11:46:43', NULL, 1, 'Q1cqWqOI', '365vPCFfyJ', '', 2, 3, '2023-03-08 11:40:22', 0, 0, 0),
(373, '', '034mfd', 190400, 13, 366, 'Aleks', NULL, '2023-03-08 12:20:01', '2023-03-08 12:45:09', '2023-03-08 12:40:07', '2023-03-08 12:45:09', 1, 'jnfkKsKf', '366vjKbwks', '', 2, 3, '2023-03-08 11:48:08', 0, 0, 0),
(374, '', '555MFN', 190400, 13, 367, 'Mart', NULL, '2023-03-09 11:10:32', '2023-03-09 11:12:22', '2023-03-09 11:12:22', NULL, 1, 'bufaJ3EQ', '367vV7eqK7', '', 2, 3, '2023-03-09 11:05:58', 0, 0, 0),
(375, '', '585bfm', 190400, 13, 368, 'Aleks', NULL, '2023-03-09 16:10:04', '2023-03-09 17:56:01', '2023-03-09 16:11:38', '2023-03-09 17:56:01', 1, 'wNAtVnDv', '368vjbchoA', '', 2, 3, '2023-03-09 16:07:41', 0, 0, 0),
(376, '', '826bhl', 190400, 13, 369, 'Aleks', NULL, '2023-03-10 10:29:27', '2023-03-10 10:33:52', '2023-03-10 10:33:52', NULL, 1, 'djzojpCQ', '369vWZ4sfC', '', 2, 3, '2023-03-10 10:23:50', 0, 0, 0),
(377, '', '771bjl', 190400, 13, 370, 'Aleks', NULL, '2023-03-13 08:43:13', '2023-03-13 08:46:00', '2023-03-13 08:46:00', NULL, 1, 'pZKexzdU', '370v6OzEtq', '', 2, 3, '2023-03-13 08:40:07', 0, 0, 0),
(378, '', '691SLZ', 190400, 13, 371, 'Mart', NULL, '2023-03-13 09:34:11', '2023-03-13 09:35:02', '2023-03-13 09:35:02', NULL, 1, 'f6lWeiFO', '371vu40Mkq', '', 2, 3, '2023-03-13 09:29:23', 0, 0, 0),
(379, '', '165MRD', 190400, 13, 372, 'Mart', NULL, '2023-03-14 10:04:27', '2023-03-14 10:05:17', '2023-03-14 10:05:17', NULL, 1, 'WCTGuquk', '372vgHKoKL', '', 2, 3, '2023-03-14 10:01:40', 0, 0, 0),
(380, '', '936brb', 190400, 13, 373, 'Aleks', NULL, '2023-03-14 10:09:13', '2023-03-14 10:11:08', '2023-03-14 10:11:08', NULL, 1, 'XLNI4sua', '373vOsSFv7', '', 2, 3, '2023-03-14 10:05:45', 0, 0, 0),
(381, '', '711bty', 190400, 13, 374, 'Aleks', NULL, '2023-03-20 09:51:32', '2023-03-20 09:56:04', '2023-03-20 09:56:04', NULL, 1, 'fuGHTLdM', '374vChKICo', '', 2, 3, '2023-03-15 08:48:32', 0, 0, 0),
(382, '', '638MHM', 190400, 13, 375, 'Mart', NULL, '2023-03-20 09:55:50', '2023-03-20 09:58:17', '2023-03-20 09:58:17', NULL, 1, 'YNmOnIv8', '375vo9PkPp', '', 2, 3, '2023-03-20 09:51:22', 0, 0, 0),
(383, '', '563dkm', 190400, 13, 376, 'Aleks', NULL, '2023-03-22 08:38:26', '2023-03-22 08:41:28', '2023-03-22 08:41:28', NULL, 1, 'HQXqneln', '376vh4NTKY', '', 2, 3, '2023-03-22 08:33:30', 0, 0, 0),
(384, '', '576tmv', 190400, 13, 377, 'Aleks', NULL, '2023-03-22 10:03:14', '2023-03-22 10:12:20', '2023-03-22 10:12:20', NULL, 1, 'gTyZjQoC', '377v0ZhfVF', '', 2, 3, '2023-03-22 10:00:56', 0, 0, 0),
(385, '', 'glb250', 190400, 13, 378, 'Aleks', NULL, '2023-03-22 14:29:30', '2023-03-22 14:31:09', '2023-03-22 14:31:09', NULL, 1, 'fpqOmN1O', '378vuImJvO', '', 2, 3, '2023-03-22 14:27:29', 0, 0, 0),
(386, '', '222BRS', 190400, 13, 379, 'Henrico', NULL, '2023-03-27 08:38:30', '2023-03-27 08:46:24', '2023-03-27 08:46:24', NULL, 1, 'd9Su648F', '379viWIjZ8', '', 2, 3, '2023-03-27 08:34:37', 0, 0, 0),
(387, '', '528MRT', 190400, 13, 380, 'Henrico', NULL, '2023-03-27 12:06:35', '2023-03-27 12:08:00', '2023-03-27 12:08:00', NULL, 1, 'WOnTQbKO', '380vRmS71s', '', 2, 3, '2023-03-27 12:02:37', 0, 0, 0),
(388, '', '651BTP', 190400, 13, 381, 'Mart', NULL, '2023-03-28 08:35:15', '2023-03-28 08:36:14', '2023-03-28 08:36:14', NULL, 1, 'Psjgs2gg', '381v0R0ZIy', '', 2, 3, '2023-03-28 08:34:00', 0, 0, 0),
(389, '', '345bkd', 190400, 13, 382, 'Aleks', NULL, '2023-03-29 09:30:40', '2023-03-29 09:32:52', '2023-03-29 09:32:52', NULL, 1, 'bZsvveLE', '382vyvNhm0', '', 2, 3, '2023-03-29 09:27:28', 0, 0, 0),
(390, '', '148BTB', 190400, 13, 383, 'Mart', NULL, '2023-03-30 08:44:41', '2023-03-30 08:46:43', '2023-03-30 08:46:43', NULL, 1, 'VCYx3s85', '383vLpEsyM', '', 2, 3, '2023-03-30 08:23:04', 0, 0, 0),
(391, '', '170dbx', 190400, 13, 384, 'Aleks', NULL, '2023-03-31 13:16:06', '2023-03-31 13:53:20', '2023-03-31 13:19:06', '2023-03-31 13:53:20', 1, 'iExQYFNu', '384vhVy3Ck', '', 2, 3, '2023-03-31 13:13:36', 0, 0, 0),
(392, '', '192BKN', 190400, 13, 385, 'Mart', NULL, '2023-04-03 09:44:47', '2023-04-03 09:47:02', '2023-04-03 09:47:02', NULL, 1, 'Jczz1xCZ', '385voGmQje', '', 2, 3, '2023-04-03 09:38:18', 0, 0, 0),
(393, '', '472CSY', 190400, 13, 386, 'Mart', NULL, '2023-04-03 11:45:50', '2023-04-03 11:47:45', '2023-04-03 11:47:45', NULL, 1, 'cEkOz8sD', '386vQzfyr9', '', 2, 3, '2023-04-03 11:42:27', 0, 0, 0),
(394, '', '209mjh', 190400, 13, 387, 'Aleks', NULL, '2023-04-04 09:40:07', '2023-04-04 09:44:48', '2023-04-04 09:44:48', NULL, 1, 'nXxRYBvG', '387v2xpzoW', '', 2, 3, '2023-04-04 08:55:27', 0, 0, 0),
(395, '', '826hlm', 190400, 13, 388, 'Aleks', NULL, '2023-04-10 12:08:44', '2023-04-10 12:11:40', '2023-04-10 12:11:40', NULL, 1, 'dTrB8pxE', '388vbtv32x', '', 2, 3, '2023-04-10 12:04:35', 0, 0, 0),
(396, '', '954mhp', 190400, 13, 389, 'Aleks', NULL, '2023-04-10 14:43:35', '2023-04-10 14:48:43', '2023-04-10 14:48:43', NULL, 1, 'Pnzh6qq0', '389vnQWI71', '', 2, 3, '2023-04-10 14:38:48', 0, 0, 0),
(398, '', '807bsy', 190400, 12, 391, 'Aleks', NULL, '2023-04-13 09:22:27', '2023-04-13 09:24:55', '2023-04-13 09:24:55', NULL, 1, 'TLXk6AEm', '391vN627F0', '', 2, 3, '2023-04-13 09:19:37', 0, 0, 0),
(399, '', '282bfl', 190400, 12, 392, 'Aleks', NULL, '2023-04-14 08:23:07', '2023-04-14 08:26:46', '2023-04-14 08:26:46', NULL, 1, 'NmN1UwWF', '392vAjtbEv', '', 2, 3, '2023-04-14 08:21:29', 0, 0, 0),
(400, '', '417BXR', 190400, 12, 393, 'Mart', NULL, '2023-04-14 08:31:33', '2023-04-14 08:33:36', '2023-04-14 08:33:36', NULL, 1, 'DgmVfVLc', '393vvTmByM', '', 2, 3, '2023-04-14 08:28:22', 0, 0, 0),
(401, '', '354mjd', 190400, 12, 394, 'Aleks', NULL, '2023-04-18 08:34:13', '2023-04-18 08:36:55', '2023-04-18 08:36:55', NULL, 1, '51oZgDxo', '394vimOil2', '', 2, 3, '2023-04-18 08:31:32', 0, 0, 0),
(402, '', '138BHS', 190400, 12, 395, 'Mart', NULL, '2023-04-18 09:21:46', '2023-04-18 09:24:07', '2023-04-18 09:24:07', NULL, 1, 'f9L7KuUx', '395vDuSKZo', '', 2, 3, '2023-04-18 09:18:39', 0, 0, 0),
(403, '', '951mjp', 190400, 12, 396, 'Aleks', NULL, '2023-04-20 08:37:37', '2023-04-20 08:54:02', '2023-04-20 08:54:02', NULL, 1, '5SGE2eO5', '396v5SJlAq', '', 2, 3, '2023-04-20 08:28:13', 0, 0, 0),
(404, '', '680TJF', 190400, 12, 397, 'Henrico', NULL, '2023-04-24 09:48:49', '2023-04-24 09:51:10', '2023-04-24 09:51:10', NULL, 1, 'U4gyGO0R', '397vuPHnLl', '', 2, 3, '2023-04-24 09:45:09', 0, 0, 0),
(405, '', '744bnz', 190400, 12, 398, 'Aleks', NULL, '2023-04-24 13:42:55', '2023-04-24 13:44:26', '2023-04-24 13:44:26', NULL, 1, '9X5lp36q', '398v6vlgEq', '', 2, 3, '2023-04-24 13:40:45', 0, 0, 0),
(406, '', '495bbz', 190400, 12, 399, 'Aleks', NULL, '2023-04-24 14:22:42', '2023-04-24 14:35:15', '2023-04-24 14:35:15', NULL, 1, '2QNleMOw', '399vsfxsJz', '', 2, 3, '2023-04-24 14:18:55', 0, 0, 0),
(407, '', '659jwt', 190400, 12, 400, 'Aleks', NULL, '2023-04-26 08:25:05', '2023-04-26 08:34:32', '2023-04-26 08:28:44', '2023-04-26 08:34:32', 1, '0mD47dPt', '400vNU395V', '', 2, 3, '2023-04-26 08:21:32', 0, 0, 0),
(408, '', '643mkg', 190400, 12, 401, 'Aleks', NULL, '2023-04-27 08:10:16', '2023-04-27 08:13:08', '2023-04-27 08:13:08', NULL, 1, 'OZSVi9YF', '401vSNwT6p', '', 2, 3, '2023-04-27 08:08:10', 0, 0, 0),
(409, '', '851bpg', 190400, 12, 402, 'Aleks', NULL, '2023-04-27 12:39:14', '2023-04-27 13:08:41', '2023-04-27 13:08:41', NULL, 1, '0BQvY3fn', '402vO1WO0F', '', 2, 3, '2023-04-27 12:36:37', 0, 0, 0),
(410, '', '096brd', 190400, 12, 403, 'Aleks', NULL, '2023-05-02 13:52:44', '2023-05-02 13:55:28', '2023-05-02 13:55:28', NULL, 1, 'p3TBtkFQ', '403vevcwOp', '', 2, 3, '2023-05-02 13:45:35', 0, 0, 0),
(411, '', '202bcm', 190400, 12, 404, 'Aleks', NULL, '2023-05-02 15:44:55', '2023-05-02 15:52:48', '2023-05-02 15:52:48', NULL, 1, 'PIAFDvU5', '404v0Jslr9', '', 2, 3, '2023-05-02 15:39:46', 0, 0, 0),
(412, '', '116kyj', 190400, 12, 405, 'Aleks', NULL, '2023-05-04 08:53:10', '2023-05-04 09:18:25', '2023-05-04 09:18:25', NULL, 1, 'slfirlsu', '405vecVvxE', '', 2, 3, '2023-05-04 08:35:59', 0, 0, 0),
(413, '', '302bgk', 190400, 12, 406, 'Aleks', NULL, '2023-05-04 14:38:15', '2023-05-04 14:45:06', '2023-05-04 14:44:26', '2023-05-04 14:45:06', 1, '7nkxaeA1', '406vg1DFmD', '', 2, 3, '2023-05-04 14:34:30', 0, 0, 0),
(414, '', '052bsj', 190400, 12, 407, 'Aleks', NULL, '2023-05-04 15:36:02', '2023-05-04 15:42:30', '2023-05-04 15:42:30', NULL, 1, '2DLiRIKB', '407v1i5c1X', '', 2, 3, '2023-05-04 15:28:56', 0, 0, 0),
(415, '', '516bnk', 190400, 12, 408, 'Aleks', NULL, '2023-05-08 09:42:28', '2023-05-08 09:44:25', '2023-05-08 09:44:25', NULL, 1, 'dRtw7Iu2', '408vl4sPiq', '', 2, 3, '2023-05-08 09:35:07', 0, 0, 0),
(416, '', '213blx', 190400, 12, 409, 'Aleks', NULL, '2023-05-09 15:54:24', '2023-05-09 15:57:28', '2023-05-09 15:57:28', NULL, 1, 'OfXGVUVp', '409vLYeVBK', '', 2, 3, '2023-05-09 15:51:26', 0, 0, 0),
(417, '', '578bpc', 190400, 12, 410, 'Aleks', NULL, '2023-05-10 08:15:28', '2023-05-10 08:31:18', '2023-05-10 08:31:18', NULL, 1, 'U1AGV0Ok', '410vRPO5an', '', 2, 3, '2023-05-10 08:12:04', 0, 0, 0),
(418, '', '271mkn', 190400, 12, 411, 'Aleks', NULL, '2023-05-10 11:00:21', '2023-05-10 11:03:59', '2023-05-10 11:03:59', NULL, 1, 'Cl8zpq1s', '411vk4CjcZ', '', 2, 3, '2023-05-10 10:58:18', 0, 0, 0),
(419, '', '084csl', 190400, 12, 412, 'Raul', NULL, '2023-05-11 18:47:37', '2023-05-12 08:06:27', '2023-05-12 08:06:27', NULL, 2, 'keY0lYGv', '412vkhbGED', '', 2, 3, '2023-05-11 18:42:24', 0, 0, 0),
(420, '', '289xsg', 190400, 12, 413, 'Aleks', NULL, '2023-05-16 08:46:30', '2023-05-16 10:14:01', '2023-05-16 10:14:01', NULL, 1, 'vh60bgb0', '413v5YZ5Rk', '', 2, 3, '2023-05-16 08:38:45', 0, 0, 0),
(421, '', '131azx', 190400, 12, 414, 'Aleks', NULL, '2023-05-23 15:15:18', '2023-05-23 15:17:19', '2023-05-23 15:17:19', NULL, 1, 'mNPkmL2a', '414vy4XlxA', '', 2, 3, '2023-05-23 14:10:05', 0, 0, 0),
(422, '', '571bjf', 190400, 12, 415, 'Aleks', NULL, '2023-05-23 16:05:40', '2023-05-23 16:10:44', '2023-05-23 16:10:44', NULL, 1, '209g7bB9', '415vX4lrYy', '', 2, 3, '2023-05-23 15:49:57', 0, 0, 0),
(423, '', '775brk', 190400, 12, 416, 'Aleks', NULL, '2023-05-24 08:27:05', '2023-05-24 08:32:16', '2023-05-24 08:32:16', NULL, 1, 'PdSH5sU3', '416vydWVbx', '', 2, 3, '2023-05-24 08:24:20', 0, 0, 0),
(424, '', '555bnw', 190400, 12, 417, 'Henrico', NULL, '2023-05-24 09:40:22', '2023-05-24 09:40:43', '2023-05-24 09:40:43', NULL, 1, '87uvDT6i', '417vci1VU7', '', 2, 3, '2023-05-24 09:37:02', 0, 0, 0),
(425, '', '070ozo', 190400, 12, 418, 'Aleks', NULL, '2023-05-25 14:08:40', '2023-05-25 14:09:27', '2023-05-25 14:08:59', '2023-05-25 14:09:27', 1, 'qQ48Dj6p', '418v6xeQHj', '', 2, 3, '2023-05-25 14:03:42', 0, 0, 0),
(426, '', '990hhb', 190400, 12, 419, 'Aleks', NULL, '2023-05-26 08:52:29', '2023-05-26 08:53:59', '2023-05-26 08:53:59', NULL, 1, 'OJKOzVII', '419v7GEHC7', '', 2, 3, '2023-05-26 08:32:01', 0, 0, 0),
(427, '', '537mhj', 190400, 12, 420, 'Aleks', NULL, '2023-05-26 10:57:02', '2023-05-26 11:02:25', '2023-05-26 11:02:25', NULL, 1, 'ZO5Xs9L4', '420vpR1X7C', '', 2, 3, '2023-05-26 10:53:43', 0, 0, 0),
(428, '', '317bry', 190400, 12, 421, 'Aleks', NULL, '2023-05-26 13:48:48', '2023-05-26 13:49:52', '2023-05-26 13:49:52', NULL, 1, 'RCKBbkBC', '421vNOQPuy', '', 2, 3, '2023-05-26 13:45:51', 0, 0, 0),
(429, '', '639BHR', 190400, 12, 422, 'Mart', NULL, '2023-05-26 14:51:13', '2023-05-26 14:53:44', '2023-05-26 14:53:44', NULL, 1, 'ZlXEigxY', '422vrdUTxN', '', 2, 3, '2023-05-26 14:48:26', 0, 0, 0),
(430, '', '517fpb', 190400, 12, 423, 'Aleks', NULL, '2023-05-29 12:27:44', '2023-05-29 12:33:30', '2023-05-29 12:33:30', NULL, 1, 'tbbdWi1m', '423vueqabd', '', 2, 3, '2023-05-29 12:25:05', 0, 0, 0),
(431, '', '751bjf', 190400, 12, 424, 'Aleks', NULL, '2023-05-31 09:40:57', '2023-05-31 09:43:20', '2023-05-31 09:43:20', NULL, 1, 'Uk8nzgmr', '424veX5JMN', '', 2, 3, '2023-05-31 09:39:02', 0, 0, 0),
(438, '', '170dbx', 190400, 12, 431, 'Aleks', NULL, '2023-06-06 09:26:50', '2023-06-06 09:28:10', '2023-06-06 09:27:39', '2023-06-06 09:28:10', 1, 'oaiqeO6e', '431vOTqWe9', '', 2, 3, '2023-06-06 08:56:10', 0, 0, 0),
(439, '', '304hkh', 190400, 12, 432, 'Aleks', NULL, '2023-06-07 09:23:34', '2023-06-07 09:27:20', '2023-06-07 09:27:20', NULL, 1, 'hvpPZQRc', '432vHf7t1q', '', 2, 3, '2023-06-07 09:21:38', 0, 0, 0),
(440, '', '494bvk', 190400, 12, 433, 'Aleks', NULL, '2023-06-07 10:22:01', '2023-06-07 10:24:16', '2023-06-07 10:24:16', NULL, 1, 'WkMiumww', '433v7DwcMz', '', 2, 3, '2023-06-07 10:18:51', 0, 0, 0),
(441, '', '563dkm', 190400, 12, 434, 'Aleks', NULL, '2023-06-07 14:30:23', '2023-06-07 14:34:24', '2023-06-07 14:34:24', NULL, 1, 'wj6Rm79b', '434vsuQpg5', '', 2, 3, '2023-06-07 14:25:10', 0, 0, 0),
(442, '', '455brx', 190400, 12, 435, 'Aleks', NULL, '2023-06-07 15:33:50', '2023-06-07 15:37:13', '2023-06-07 15:37:13', NULL, 1, 'Zd8osgz1', '435v0Bipzf', '', 2, 3, '2023-06-07 15:27:24', 0, 0, 0),
(443, '', '77zrd', 190400, 12, 436, 'Aleks', NULL, '2023-06-08 09:14:02', '2023-06-08 10:14:23', '2023-06-08 10:14:23', NULL, 1, 'pUvChndu', '436ve4qQsO', '', 2, 3, '2023-06-08 09:09:10', 0, 0, 0),
(444, '', '131azx', 190400, 12, 437, 'Aleks', NULL, '2023-06-08 12:10:29', '2023-06-08 12:11:07', '2023-06-08 12:11:07', NULL, 1, 'QlNmipto', '437ve25P3y', '', 2, 3, '2023-06-08 12:04:08', 0, 0, 0),
(445, '', '324MFS', 190400, 12, 438, 'Mart', NULL, '2023-06-09 10:23:39', '2023-06-09 10:24:48', '2023-06-09 10:24:48', NULL, 1, 'b3o7mfBt', '438vENQpSr', '', 2, 3, '2023-06-09 10:21:06', 0, 0, 0),
(446, '', '908bpk', 190400, 12, 439, 'henrico', NULL, '2023-06-12 09:20:02', '2023-06-12 09:22:18', '2023-06-12 09:22:18', NULL, 1, 'e8CaYERV', '439vSuz7Df', '', 2, 3, '2023-06-12 09:16:44', 0, 0, 0),
(447, '', '489tly', 190400, 12, 440, 'Aleks', NULL, '2023-06-12 12:58:00', '2023-06-12 13:02:27', '2023-06-12 13:02:27', NULL, 1, 'oHpwrUGk', '440vpJ1PA5', '', 2, 3, '2023-06-12 12:51:53', 0, 0, 0),
(448, '', '919mgz', 190400, 12, 441, 'Henrico', NULL, '2023-06-12 14:22:20', '2023-06-12 14:24:04', '2023-06-12 14:24:04', NULL, 1, 'NXBevcMr', '441vDh5efX', '', 2, 3, '2023-06-12 14:20:17', 0, 0, 0),
(449, '', '185kdy', 190400, 12, 442, 'Aleks', NULL, '2023-06-13 08:40:33', '2023-06-13 08:42:35', '2023-06-13 08:42:35', NULL, 1, 'ESJCRIgv', '442v2QI1eg', '', 2, 3, '2023-06-13 08:38:14', 0, 0, 0),
(450, '', '108prm', 190400, 12, 443, 'Aleks', NULL, '2023-06-13 13:19:47', '2023-06-13 13:23:18', '2023-06-13 13:23:18', NULL, 1, 'PclWvcYy', '443vAbmxzX', '', 2, 3, '2023-06-13 13:17:46', 0, 0, 0),
(451, '', '738AXR', 190400, 12, 444, 'Mart', NULL, '2023-06-13 13:47:12', '2023-06-13 13:48:11', '2023-06-13 13:48:11', NULL, 1, '3rXQ2hNv', '444v1mWwR9', '', 2, 3, '2023-06-13 13:41:16', 0, 0, 0),
(452, '', '218fvm', 190400, 12, 445, 'Aleks', NULL, '2023-06-14 10:02:25', '2023-06-14 10:05:22', '2023-06-14 10:05:22', NULL, 1, 'pRx9tXaD', '445vWRoUTd', '', 2, 3, '2023-06-14 10:00:16', 0, 0, 0),
(453, '', 'cpn675', 190400, 12, 446, 'Aleks', NULL, '2023-06-14 12:31:53', '2023-06-14 12:35:30', '2023-06-14 12:35:30', NULL, 1, '04mGAs7u', '446vrO7KDJ', '', 2, 3, '2023-06-14 12:28:20', 0, 0, 0),
(454, '', '46npx', 190400, 12, 447, 'Aleks', NULL, '2023-06-15 09:30:05', '2023-06-15 09:49:04', '2023-06-15 09:49:04', NULL, 1, 'DOrvQoa3', '447v83c0RD', '', 2, 3, '2023-06-15 09:26:50', 0, 0, 0),
(455, '', '752BJN', 190400, 12, 448, 'Mart', NULL, '2023-06-16 11:08:14', '2023-06-16 11:11:14', '2023-06-16 11:11:14', NULL, 1, 'KaMSS9F9', '448vRCkzcM', '', 2, 3, '2023-06-16 11:05:30', 0, 0, 0),
(456, '', '532mrm', 190400, 12, 449, 'Aleks', NULL, '2023-06-16 11:47:58', '2023-06-16 12:11:52', '2023-06-16 12:11:52', NULL, 1, 'lGnxpRJY', '449vKq6h9G', '', 2, 3, '2023-06-16 11:44:27', 0, 0, 0),
(457, '', '839bbp', 190400, 12, 450, 'Aleks', NULL, '2023-06-19 08:45:00', '2023-06-19 08:59:09', '2023-06-19 08:59:09', NULL, 1, 'juAnmhSL', '450v3HOv5i', '', 2, 3, '2023-06-19 08:39:32', 0, 0, 0),
(458, '', '186bgb', 190400, 12, 451, 'Aleks', NULL, '2023-06-19 11:11:50', '2023-06-19 11:25:01', '2023-06-19 11:25:01', NULL, 1, 'BDxAi6Pr', '451vdAGGGc', '', 2, 3, '2023-06-19 11:06:16', 0, 0, 0),
(459, '', '290mli', 190400, 12, 452, 'Aleks', NULL, '2023-06-19 11:48:30', '2023-06-19 12:08:42', '2023-06-19 12:08:42', NULL, 1, 'JKG7W2DP', '452vYrKfN3', '', 2, 3, '2023-06-19 11:43:03', 0, 0, 0),
(460, '', '586blh', 190400, 12, 453, 'Aleks', NULL, '2023-06-20 09:22:19', '2023-06-20 09:24:18', '2023-06-20 09:24:18', NULL, 1, 'vJInIsHX', '453vW3PQ5V', '', 2, 3, '2023-06-20 09:17:21', 0, 0, 0),
(461, '', '561MRY', 190400, 12, 454, 'Mart', NULL, '2023-06-28 08:27:03', '2023-06-28 08:28:32', '2023-06-28 08:28:32', NULL, 1, '8WU6Ivdj', '454vF6i9kK', '', 2, 3, '2023-06-28 08:23:03', 0, 0, 0),
(462, '', '024pxh', 190400, 12, 455, 'Aleks', NULL, '2023-06-28 08:46:32', '2023-06-28 08:49:40', '2023-06-28 08:49:40', NULL, 1, 'baQsPf1x', '455v6uRI5s', '', 2, 3, '2023-06-28 08:43:55', 0, 0, 0),
(463, '', '305BJM', 190400, 12, 456, 'Mart', NULL, '2023-06-28 13:11:37', '2023-06-28 13:13:38', '2023-06-28 13:13:38', NULL, 1, 'RGH1Xop7', '456vF4G5Dt', '', 2, 3, '2023-06-28 13:05:00', 0, 0, 0),
(464, '', '658tmn', 190400, 12, 457, 'Aleks', NULL, '2023-07-02 11:30:57', '2023-07-02 12:11:19', '2023-07-02 12:11:19', NULL, 1, 'gQqsHAE8', '457vZjXFV5', '', 2, 3, '2023-07-02 11:29:03', 0, 0, 0),
(466, '', '716bhb', 190400, 12, 459, 'Aleks', NULL, '2023-07-07 08:32:40', '2023-07-07 08:34:58', '2023-07-07 08:34:58', NULL, 1, 'TQm6gAs6', '459vc77Dyx', '', 2, 3, '2023-07-07 08:29:23', 0, 0, 0),
(467, '', '488btb', 190400, 12, 460, 'Aleks', NULL, '2023-07-07 11:54:32', '2023-07-07 12:07:14', '2023-07-07 12:07:14', NULL, 1, 'i3Zt9QcG', '460vrAXgcg', '', 2, 3, '2023-07-07 11:52:07', 0, 0, 0),
(468, '', '607sxw', 190400, 12, 461, 'Aleks', NULL, '2023-07-07 13:43:29', '2023-07-07 13:51:31', '2023-07-07 13:51:31', NULL, 1, 'gQSRMsB5', '461var7MCo', '', 2, 3, '2023-07-07 13:36:36', 0, 0, 0),
(469, '', 'GLK', 190400, 12, 462, 'Raul', NULL, '2023-07-08 10:25:04', '2023-07-08 13:20:09', '2023-07-08 13:20:09', NULL, 2, '1ilQ567A', '462vGL2jc3', '', 2, 3, '2023-07-08 10:09:49', 0, 0, 0),
(470, '', 'GLK2', 190400, 12, 463, 'Raul', NULL, '2023-07-08 11:16:38', '2023-07-08 13:20:25', '2023-07-08 13:20:25', NULL, 2, 'nmPtIeY2', '463vJDUSjy', '', 2, 3, '2023-07-08 11:11:32', 0, 0, 0),
(471, '', 'GLK3', 190400, 12, 464, 'Raul', NULL, '2023-07-08 11:35:51', '2023-07-08 13:20:36', '2023-07-08 13:20:36', NULL, 2, 'sWgvLVlD', '464v6llfwm', '', 2, 3, '2023-07-08 11:28:33', 0, 0, 0),
(472, '', 'GLK4', 190400, 12, 465, 'Raul', NULL, '2023-07-08 11:41:08', '2023-07-08 13:20:51', '2023-07-08 13:20:51', NULL, 2, 't6XR2pId', '465v6PRQAT', '', 2, 3, '2023-07-08 11:36:13', 0, 0, 0),
(473, '', 'GLK5', 190400, 12, 466, 'Raul', NULL, '2023-07-08 13:19:52', '2023-07-08 13:23:42', '2023-07-08 13:23:42', NULL, 2, 'vaAJHsiX', '466vmnSKRQ', '', 2, 3, '2023-07-08 11:57:22', 0, 0, 0),
(474, '', 'LATT', 190400, 12, 467, 'Raul', NULL, '2023-07-12 17:35:29', '2023-07-12 17:46:11', '2023-07-12 17:46:11', NULL, 1, 'HOdBq6BJ', '467vNyQQQE', '', 2, 3, '2023-07-12 16:57:33', 0, 0, 0),
(475, '', '797BMB', 190400, 12, 468, 'Mart', NULL, '2023-07-14 11:16:23', '2023-07-14 11:17:35', '2023-07-14 11:17:35', NULL, 1, 'QVmYhegV', '468vi6NwrM', '', 2, 3, '2023-07-14 11:13:46', 0, 0, 0),
(476, '', '649BJL', 190400, 12, 469, 'Mart', NULL, '2023-07-14 13:52:18', '2023-07-14 13:54:48', '2023-07-14 13:54:48', NULL, 1, 'yG2TK0Kg', '469vAHlFEs', '', 2, 3, '2023-07-14 13:49:34', 0, 0, 0),
(477, '', '777prk', 190400, 12, 470, 'Henrico', NULL, '2023-07-18 09:14:42', '2023-07-18 09:15:24', '2023-07-18 09:15:24', NULL, 1, 'eCc6Tt5p', '470vfUwZo6', '', 2, 3, '2023-07-18 08:46:45', 0, 0, 0),
(478, '', '777prk', 190400, 12, 471, 'Henrico', NULL, '2023-07-18 09:23:37', '2023-07-18 09:26:09', '2023-07-18 09:26:09', NULL, 1, 'vPrvQJNO', '471vbLgYJd', '', 2, 3, '2023-07-18 09:15:51', 0, 0, 0),
(479, '', '366mkk', 190400, 12, 472, 'Raul', NULL, '2023-07-18 15:57:00', '2023-07-18 15:58:30', '2023-07-18 15:58:30', NULL, 1, 'BkXSlLwt', '472vfuQuAK', '', 2, 3, '2023-07-18 15:48:06', 0, 0, 0),
(482, '', '777PRK', 190400, 12, 475, 'Aleks', NULL, '2023-09-18 14:08:07', '2023-09-18 15:06:24', '2023-09-18 15:06:24', NULL, 1, '8KYF84Dm', '475v8xNt6E', '', 2, 3, '2023-09-18 14:00:36', 0, 0, 0),
(483, '', 'maserati', 190400, 12, 476, 'Raul', NULL, '2023-09-19 14:02:56', '2023-09-19 14:37:07', '2023-09-19 14:37:07', NULL, 1, 'AEkliifG', '476v41xeca', '', 2, 3, '2023-09-19 13:59:54', 0, 0, 0),
(484, '', 'maserati2', 190400, 12, 477, 'Raul', NULL, '2023-09-19 14:33:14', '2023-09-19 14:37:19', '2023-09-19 14:37:19', NULL, 1, 'FPCazLUP', '477vgdCw6M', '', 2, 3, '2023-09-19 14:23:24', 0, 0, 0),
(485, '', '187mps', 190400, 12, 478, 'Aleks', NULL, '2023-09-21 09:58:40', '2023-09-21 10:42:51', '2023-09-21 10:42:51', NULL, 1, 's3sNSaJ4', '478vMeJfCy', '', 2, 3, '2023-09-21 09:48:21', 0, 0, 0),
(486, '', '070bkh', 190400, 12, 479, 'Aleks', NULL, '2023-09-26 09:17:04', '2023-09-26 09:19:40', '2023-09-26 09:19:40', NULL, 1, 'iSt3xZn2', '479vqRTh4L', '', 2, 3, '2023-09-26 09:14:16', 0, 0, 0),
(487, '', '507mhy', 190400, 12, 480, 'Aleks', NULL, '2023-09-26 11:50:40', '2023-09-26 11:51:50', '2023-09-26 11:51:12', '2023-09-26 11:51:50', 1, 'y6I3A4Nm', '480vZUZtla', '', 2, 3, '2023-09-26 11:30:44', 0, 0, 0),
(488, '', '130bjb', 190400, 12, 481, 'Aleks', NULL, '2023-09-26 15:40:53', '2023-09-26 15:41:45', '2023-09-26 15:41:45', NULL, 1, 'Acy1lx28', '481vHu5LMj', '', 2, 3, '2023-09-26 15:31:23', 0, 0, 0),
(489, '', '271MKN', 190400, 12, 482, 'Aleks', NULL, '2023-09-29 08:39:19', '2023-09-29 08:43:19', '2023-09-29 08:43:19', NULL, 1, 'VxpHhJkD', '482vb1jZYX', '', 2, 3, '2023-09-29 08:34:33', 0, 0, 0),
(490, '', '271MKN 2', 190400, 12, 483, 'Aleks', NULL, '2023-09-29 08:41:26', '2023-09-29 08:43:35', '2023-09-29 08:43:35', NULL, 1, '6MMxA9Rn', '483vbGBrbq', '', 2, 3, '2023-09-29 08:39:41', 0, 0, 0),
(491, '', '957bln', 190400, 12, 484, 'Aleks', NULL, '2023-10-02 08:50:56', '2023-10-02 08:53:08', '2023-10-02 08:53:08', NULL, 1, 'fkXTOZ6G', '484veoivSB', '', 2, 3, '2023-10-02 08:47:13', 0, 0, 0),
(492, '', '952msh', 190400, 12, 485, 'Aleks', NULL, '2023-10-03 08:47:31', '2023-10-03 09:02:03', '2023-10-03 09:02:03', NULL, 1, '8JmWZlcl', '485vpTLYYd', '', 2, 3, '2023-10-03 08:37:44', 0, 0, 0),
(493, '', '280xgt', 190400, 12, 486, 'henrico', NULL, '2023-10-04 16:11:33', '2023-10-04 16:13:38', '2023-10-04 16:13:38', NULL, 1, '5OeKaXJ5', '486vzNRptd', '', 2, 3, '2023-10-04 16:06:33', 0, 0, 0),
(494, '', '126sfd', 190400, 12, 487, 'Aleks', NULL, '2023-10-09 09:16:09', '2023-10-09 09:47:18', '2023-10-09 09:47:18', NULL, 1, 'buQ2K075', '487vvRMssF', '', 2, 3, '2023-10-09 09:11:23', 0, 0, 0),
(495, '', '338jnx', 190400, 12, 488, 'Aleks', NULL, '2023-10-09 15:09:43', '2023-10-09 15:18:37', '2023-10-09 15:18:37', NULL, 1, 'GiD4Aau4', '488vSnHjGZ', '', 2, 3, '2023-10-09 15:05:11', 0, 0, 0),
(496, '', '174vsr', 190400, 12, 489, 'Aleks', NULL, '2023-10-11 09:08:37', '2023-10-11 09:10:15', '2023-10-11 09:09:50', '2023-10-11 09:10:15', 2, 'dFvf2cLJ', '489vypUIMl', '', 2, 3, '2023-10-11 09:02:52', 0, 0, 0),
(498, '', '204LDM 1', 190400, 12, 491, 'Aleks', NULL, '2023-10-11 12:16:07', '2023-10-11 12:20:10', '2023-10-11 12:20:10', NULL, 1, 'W3f8aDU9', '491vjSdsKq', '', 2, 3, '2023-10-11 12:10:54', 0, 0, 0),
(499, '', '751bjf 2', 190400, 12, 492, 'Aleks', NULL, '2023-10-12 09:25:44', '2023-10-12 09:28:51', '2023-10-12 09:28:51', NULL, 1, 'EIJCcvgv', '492vWw3UNk', '', 2, 3, '2023-10-12 09:21:55', 0, 0, 0),
(500, '', '115mgb', 190400, 12, 493, 'Aleks', NULL, '2023-10-16 14:29:36', '2023-10-16 14:37:00', '2023-10-16 14:37:00', NULL, 1, 'NIfM9laV', '493vFMWODz', '', 2, 3, '2023-10-16 14:23:57', 0, 0, 0),
(501, '', '072BMN', 190400, 12, 494, 'Mart', NULL, '2023-10-18 10:55:00', '2023-10-18 10:57:29', '2023-10-18 10:57:29', NULL, 1, '2yuwtA1L', '494vNeYsXj', '', 2, 3, '2023-10-18 10:52:07', 0, 0, 0),
(502, '', '924BPH', 190400, 12, 495, 'Mart', NULL, '2023-10-18 11:43:33', '2023-10-18 11:45:54', '2023-10-18 11:45:54', NULL, 1, 'VGnOe6OW', '495v9Jm2La', '', 2, 3, '2023-10-18 11:38:47', 0, 0, 0),
(503, '', '480tly', 190400, 12, 496, 'Aleks', NULL, '2023-10-23 11:33:02', '2023-10-23 11:34:23', '2023-10-23 11:34:23', NULL, 1, 'WFPGFqUx', '496v06wtpv', '', 2, 3, '2023-10-23 11:28:36', 0, 0, 0),
(504, '', '60414', 190400, 12, 497, 'Aleks', NULL, '2023-10-25 08:55:23', '2023-10-25 08:58:14', '2023-10-25 08:58:14', NULL, 1, '1EYwytrF', '497v4KCftg', '', 2, 3, '2023-10-25 08:45:24', 0, 0, 0),
(505, '', '240msr', 190400, 12, 498, 'Henrico', NULL, '2023-11-01 09:59:06', '2023-11-01 10:00:39', '2023-11-01 10:00:39', NULL, 1, 'qVcIdavE', '498vMrvNiG', '', 2, 3, '2023-11-01 09:51:28', 0, 0, 0),
(506, '', '539bcv', 190400, 12, 499, 'Aleks', NULL, '2023-11-02 08:58:47', '2023-11-02 15:41:08', '2023-11-02 15:41:08', NULL, 1, 'f8PnDF64', '499v3eYV13', '', 2, 3, '2023-11-02 08:53:54', 0, 0, 0),
(507, '', '871bxx', 190400, 12, 500, 'Aleks', NULL, '2023-11-03 10:02:52', '2023-11-03 10:05:46', '2023-11-03 10:05:46', NULL, 1, 'tFdEO5An', '500vmwIonA', '', 2, 3, '2023-11-03 09:52:12', 0, 0, 0),
(508, '', '882bxx', 190400, 12, 501, 'Aleks', NULL, '2023-11-07 08:43:25', '2023-11-07 09:42:34', '2023-11-07 09:42:34', NULL, 1, 'FxiMjssV', '501vSV6CSm', '', 2, 3, '2023-11-07 08:33:48', 0, 0, 0),
(509, '', '883bxx', 190400, 12, 502, 'Aleks', NULL, '2023-11-07 09:36:18', '2023-11-07 09:42:14', '2023-11-07 09:42:14', NULL, 1, '73soavLc', '502vIvNKJj', '', 2, 3, '2023-11-07 09:18:47', 0, 0, 0),
(510, '', '211byn', 190400, 12, 503, 'Aleks', NULL, '2023-11-07 12:31:14', '2023-11-07 12:32:53', '2023-11-07 12:32:53', NULL, 1, 'aVHGeXCF', '503vD8ZlZf', '', 2, 3, '2023-11-07 12:19:06', 0, 0, 0),
(511, '', '535BBA', 190400, 12, 504, 'Mart', NULL, '2023-11-20 09:48:09', '2023-11-20 09:52:01', '2023-11-20 09:52:01', NULL, 1, 'Fymb5Ysk', '504v9ckSMK', '', 2, 3, '2023-11-20 09:44:40', 0, 0, 0),
(512, '', '129BKZ', 190400, 12, 505, 'Mart', NULL, '2023-11-29 09:08:41', '2023-11-29 09:11:16', '2023-11-29 09:11:16', NULL, 1, 'mStvZPha', '505v3J1UB1', '', 2, 3, '2023-11-29 09:02:38', 0, 0, 0),
(513, '', '100bvd', 190400, 12, 506, 'Aleks', NULL, '2023-12-20 08:26:09', '2023-12-20 08:31:02', '2023-12-20 08:31:02', NULL, 1, 'QLSLTFhQ', '506vHSOHIO', '', 2, 3, '2023-12-20 08:09:12', 0, 0, 0);
INSERT INTO `vis_videos` (`video_id`, `video_name`, `video_case_number`, `video_company_id`, `video_device_id`, `video_customer_id`, `video_tech_name`, `video_content`, `video_upload_time`, `video_update_time`, `video_sent_time`, `video_sent_second_time`, `sms_time`, `video_url`, `video_serial`, `video_customer_company`, `video_is_show`, `video_uploaded`, `video_created_time`, `company_removed`, `user_removed`, `status`) VALUES
(514, '', '100bvd1', 190400, 12, 507, 'Aleks', NULL, '2023-12-20 08:28:30', '2023-12-20 08:30:47', '2023-12-20 08:30:47', NULL, 1, 'hVDvRZBk', '507vv7e82F', '', 2, 3, '2023-12-20 08:26:25', 0, 0, 0),
(515, '', '065mgs', 190400, 12, 508, 'Aleks', NULL, '2024-01-18 15:57:03', '2024-01-18 16:00:38', '2024-01-18 16:00:38', NULL, 1, 'iu9S50d0', '508vUOI0xN', '', 2, 3, '2024-01-18 15:53:27', 0, 0, 0),
(516, '', '882nsn', 190400, 12, 509, 'Aleks', NULL, '2024-01-19 08:44:04', '2024-01-19 09:06:05', '2024-01-19 09:06:05', NULL, 1, 'zJWg5TJh', '509vglVqrw', '', 2, 3, '2024-01-19 08:34:40', 0, 0, 0),
(517, '', '882nsn 2', 190400, 12, 510, 'Aleks', NULL, '2024-01-19 09:04:46', '2024-01-19 09:06:21', '2024-01-19 09:06:21', NULL, 1, 'FM5ScM40', '510vPmPSil', '', 2, 3, '2024-01-19 08:59:06', 0, 0, 0),
(518, '', '424bsp', 190400, 12, 511, 'Aleks', NULL, '2024-01-22 10:40:57', '2024-01-22 10:43:43', '2024-01-22 10:43:43', NULL, 1, 'Xkld7vIv', '511vfl9KJ3', '', 2, 3, '2024-01-22 10:34:35', 0, 0, 0),
(519, '', '424mjh', 190400, 12, 512, 'Aleks', NULL, '2024-01-22 13:25:06', '2024-01-22 13:45:12', '2024-01-22 13:45:12', NULL, 1, 's4HyTJCt', '512v26hMGE', '', 2, 3, '2024-01-22 13:17:17', 0, 0, 0),
(520, '', '139MHF', 190400, 12, 513, 'Mart', NULL, '2024-01-23 12:48:34', '2024-01-26 09:43:29', '2024-01-26 09:43:29', NULL, 1, 'Alzfl7Kv', '513vn0jrfv', '', 2, 3, '2024-01-23 12:44:27', 0, 0, 0),
(521, '', '770bnm', 190400, 12, 514, 'Aleks', NULL, '2024-01-24 15:55:31', '2024-01-24 15:57:44', '2024-01-24 15:56:57', '2024-01-24 15:57:44', 2, 'upO3Zdg8', '514vWIq61z', '', 2, 3, '2024-01-24 15:53:14', 0, 0, 0),
(522, '', '951byv', 190400, 12, 515, 'Aleks', NULL, '2024-01-26 09:58:55', '2024-01-26 10:18:44', '2024-01-26 10:18:44', NULL, 1, 'WcAbWsVb', '515vvDIgwF', '', 2, 3, '2024-01-26 09:44:34', 0, 0, 0),
(523, '', '377vbx', 190400, 12, 516, 'Aleks', NULL, '2024-01-29 13:13:50', '2024-01-29 13:17:07', '2024-01-29 13:17:07', NULL, 1, 'L85T83wK', '516vyNqZx5', '', 2, 3, '2024-01-29 13:09:28', 0, 0, 0),
(524, '', '701BVC', 190400, 12, 517, 'Mart', NULL, '2024-01-30 08:58:46', '2024-01-30 09:01:27', '2024-01-30 09:01:27', NULL, 1, 'x4J8zr0b', '517vRLtBgN', '', 2, 3, '2024-01-30 08:56:06', 0, 0, 0),
(525, '', '488mjy', 190400, 12, 518, 'Aleks', NULL, '2024-01-30 09:56:30', '2024-01-30 10:09:16', '2024-01-30 10:09:16', NULL, 1, '471JqxAD', '518v4hMmn6', '', 2, 3, '2024-01-30 09:37:32', 0, 0, 0),
(526, '', '839bbp', 190400, 12, 519, 'Aleks', NULL, '2024-01-30 10:15:03', '2024-01-30 11:28:28', '2024-01-30 11:28:28', NULL, 1, 'ximUThmz', '519v7a3soQ', '', 2, 3, '2024-01-30 10:09:39', 0, 0, 0),
(527, '', '459sdh', 190400, 12, 520, 'Aleks', NULL, '2024-01-30 15:02:01', '2024-01-30 15:03:49', '2024-01-30 15:03:49', NULL, 1, 'BQ3Pq0bb', '520vZcCNiz', '', 2, 3, '2024-01-30 14:53:32', 0, 0, 0),
(528, '', '777erk', 190400, 12, 521, 'Aleks', NULL, '2024-02-05 10:32:09', '2024-02-05 11:13:44', '2024-02-05 11:13:44', NULL, 1, 'dNgXsu78', '521vZbQ8JD', '', 2, 3, '2024-02-05 10:25:06', 0, 0, 0),
(529, '', '736fpb', 190400, 12, 522, 'Aleks', NULL, '2024-02-05 13:34:38', '2024-02-05 13:59:13', '2024-02-05 13:59:13', NULL, 1, 'diqf6PGQ', '522vwYfsmi', '', 2, 3, '2024-02-05 13:28:25', 0, 0, 0),
(530, '', '441bjy', 190400, 12, 523, 'Aleks', NULL, '2024-02-05 15:22:12', '2024-02-05 15:23:45', '2024-02-05 15:23:45', NULL, 1, 'Bgar0obg', '523vDN6dAF', '', 2, 3, '2024-02-05 14:00:08', 0, 0, 0),
(531, '', '243mrb', 190400, 12, 524, 'Aleks', NULL, '2024-02-07 08:59:00', '2024-02-07 09:04:38', '2024-02-07 09:04:38', NULL, 1, 'FI7StyVW', '524vElZ6X6', '', 2, 3, '2024-02-07 08:55:31', 0, 0, 0),
(532, '', '355DBJ', 190400, 12, 525, 'Mart', NULL, '2024-02-08 08:30:54', '2024-02-08 08:44:10', '2024-02-08 08:44:10', NULL, 1, 'ipm0gNWQ', '525verZSrE', '', 2, 3, '2024-02-08 08:26:00', 0, 0, 0),
(533, '', '905msh', 190400, 12, 526, 'Aleks', NULL, '2024-02-08 13:21:55', '2024-02-08 13:24:24', '2024-02-08 13:24:24', NULL, 1, 'XlJUF1zh', '526vg5j8eI', '', 2, 3, '2024-02-08 13:17:23', 0, 0, 0),
(534, '', '140bgx', 190400, 12, 527, 'Aleks', NULL, '2024-02-09 12:30:15', '2024-02-09 12:33:57', '2024-02-09 12:33:57', NULL, 1, 'Ugx3gWce', '527viaGfmH', '', 2, 3, '2024-02-09 12:24:07', 0, 0, 0),
(535, '', '890nrj', 190400, 12, 528, 'Henrico', NULL, '2024-02-12 09:10:41', '2024-02-12 09:15:11', '2024-02-12 09:15:11', NULL, 1, 'NXlCo0hD', '528vWeDlNk', '', 2, 3, '2024-02-12 09:02:52', 0, 0, 0),
(536, '', '705RTH', 190400, 12, 529, 'Mart', NULL, '2024-02-14 13:21:55', '2024-02-14 13:23:31', '2024-02-14 13:23:31', NULL, 1, '2fYQ3VtI', '529v4WTVco', '', 2, 3, '2024-02-14 13:19:48', 0, 0, 0),
(537, '', '789bpr', 190400, 12, 530, 'Henrico', NULL, '2024-02-15 11:06:13', '2024-02-15 11:07:36', '2024-02-15 11:07:36', NULL, 1, 'MoFB2hwL', '530vuSaHSV', '', 2, 3, '2024-02-15 11:02:12', 0, 0, 0),
(538, '', '560bvd', 190400, 12, 531, 'Aleks', NULL, '2024-02-15 14:06:13', '2024-02-15 14:08:24', '2024-02-15 14:08:24', NULL, 1, 'GTkpE2gG', '531vDCX7XP', '', 2, 3, '2024-02-15 13:59:22', 0, 0, 0),
(539, '', '589bkx', 190400, 12, 532, 'Aleks', NULL, '2024-02-16 08:32:33', '2024-02-16 08:52:11', '2024-02-16 08:52:11', NULL, 1, 'SiiAUVJp', '532v46jGgR', '', 2, 3, '2024-02-16 08:24:05', 0, 0, 0),
(540, '', '990yyy', 190400, 12, 533, 'Henrico', NULL, '2024-02-16 09:53:18', '2024-02-16 09:54:08', '2024-02-16 09:54:08', NULL, 1, 'gQ7kyaZ4', '533vsOZJHG', '', 2, 3, '2024-02-16 09:41:59', 0, 0, 0),
(541, '', '304mjj', 190400, 12, 534, 'Aleks', NULL, '2024-02-20 11:35:33', '2024-02-20 12:00:09', '2024-02-20 12:00:09', NULL, 1, '2eAm1F6c', '534vwg0fcP', '', 2, 3, '2024-02-20 11:29:27', 0, 0, 0),
(542, '', '638mjj', 190400, 12, 535, 'Aleks', NULL, '2024-02-21 15:55:16', '2024-02-21 15:57:57', '2024-02-21 15:57:57', NULL, 1, 'fsBaBAHY', '535vI4Spa3', '', 2, 3, '2024-02-21 15:52:40', 0, 0, 0),
(543, '', '462dbb', 190400, 12, 536, 'Henrico', NULL, '2024-02-22 08:18:39', '2024-02-22 08:21:23', '2024-02-22 08:21:23', NULL, 1, 'CohRiNPc', '536v8bOWqV', '', 2, 3, '2024-02-22 08:15:30', 0, 0, 0),
(544, '', '464xhg', 190400, 12, 537, 'Henrico', NULL, '2024-02-22 13:37:24', '2024-02-22 13:37:49', '2024-02-22 13:37:49', NULL, 1, 'eBukoqIl', '537vLCax0T', '', 2, 3, '2024-02-22 13:12:32', 0, 0, 0),
(545, '', '902tnr', 190400, 12, 538, 'Henrico', NULL, '2024-02-28 11:05:12', '2024-02-28 11:06:40', '2024-02-28 11:06:40', NULL, 1, 'MocjBPgK', '538vtqj0td', '', 2, 3, '2024-02-28 10:59:31', 0, 0, 0),
(546, '', '192tul', 190400, 12, 539, 'Aleks', NULL, '2024-03-01 10:13:37', '2024-03-01 10:20:04', '2024-03-01 10:20:04', NULL, 1, 'bFYGR7dV', '539vbuzdzV', '', 2, 3, '2024-03-01 10:04:07', 0, 0, 0),
(548, '', '123', 190400, 12, 541, 'a', NULL, '2024-03-05 08:08:31', '2024-03-05 08:09:52', '2024-03-05 08:09:52', NULL, 1, 'X0jjUeul', '541vY4nPyt', '', 2, 3, '2024-03-05 08:07:52', 0, 0, 0),
(574, '', 'test', 190400, 12, 567, '', NULL, '2024-03-07 12:11:36', '2024-03-07 12:14:45', '2024-03-07 12:14:45', NULL, 1, '3eMTb29G', '567vR7uO5D', '', 2, 3, '2024-03-07 10:55:04', 0, 0, 0),
(575, '', '053apu', 190400, 12, 568, 'Aleks', NULL, '2024-03-08 10:04:12', '2024-03-08 10:13:30', '2024-03-08 10:13:30', NULL, 1, 'yePqsPBw', '568viwXCFn', '', 2, 3, '2024-03-08 10:01:02', 0, 0, 0),
(576, '', '469bnc', 190400, 12, 569, 'Aleks', NULL, '2024-03-08 11:23:47', '2024-03-08 15:23:02', '2024-03-08 12:50:43', '2024-03-08 15:23:02', 1, 'k3TOyIPu', '569vJ0NIn9', '', 2, 3, '2024-03-08 11:00:18', 0, 0, 0),
(577, '', '198bxb', 190400, 12, 570, 'test', NULL, '2024-03-08 15:24:50', '2024-03-08 15:26:05', '2024-03-08 15:26:05', NULL, 1, 'PBVuQIRR', '570vce5O2X', '', 2, 3, '2024-03-08 15:24:11', 0, 0, 0),
(578, '', '189tnt', 190400, 12, 571, 'Mart', NULL, '2024-03-11 12:27:58', '2024-03-11 12:30:00', '2024-03-11 12:30:00', NULL, 1, 'Z7TuQ11Y', '571vzskktx', '', 2, 3, '2024-03-11 12:22:59', 0, 0, 0),
(579, '', '459sdh', 190400, 12, 572, 'Aleks', NULL, '2024-03-12 13:21:35', '2024-03-12 13:23:54', '2024-03-12 13:23:54', NULL, 1, 'wTUih5UQ', '572vyK5Mi1', '', 2, 3, '2024-03-12 13:17:08', 0, 0, 0),
(580, '', '170bdn', 190400, 12, 573, 'Aleks', NULL, '2024-03-13 13:38:05', '2024-03-13 13:44:22', '2024-03-13 13:44:22', NULL, 1, 'caHZdFbO', '573v3nxfgf', '', 2, 3, '2024-03-13 13:33:27', 0, 0, 0),
(581, '', '371bkn', 190400, 12, 574, 'Aleks', NULL, '2024-03-14 13:39:45', '2024-03-14 13:42:23', '2024-03-14 13:42:23', NULL, 1, 'H65mtBt1', '574vXsHoyr', '', 2, 3, '2024-03-14 13:01:07', 0, 0, 0),
(582, '', '550mjx', 190400, 12, 575, 'Aleks', NULL, '2024-03-15 08:58:15', '2024-03-15 08:59:40', '2024-03-15 08:59:40', NULL, 1, '9xSNhIiB', '575vKkl3Eu', '', 2, 3, '2024-03-15 08:53:47', 0, 0, 0),
(583, '', '458BLM', 190400, 12, 576, 'Mart', NULL, '2024-03-18 11:49:38', '2024-03-18 11:52:06', '2024-03-18 11:52:06', NULL, 1, '0mEZwQgZ', '576vYElH21', '', 2, 3, '2024-03-18 11:45:07', 0, 0, 0),
(584, '', '826bcb', 190400, 12, 577, 'Aleks', NULL, '2024-03-19 13:48:45', '2024-03-19 13:53:15', '2024-03-19 13:53:15', NULL, 1, 'aNJ7sDsE', '577vDDKbFj', '', 2, 3, '2024-03-19 13:43:38', 0, 0, 0),
(585, '', '499kcy', 190400, 12, 578, 'Aleks', NULL, '2024-03-20 08:55:28', '2024-03-20 08:58:40', '2024-03-20 08:58:40', NULL, 1, 'e5PtcKLn', '578vmLSFEW', '', 2, 3, '2024-03-20 08:52:30', 0, 0, 0),
(586, '', '961grl', 190400, 12, 579, 'Aleks', NULL, '2024-03-21 09:22:16', '2024-03-21 09:27:18', '2024-03-21 09:27:18', NULL, 1, 'TbOcvFYq', '579vX2rlM9', '', 2, 3, '2024-03-21 09:06:58', 0, 0, 0),
(587, '', '126sfd', 190400, 12, 580, 'Aleks', NULL, '2024-03-21 15:13:11', '2024-03-21 15:15:11', '2024-03-21 15:15:11', NULL, 1, '5Ykdk2Qi', '580v27xz9R', '', 2, 3, '2024-03-21 15:06:38', 0, 0, 0),
(588, '', '678trg', 190400, 12, 581, 'Aleks', NULL, '2024-03-25 15:07:31', '2024-03-25 15:15:32', '2024-03-25 15:12:28', '2024-03-25 15:15:32', 1, 'MMBOkw5v', '581v1oY1Tz', '', 2, 3, '2024-03-25 14:35:38', 0, 0, 0),
(589, '', '451bdn', 190400, 12, 582, 'Aleks', NULL, '2024-03-26 08:31:42', '2024-03-31 11:55:42', '2024-03-26 08:36:05', '2024-03-31 11:55:42', 0, 'n214dM5F', '582viPDPRU', 'ccc', 2, 3, '2024-03-26 08:29:16', 0, 0, 0),
(590, '', '523AAB', 190402, 16, 583, '', NULL, '2024-03-29 20:59:44', '2024-03-29 21:22:18', '2024-03-29 21:20:33', '2024-03-29 21:22:18', 1, '7HJx2eiu', '583vGTdOqO', '', 2, 3, '2024-03-29 20:32:48', 0, 0, 0),
(591, '', '6565', 190402, 16, 584, 'hoot', NULL, '2024-03-29 21:01:31', NULL, NULL, NULL, 2, 'XQuj2RJO', '584vI8ZaJd', '', 1, 3, '2024-03-29 20:58:08', 0, 0, 0),
(592, '', '74747', 190400, 12, 585, '', NULL, '2024-04-30 13:26:43', NULL, NULL, NULL, 2, 'Video_20240430_032340.mp4', '585vN3WXTl', '', 1, 2, '2024-04-09 16:34:05', 0, 0, 0),
(593, '', 'ttt', 190400, 12, 586, '', NULL, '2024-05-01 10:56:34', NULL, NULL, NULL, 2, 'Video_20240501_105619.mp4', '586vUrQpYM', '', 1, 2, '2024-05-01 10:54:29', 0, 0, 0),
(594, '', 'video1', 190400, 12, 587, '', NULL, '2024-05-01 15:47:52', NULL, NULL, NULL, 2, 'Video_20240501_154512.mp4', '587vamx1Ur', '', 1, 2, '2024-05-01 15:40:46', 0, 0, 0),
(595, '', '7474', 190400, 12, 588, '', NULL, '2024-05-02 17:09:34', '2024-05-03 07:04:19', NULL, NULL, 2, 'Video_20240502_070610.mp4', '588vgfrhfo', '', 2, 2, '2024-05-02 09:30:40', 0, 0, 1),
(596, '', '3434', 190400, 12, 589, '', NULL, '2024-05-03 07:14:01', NULL, NULL, NULL, 2, 'Video_20240502_210903.mp4', '589vuDpn5s', '', 1, 2, '2024-05-03 07:03:46', 0, 0, 0),
(597, '', '5353', 190400, 12, 590, '', NULL, '2024-05-03 17:27:43', NULL, NULL, NULL, 2, '5353_hE8C5qCMhGm3e7rarnRw.mp4', '590vUIm5q4', '', 1, 2, '2024-05-03 07:18:10', 0, 0, 0),
(598, '', 'ggg2', 190400, 12, 591, '', NULL, '2024-05-03 19:05:20', NULL, NULL, NULL, 2, 'ggg2_eFgEOKMgugjjbDHHjof3.mp4', '591vLFxO3o', '', 1, 2, '2024-05-03 19:02:48', 0, 0, 0),
(599, '', '123', 190400, 12, 592, '', NULL, '2024-05-03 20:56:53', NULL, NULL, NULL, 2, '123_2jpwS4sLU81DwWxnsWRL.mp4', '592v09qKT4', '', 1, 2, '2024-05-03 20:55:37', 0, 0, 0),
(600, '', '222', 190400, 12, 593, '', NULL, '2024-05-04 12:42:17', NULL, NULL, NULL, 2, '222_Y7i1Srr0OO7lsilSlzFk.mp4', '593vyg4GXt', '', 1, 2, '2024-05-03 20:57:17', 0, 0, 0),
(601, '', '5151', 190400, 12, 594, 'Tester', NULL, '2024-05-07 04:56:28', NULL, NULL, NULL, 2, '5151_3KtQCByLIGF0WRPuRHD1.mp4', '594vCUA97Z', '', 1, 2, '2024-05-04 12:46:53', 0, 0, 0),
(602, '', '1111', 190400, 12, 595, '', NULL, '2024-05-07 12:39:51', NULL, NULL, NULL, 2, '1111_b8InWEMv13KFPyIbdPPO.mp4', '595vtEdMBK', '', 1, 2, '2024-05-07 12:34:33', 0, 0, 0),
(603, '', '1234', 190400, NULL, 596, NULL, NULL, NULL, NULL, NULL, NULL, 2, NULL, '596vd4oy4P', '', 0, 0, '2024-05-07 17:33:22', 0, 0, 0);

-- --------------------------------------------------------

--
-- Table structure for table `vis_video_link`
--

CREATE TABLE `vis_video_link` (
  `id` int UNSIGNED NOT NULL,
  `video_id` int NOT NULL,
  `sms` varchar(20) CHARACTER SET utf8mb3 DEFAULT NULL,
  `email` varchar(255) CHARACTER SET utf8mb3 DEFAULT NULL,
  `created_at` datetime NOT NULL
) ENGINE=InnoDB DEFAULT CHARSET=latin1;

--
-- Dumping data for table `vis_video_link`
--

INSERT INTO `vis_video_link` (`id`, `video_id`, `sms`, `email`, `created_at`) VALUES
(3, 246, '', 'raul@hiteh.ee', '2021-01-20 16:23:46'),
(5, 245, '', 'klampkaido@gmail.com', '2021-01-21 12:34:47'),
(6, 245, '', 'klampkaido@gmail.com', '2021-01-25 12:34:30'),
(7, 245, '', 'klampkaido@gmail.com', '2021-01-25 12:35:51'),
(8, 246, '', 'klampkaido@gmail.com', '2021-01-25 13:50:01'),
(9, 234, '', 'kasuminch@gmail.com', '2021-01-25 15:34:23'),
(10, 246, '', 'klampkaido@gmail.com', '2021-01-25 15:46:08'),
(13, 247, '58181807', '', '2021-01-28 09:25:57'),
(14, 247, '5069119', '', '2021-01-28 10:04:39'),
(15, 246, NULL, 'kasuminch@gmail.com', '2021-02-01 08:33:34'),
(16, 247, '53317909', 'klampkaido@gmail.com', '2021-02-02 15:00:12'),
(17, 247, '5053375', 'raul@hiteh.ee', '2021-02-02 17:55:19'),
(18, 249, '5053375', 'raul@hiteh.ee', '2021-02-02 18:27:25'),
(19, 250, '5053375', 'raul@hiteh.ee', '2021-02-09 14:24:59'),
(20, 250, '5069119', 'tom@hiteh.ee', '2021-02-09 14:25:41'),
(21, 251, '5053375', NULL, '2021-02-09 16:08:51'),
(22, 251, NULL, 'raul@hiteh.ee', '2021-02-09 16:09:08'),
(23, 241, NULL, 'raul@hiteh.ee', '2021-02-10 09:15:36'),
(24, 252, '5053375', 'raul@hiteh.ee', '2021-02-19 13:07:03'),
(25, 252, '5069119', NULL, '2021-02-19 13:07:31'),
(26, 253, '5053375', 'raul@hiteh.ee', '2021-02-22 08:03:01'),
(27, 254, '5053375', 'raul@hiteh.ee', '2021-02-26 09:22:37'),
(28, 254, '5069119', NULL, '2021-02-26 09:23:40'),
(29, 255, '5053375', 'raul@hiteh.ee', '2021-03-04 09:53:27'),
(30, 255, '5069119', NULL, '2021-03-04 09:54:42'),
(31, 256, '5053375', NULL, '2021-03-05 13:41:32'),
(32, 257, '5053375', NULL, '2021-03-05 13:41:47'),
(33, 258, '5053375', NULL, '2021-03-18 11:16:13'),
(34, 258, NULL, 'JOOSEP@HITEH.EE', '2021-03-18 11:35:18'),
(35, 259, '5053375', NULL, '2021-03-18 11:35:38'),
(36, 260, '5053375', NULL, '2021-03-18 13:37:37'),
(37, 261, '5053375', NULL, '2021-03-18 15:10:22'),
(38, 262, '5053375', NULL, '2021-03-21 13:48:44'),
(39, 264, '5288180', NULL, '2021-04-11 10:14:46'),
(40, 266, '5053375', 'raul@hiteh.ee', '2021-04-16 07:39:12'),
(41, 267, '5053375', 'raul@hiteh.ee', '2021-04-16 08:29:23'),
(42, 268, NULL, 'kristjan@hiteh.ee', '2021-04-16 11:15:24'),
(43, 270, '5017011', NULL, '2021-04-21 10:38:14'),
(44, 270, '5017011', NULL, '2021-04-21 10:39:25'),
(45, 270, '53317909', NULL, '2021-04-21 10:44:12'),
(46, 270, '5017011', NULL, '2021-04-21 10:45:38'),
(47, 270, '5017011', NULL, '2021-04-21 10:48:03'),
(48, 270, '53317909', NULL, '2021-04-21 12:15:44'),
(49, 270, NULL, 'kasuminch@gmail.com', '2021-04-21 12:24:43'),
(50, 270, '53317909', NULL, '2021-04-21 12:36:16'),
(51, 270, '53317909', NULL, '2021-04-21 14:02:43'),
(52, 271, '53317909', 'klampkaido@gmail.com', '2021-04-21 15:22:45'),
(53, 272, '53317909', 'klampkaido@gmail.com', '2021-04-21 19:59:26'),
(54, 273, '53317909', 'klampkaido@gmail.com', '2021-04-26 12:49:56'),
(55, 274, '5233660', 'tanel@forss.ee', '2021-04-26 15:01:43'),
(56, 269, '53317909', NULL, '2021-04-28 03:34:54'),
(57, 234, '53317909', NULL, '2021-04-28 09:48:09'),
(58, 234, '55573', NULL, '2021-04-28 09:48:55'),
(59, 275, '5053375', 'raul@hiteh.ee', '2021-04-28 17:22:52'),
(60, 276, '5053375', 'raul@hiteh.ee', '2021-04-28 17:25:41'),
(61, 234, '53317909', NULL, '2021-04-29 15:44:16'),
(62, 234, '55573', NULL, '2021-04-29 15:44:51'),
(63, 275, '505337', NULL, '2021-04-29 16:24:31'),
(64, 276, '505337', NULL, '2021-04-29 16:25:02'),
(65, 268, '5252548', NULL, '2021-04-29 17:02:18'),
(66, 268, '5252548', NULL, '2021-04-29 17:05:16'),
(67, 268, '525254', NULL, '2021-04-29 17:25:49'),
(68, 268, '5252548', NULL, '2021-04-29 17:26:00'),
(69, 268, '5252548', NULL, '2021-04-29 17:28:40'),
(70, 268, '525254', NULL, '2021-04-29 17:37:48'),
(71, 268, '5252548', NULL, '2021-04-29 17:37:58'),
(72, 234, '33', NULL, '2021-04-29 17:56:44'),
(73, 234, '765444443', NULL, '2021-04-29 17:57:14'),
(74, 234, '53317909', NULL, '2021-04-29 17:57:30'),
(75, 279, NULL, 'JOOSEP@hiteh.ee', '2021-05-18 11:24:28'),
(76, 280, '5053375', 'tom@hiteh.ee', '2021-05-25 11:26:05'),
(77, 280, NULL, 'marko@looautokeskus.ee', '2021-06-11 16:27:42'),
(78, 282, '53317909', 'klampkaido@gmail.com', '2021-07-21 14:20:40'),
(79, 283, '5053375', 'raul@hiteh.ee', '2021-07-27 12:26:52'),
(80, 284, '5053375', 'raul@hiteh.ee', '2021-08-05 09:27:52'),
(81, 285, '55586125', NULL, '2021-08-19 16:43:01'),
(82, 286, '5053375', 'raul@hiteh.ee', '2021-08-26 09:38:53'),
(83, 286, '5069119', NULL, '2021-08-26 09:39:24'),
(84, 289, '5053375', 'raul@hiteh.ee', '2021-09-15 15:15:33'),
(85, 288, '5053375', 'raul@hiteh.ee', '2021-09-16 10:59:25'),
(86, 290, '55958979', NULL, '2021-09-16 16:02:43'),
(87, 291, '5053375', 'raul@hiteh.ee', '2021-09-20 14:39:26'),
(88, 292, '5053375', 'raul@hiteh.ee', '2021-09-21 09:36:31'),
(89, 293, '5053375', 'raul@hiteh.ee', '2021-09-21 15:33:15'),
(90, 294, '5053375', 'raul@hiteh.ee', '2021-09-30 20:15:16'),
(91, 274, '53317909', NULL, '2021-10-21 08:54:32'),
(92, 274, '53317909', NULL, '2021-10-21 08:55:47'),
(93, 297, '5069119', 'tom@hiteh.ee', '2021-10-21 09:00:11'),
(94, 297, '5069119', 'tom@hiteh.ee', '2021-10-21 09:00:31'),
(95, 297, '5069119', 'tom@hiteh.ee', '2021-10-21 09:01:22'),
(96, 297, NULL, 'tom@hiteh.ee', '2021-10-21 09:01:36'),
(97, 297, NULL, 'tom@hiteh.ee', '2021-10-21 10:01:00'),
(98, 297, '5069119', NULL, '2021-10-21 10:01:28'),
(99, 297, '56690833', NULL, '2021-10-21 10:01:48'),
(100, 297, NULL, 'tom@hiteh.ee', '2021-10-21 10:02:07'),
(101, 297, NULL, 'aleksei@hiteh.ee', '2021-10-21 10:02:39'),
(102, 274, '53317909', NULL, '2021-10-21 12:58:00'),
(103, 297, '55586125', NULL, '2021-10-22 12:12:46'),
(104, 298, '5053375', 'raul@hiteh.ee', '2021-11-18 15:42:51'),
(105, 302, '5053375', 'tom@hiteh.ee', '2022-02-17 13:06:35'),
(106, 303, '5053375', 'raul@hiteh.ee', '2022-02-18 14:42:39'),
(107, 303, NULL, 'tom@hiteh.ee', '2022-02-18 14:43:04'),
(108, 304, '53988095', NULL, '2022-02-19 17:36:11'),
(109, 305, '5053375', 'raul@hiteh.ee', '2022-02-23 09:28:06'),
(110, 305, NULL, 'tom@hiteh.ee', '2022-02-23 09:28:40'),
(111, 306, NULL, 'tom@hiteh.ee', '2022-02-28 14:48:50'),
(112, 307, '5053375', 'raul@hiteh.ee', '2022-03-15 13:49:18'),
(113, 308, '5133670', 'joosep@hiteh.ee', '2022-03-15 14:26:43'),
(114, 309, '5053375', 'raul@hiteh.ee', '2022-03-15 15:06:12'),
(115, 310, '5133670', 'joosep@hiteh.ee', '2022-03-15 15:15:52'),
(116, 308, '5069119', NULL, '2022-03-15 15:53:06'),
(117, 312, '5053375', 'raul@hiteh.ee', '2022-03-16 15:01:29'),
(118, 311, '5053375', 'raul@hiteh.ee', '2022-03-16 15:01:45'),
(119, 311, NULL, 'joosep@hiteh.ee', '2022-03-16 15:02:28'),
(120, 312, NULL, 'joosep@hiteh.ee', '2022-03-16 15:02:53'),
(121, 313, NULL, 'joosep@hiteh.ee', '2022-03-18 10:22:19'),
(122, 314, '5069119', 'tom@hiteh.ee', '2022-03-23 11:31:44'),
(123, 315, '5069119', 'tom@hiteh.ee', '2022-03-24 13:53:21'),
(124, 316, '5053375', 'raul@hiteh.ee', '2022-03-28 16:13:15'),
(125, 316, NULL, 'tom@hiteh.ee', '2022-03-28 16:13:43'),
(126, 317, '5069119', 'tom@hiteh.ee', '2022-03-29 08:54:04'),
(127, 318, NULL, 'tom@hiteh.ee', '2022-03-29 12:24:24'),
(128, 319, '5053375', 'raul@hiteh.ee', '2022-03-30 17:35:51'),
(129, 320, '5133670', 'joosep@hiteh.ee', '2022-03-31 15:25:42'),
(130, 321, '5053375', 'raul@hiteh.ee', '2022-03-31 16:43:13'),
(131, 322, NULL, 'tom@hiteh.ee', '2022-04-04 12:39:35'),
(132, 323, '53440440', NULL, '2022-04-05 14:43:28'),
(133, 323, '5032771', NULL, '2022-04-05 14:44:31'),
(134, 327, NULL, 'tom@hiteh.ee', '2022-04-08 10:07:14'),
(135, 326, NULL, 'tom@hiteh.ee', '2022-04-08 10:07:24'),
(136, 324, NULL, 'tom@hiteh.ee', '2022-04-08 10:07:35'),
(137, 325, NULL, 'tom@hiteh.ee', '2022-04-08 10:07:46'),
(138, 328, NULL, 'tom@hiteh.ee', '2022-04-08 14:24:33'),
(139, 329, NULL, 'tom@hiteh.ee', '2022-04-08 14:26:26'),
(140, 330, '53317909', 'klampkaido@gmail.com', '2022-04-17 16:37:32'),
(141, 331, NULL, 'tom@hiteh.ee', '2022-04-18 08:48:11'),
(142, 331, NULL, 'joosep@hiteh.ee', '2022-04-18 08:48:34'),
(143, 332, NULL, 'tom@hiteh.ee', '2022-04-20 08:37:30'),
(144, 333, '5069119', 'tom@hiteh.ee', '2022-04-21 15:02:16'),
(145, 333, '5049175', NULL, '2022-04-21 15:03:21'),
(146, 336, '5069119', 'tom@hiteh.ee', '2022-04-26 15:41:13'),
(147, 337, NULL, 'tom@hiteh.ee', '2022-04-26 15:57:45'),
(148, 338, NULL, 'tom@hiteh.ee', '2022-04-28 16:11:19'),
(149, 338, '56262909', NULL, '2022-04-28 16:12:07'),
(150, 339, NULL, 'tom@hiteh.ee', '2022-05-04 11:04:15'),
(151, 340, '53039002', 'tom@hiteh.ee', '2022-05-04 14:11:53'),
(152, 340, '5053375', NULL, '2022-06-03 12:29:16'),
(153, 341, '5053375', 'raul@hiteh.ee', '2022-06-07 16:10:05'),
(154, 341, NULL, 'tom@hiteh.ee', '2022-06-07 16:10:40'),
(155, 342, '5053375', 'raul@hiteh.ee', '2022-06-08 09:10:22'),
(156, 342, NULL, 'tom@hiteh.ee', '2022-06-08 09:10:47'),
(157, 350, '5011678', 'andres.enula@mail.ee', '2022-09-04 16:12:51'),
(158, 356, NULL, 'tom@hiteh.ee', '2023-02-15 11:00:12'),
(159, 357, '5053375', 'raul@hiteh.ee', '2023-02-16 10:29:38'),
(160, 357, NULL, 'tom@hiteh.ee', '2023-02-16 10:30:01'),
(161, 358, '5069119', 'tom@hiteh.ee', '2023-02-17 14:40:01'),
(162, 359, NULL, 'raul@hiteh.ee', '2023-02-18 12:04:28'),
(163, 360, '5069119', 'tom@hiteh.ee', '2023-02-20 09:06:48'),
(164, 361, NULL, 'tom@hiteh.ee', '2023-02-20 11:04:45'),
(165, 362, '5069119', 'tom@hiteh.ee', '2023-02-21 13:41:42'),
(166, 363, '5069119', 'tom@hiteh.ee', '2023-02-22 13:55:43'),
(167, 364, '5069119', 'tom@hiteh.ee', '2023-02-22 15:44:30'),
(168, 365, NULL, 'tom@hiteh.ee', '2023-02-28 13:54:35'),
(169, 366, '5069119', 'tom@hiteh.ee', '2023-03-01 09:03:09'),
(170, 367, '5069119', 'tom@hiteh.ee', '2023-03-02 11:54:12'),
(171, 368, '5069119', 'tom@hiteh.ee', '2023-03-03 08:46:52'),
(172, 368, NULL, 'joosep@hiteh.ee', '2023-03-03 08:48:00'),
(173, 369, '5069119', 'tom@hiteh.ee', '2023-03-03 09:54:30'),
(174, 370, '5069119', 'tom@hiteh.ee', '2023-03-07 10:59:23'),
(175, 371, '5069119', 'tom@hiteh.ee', '2023-03-07 15:28:29'),
(176, 372, '5133670', 'joosep@hiteh.ee', '2023-03-08 11:46:43'),
(177, 373, '55573491', 'joosep@hiteh.ee', '2023-03-08 12:40:07'),
(178, 373, NULL, 'tom@hiteh.ee', '2023-03-08 12:45:09'),
(179, 374, '5069119', 'tom@hiteh.ee', '2023-03-09 11:12:22'),
(180, 375, NULL, 'tom@hiteh.ee', '2023-03-09 16:11:38'),
(181, 375, '54440003', NULL, '2023-03-09 17:56:01'),
(182, 376, '5069119', 'tom@hiteh.ee', '2023-03-10 10:33:52'),
(183, 377, '5069119', 'tom@hiteh.ee', '2023-03-13 08:46:00'),
(184, 378, '5069119', 'tom@hiteh.ee', '2023-03-13 09:35:02'),
(185, 379, '5069119', 'tom@hiteh.ee', '2023-03-14 10:05:17'),
(186, 380, '5069119', 'tom@hiteh.ee', '2023-03-14 10:11:08'),
(187, 381, '5069119', 'tom@hiteh.ee', '2023-03-20 09:56:04'),
(188, 382, '5069119', 'tom@hiteh.ee', '2023-03-20 09:58:17'),
(189, 383, '5069119', 'tom@hiteh.ee', '2023-03-22 08:41:28'),
(190, 384, '5069119', 'tom@hiteh.ee', '2023-03-22 10:12:20'),
(191, 385, '5053375', 'raul@hiteh.ee', '2023-03-22 14:31:09'),
(192, 386, '5069119', 'tom@hiteh.ee', '2023-03-27 08:46:24'),
(193, 387, '5069119', 'tom@hiteh.ee', '2023-03-27 12:08:00'),
(194, 388, '5069119', 'tom@hiteh.ee', '2023-03-28 08:36:14'),
(195, 389, '5069119', 'tom@hiteh.ee', '2023-03-29 09:32:52'),
(196, 390, '5053375', 'raul@hiteh.ee', '2023-03-30 08:46:43'),
(197, 391, '5069119', 'tom@hiteh.ee', '2023-03-31 13:19:06'),
(198, 391, NULL, 'joosep@hiteh.ee', '2023-03-31 13:53:20'),
(199, 392, '5069119', 'tom@hiteh.ee', '2023-04-03 09:47:02'),
(200, 393, '5069119', 'tom@hiteh.ee', '2023-04-03 11:47:45'),
(201, 394, '5069119', 'tom@hiteh.ee', '2023-04-04 09:44:48'),
(202, 395, '5069119', 'tom@hiteh.ee', '2023-04-10 12:11:40'),
(203, 396, '5069119', 'tom@hiteh.ee', '2023-04-10 14:48:43'),
(204, 398, '5069119', 'tom@hiteh.ee', '2023-04-13 09:24:55'),
(205, 399, '5069119', 'tom@hiteh.ee', '2023-04-14 08:26:46'),
(206, 400, '5069119', 'tom@hiteh.ee', '2023-04-14 08:33:36'),
(207, 401, '5069119', 'tom@hiteh.ee', '2023-04-18 08:36:55'),
(208, 402, '5069119', 'tom@hiteh.ee', '2023-04-18 09:24:07'),
(209, 403, '5069119', 'tom@hiteh.ee', '2023-04-20 08:54:02'),
(210, 404, '5069119', 'tom@hiteh.ee', '2023-04-24 09:51:10'),
(211, 405, '5069119', 'tom@hiteh.ee', '2023-04-24 13:44:26'),
(212, 406, '5069119', 'tom@hiteh.ee', '2023-04-24 14:35:15'),
(213, 407, NULL, 'tom@hiteh.ee', '2023-04-26 08:28:44'),
(214, 407, NULL, 'joosep@hiteh.ee', '2023-04-26 08:29:15'),
(215, 407, '5069119', NULL, '2023-04-26 08:34:32'),
(216, 408, '5069119', 'tom@hiteh.ee', '2023-04-27 08:13:08'),
(217, 409, '5069119', 'tom@hiteh.ee', '2023-04-27 13:08:41'),
(218, 410, '5069119', 'tom@hiteh.ee', '2023-05-02 13:55:28'),
(219, 411, '5069119', 'tom@hiteh.ee', '2023-05-02 15:52:48'),
(220, 412, '5069119', 'tom@hiteh.ee', '2023-05-04 09:18:25'),
(221, 413, '5069119', 'tom@hiteh.ee', '2023-05-04 14:44:26'),
(222, 413, NULL, 'raul@hiteh.ee', '2023-05-04 14:45:06'),
(223, 414, '5069119', 'tom@hiteh.ee', '2023-05-04 15:42:30'),
(224, 415, '5069119', 'tom@hiteh.ee', '2023-05-08 09:44:25'),
(225, 416, '5069119', 'tom@hiteh.ee', '2023-05-09 15:57:28'),
(226, 417, '5069119', 'tom@hiteh.ee', '2023-05-10 08:31:18'),
(227, 418, '5069119', 'tom@hiteh.ee', '2023-05-10 11:03:59'),
(228, 419, NULL, 'raul@hiteh.ee', '2023-05-12 08:06:27'),
(229, 420, '5069119', 'tom@hiteh.ee', '2023-05-16 10:14:01'),
(230, 421, '5069119', 'tom@hiteh.ee', '2023-05-23 15:17:19'),
(231, 422, '5069119', 'tom@hiteh.ee', '2023-05-23 16:10:44'),
(232, 423, '5069119', 'tom@hiteh.ee', '2023-05-24 08:32:16'),
(233, 424, '5069119', 'tom@hiteh.ee', '2023-05-24 09:40:43'),
(234, 425, '5069119', 'artjom@hiteh.ee', '2023-05-25 14:08:59'),
(235, 425, NULL, 'tom@hiteh.ee', '2023-05-25 14:09:27'),
(236, 426, '5069119', 'tom@hiteh.ee', '2023-05-26 08:53:59'),
(237, 427, '5069119', 'tom@hiteh.ee', '2023-05-26 11:02:25'),
(238, 428, '5069119', 'tom@hiteh.ee', '2023-05-26 13:49:52'),
(239, 429, '5069119', 'tom@hiteh.ee', '2023-05-26 14:53:44'),
(240, 430, '5069119', 'tom@hiteh.ee', '2023-05-29 12:33:30'),
(241, 431, '5069119', 'tom@hiteh.ee', '2023-05-31 09:43:20'),
(242, 438, '5069119', 'tom@hiteh.ee', '2023-06-06 09:27:39'),
(243, 438, NULL, 'raul@hiteh.ee', '2023-06-06 09:28:10'),
(244, 439, '5069119', 'tom@hiteh.ee', '2023-06-07 09:27:20'),
(245, 440, '5069119', 'tom@hiteh.ee', '2023-06-07 10:24:16'),
(246, 441, '5069119', 'tom@hiteh.ee', '2023-06-07 14:34:24'),
(247, 442, '5069119', 'tom@hiteh.ee', '2023-06-07 15:37:13'),
(248, 443, '5069119', 'tom@hiteh.ee', '2023-06-08 10:14:23'),
(249, 444, '5069119', 'tom@hiteh.ee', '2023-06-08 12:11:07'),
(250, 445, '5069119', 'tom@hiteh.ee', '2023-06-09 10:24:48'),
(251, 446, '5053375', 'raul@hiteh.ee', '2023-06-12 09:22:18'),
(252, 447, '5069119', 'tom@hiteh.ee', '2023-06-12 13:02:27'),
(253, 448, '5069119', 'tom@hiteh.ee', '2023-06-12 14:24:04'),
(254, 449, '5069119', 'tom@hiteh.ee', '2023-06-13 08:42:35'),
(255, 450, '5069119', 'tom@hiteh.ee', '2023-06-13 13:23:18'),
(256, 451, '5069119', 'tom@hiteh.ee', '2023-06-13 13:48:11'),
(257, 452, '5069119', 'tom@hiteh.ee', '2023-06-14 10:05:22'),
(258, 453, '5069119', 'tom@hiteh.ee', '2023-06-14 12:35:30'),
(259, 454, '5069119', 'tom@hiteh.ee', '2023-06-15 09:49:04'),
(260, 455, '5069119', 'tom@hiteh.ee', '2023-06-16 11:11:14'),
(261, 456, '5069119', 'tom@hiteh.ee', '2023-06-16 12:11:52'),
(262, 457, '5069119', 'tom@hiteh.ee', '2023-06-19 08:59:09'),
(263, 458, '5069119', 'tom@hiteh.ee', '2023-06-19 11:25:01'),
(264, 459, '5069119', 'tom@hiteh.ee', '2023-06-19 12:08:42'),
(265, 460, '5069119', 'tom@hiteh.ee', '2023-06-20 09:24:18'),
(266, 461, '5069119', 'tom@hiteh.ee', '2023-06-28 08:28:32'),
(267, 462, '5069119', 'tom@hiteh.ee', '2023-06-28 08:49:40'),
(268, 463, '5069119', 'tom@hiteh.ee', '2023-06-28 13:13:38'),
(269, 464, '58081474', NULL, '2023-07-02 12:11:19'),
(270, 466, '5069119', 'tom@hiteh.ee', '2023-07-07 08:34:58'),
(271, 467, '5069119', 'tom@hiteh.ee', '2023-07-07 12:07:14'),
(272, 468, '5069119', 'tom@hiteh.ee', '2023-07-07 13:51:31'),
(273, 469, NULL, 'raul@hiteh.ee', '2023-07-08 13:20:09'),
(274, 470, NULL, 'raul@hiteh.ee', '2023-07-08 13:20:25'),
(275, 471, NULL, 'raul@hiteh.ee', '2023-07-08 13:20:36'),
(276, 472, NULL, 'raul@hiteh.ee', '2023-07-08 13:20:51'),
(277, 473, NULL, 'raul@hiteh.ee', '2023-07-08 13:23:42'),
(278, 474, '5053375', 'raul@hiteh.ee', '2023-07-12 17:46:11'),
(279, 475, '5069119', 'tom@hiteh.ee', '2023-07-14 11:17:35'),
(280, 476, '5069119', 'tom@hiteh.ee', '2023-07-14 13:54:48'),
(281, 477, '5069119', 'tom@hiteh.ee', '2023-07-18 09:15:24'),
(282, 478, '5069119', 'tom@hiteh.ee', '2023-07-18 09:26:09'),
(283, 479, '5053375', 'raul@hiteh.ee', '2023-07-18 15:58:30'),
(284, 482, '5069119', 'tom@hiteh.ee', '2023-09-18 15:06:24'),
(285, 483, '5053375', 'raul@hiteh.ee', '2023-09-19 14:37:07'),
(286, 484, '5053375', 'raul@hiteh.ee', '2023-09-19 14:37:19'),
(287, 485, '5069119', 'tom@hiteh.ee', '2023-09-21 10:42:51'),
(288, 486, '5069119', 'tom@hiteh.ee', '2023-09-26 09:19:40'),
(289, 487, '5053375', 'raul@hiteh.ee', '2023-09-26 11:51:12'),
(290, 487, NULL, 'tom@hiteh.ee', '2023-09-26 11:51:50'),
(291, 488, '5069119', 'tom@hiteh.ee', '2023-09-26 15:41:45'),
(292, 489, '5069119', 'tom@hiteh.ee', '2023-09-29 08:43:19'),
(293, 490, '5069119', 'tom@hiteh.ee', '2023-09-29 08:43:35'),
(294, 491, '5069119', 'tom@hiteh.ee', '2023-10-02 08:53:08'),
(295, 492, '5069119', 'tom@hiteh.ee', '2023-10-03 09:02:03'),
(296, 493, '5069119', 'tom@hiteh.ee', '2023-10-04 16:13:38'),
(297, 494, '5069119', 'tom@hiteh.ee', '2023-10-09 09:47:18'),
(298, 495, '5069119', 'tom@hiteh.ee', '2023-10-09 15:18:37'),
(299, 496, NULL, 'tom@hiteh.ee', '2023-10-11 09:09:50'),
(300, 496, NULL, 'joosep@hiteh.ee', '2023-10-11 09:10:15'),
(301, 498, '5069119', 'tom@hiteh.ee', '2023-10-11 12:20:10'),
(302, 499, '5069119', 'tom@hiteh.ee', '2023-10-12 09:28:51'),
(303, 500, '5069119', 'tom@hiteh.ee', '2023-10-16 14:37:00'),
(304, 501, '5069119', 'tom@hiteh.ee', '2023-10-18 10:57:29'),
(305, 502, '5069119', 'tom@hiteh.ee', '2023-10-18 11:45:54'),
(306, 503, '5069119', 'tom@hiteh.ee', '2023-10-23 11:34:23'),
(307, 504, '5069119', 'tom@hiteh.ee', '2023-10-25 08:58:14'),
(308, 505, '5069119', 'tom@hiteh.ee', '2023-11-01 10:00:39'),
(309, 506, '5133670', 'joosep@hiteh.ee', '2023-11-02 15:41:08'),
(310, 507, '5133670', 'joosep@hiteh.ee', '2023-11-03 10:05:46'),
(311, 509, '5133670', 'joosep@hiteh.ee', '2023-11-07 09:42:14'),
(312, 508, '5133670', 'joosep@hiteh.ee', '2023-11-07 09:42:34'),
(313, 510, '5069119', 'tom@hiteh.ee', '2023-11-07 12:32:53'),
(314, 511, '5069119', 'tom@hiteh.ee', '2023-11-20 09:52:01'),
(315, 512, '5069119', 'tom@hiteh.ee', '2023-11-29 09:11:16'),
(316, 514, '5069119', 'tom@hiteh.ee', '2023-12-20 08:30:47'),
(317, 513, '5069119', 'tom@hiteh.ee', '2023-12-20 08:31:02'),
(318, 515, '5069119', 'tom@hiteh.ee', '2024-01-18 16:00:38'),
(319, 516, '5069119', 'tom@hiteh.ee', '2024-01-19 09:06:05'),
(320, 517, '5069119', 'tom@hiteh.ee', '2024-01-19 09:06:21'),
(321, 518, '5069119', 'tom@hiteh.ee', '2024-01-22 10:43:43'),
(322, 519, '5069119', 'tom@hiteh.ee', '2024-01-22 13:45:12'),
(323, 521, NULL, 'tom@hiteh.ee', '2024-01-24 15:56:57'),
(324, 521, NULL, 'raul@hiteh.ee', '2024-01-24 15:57:44'),
(325, 520, '5069119', 'tom@hiteh.ee', '2024-01-26 09:43:29'),
(326, 522, '5069119', 'tom@hiteh.ee', '2024-01-26 10:18:44'),
(327, 523, '5069119', 'tom@hiteh.ee', '2024-01-29 13:17:07'),
(328, 524, '5069119', 'tom@hiteh.ee', '2024-01-30 09:01:27'),
(329, 525, '5069119', 'tom@hiteh.ee', '2024-01-30 10:09:16'),
(330, 526, '5069119', 'tom@hiteh.ee', '2024-01-30 11:28:28'),
(331, 527, '5069119', 'tom@hiteh.ee', '2024-01-30 15:03:49'),
(332, 528, '5069119', 'tom@hiteh.ee', '2024-02-05 11:13:44'),
(333, 529, '5069119', 'tom@hiteh.ee', '2024-02-05 13:59:13'),
(334, 530, '5069119', 'tom@hiteh.ee', '2024-02-05 15:23:45'),
(335, 531, '5069119', 'tom@hiteh.ee', '2024-02-07 09:04:38'),
(336, 532, '5069119', 'tom@hiteh.ee', '2024-02-08 08:44:10'),
(337, 533, '5069119', 'tom@hiteh.ee', '2024-02-08 13:24:24'),
(338, 534, '5069119', 'tom@hiteh.ee', '2024-02-09 12:33:57'),
(339, 535, '5069119', 'tom@hiteh.ee', '2024-02-12 09:15:11'),
(340, 536, '5069119', 'tom@hiteh.ee', '2024-02-14 13:23:31'),
(341, 537, '5069119', 'tom@hiteh.ee', '2024-02-15 11:07:36'),
(342, 538, '5069119', 'tom@hiteh.ee', '2024-02-15 14:08:24'),
(343, 539, '5069119', 'tom@hiteh.ee', '2024-02-16 08:52:11'),
(344, 540, '5069119', 'tom@hiteh.ee', '2024-02-16 09:54:08'),
(345, 541, '5069119', 'tom@hiteh.ee', '2024-02-20 12:00:09'),
(346, 542, '5069119', 'tom@hiteh.ee', '2024-02-21 15:57:57'),
(347, 543, '5069119', 'tom@hiteh.ee', '2024-02-22 08:21:23'),
(348, 544, '5069119', 'tom@hiteh.ee', '2024-02-22 13:37:49'),
(349, 545, '5069119', 'tom@hiteh.ee', '2024-02-28 11:06:40'),
(350, 546, '5069119', 'tom@hiteh.ee', '2024-03-01 10:20:04'),
(351, 548, '5069119', 'tom@hiteh.ee', '2024-03-05 08:09:52'),
(352, 574, '53317909', NULL, '2024-03-07 12:14:45'),
(353, 575, '5069119', 'tom@hiteh.ee', '2024-03-08 10:13:30'),
(354, 576, '5069119', 'tom@hiteh.ee', '2024-03-08 12:50:43'),
(355, 576, NULL, 'tom@hiteh.ee', '2024-03-08 15:23:02'),
(356, 577, '5069119', 'tom@hiteh.ee', '2024-03-08 15:26:05'),
(357, 578, '5069119', 'tom@hiteh.ee', '2024-03-11 12:30:00'),
(358, 579, '5069119', 'tom@hiteh.ee', '2024-03-12 13:23:54'),
(359, 580, '5069119', 'tom@hiteh.ee', '2024-03-13 13:44:22'),
(360, 581, '5069119', 'tom@hiteh.ee', '2024-03-14 13:42:23'),
(361, 582, '5069119', 'tom@hiteh.ee', '2024-03-15 08:59:40'),
(362, 583, '5069119', 'tom@hiteh.ee', '2024-03-18 11:52:06'),
(363, 584, '5069119', 'tom@hiteh.ee', '2024-03-19 13:53:15'),
(364, 585, '5069119', 'tom@hiteh.ee', '2024-03-20 08:58:40'),
(365, 586, '5069119', 'tom@hiteh.ee', '2024-03-21 09:27:18'),
(366, 587, '5069119', 'tom@hiteh.ee', '2024-03-21 15:15:11'),
(367, 588, '5069119', 'tom@hiteh.ee', '2024-03-25 15:12:28'),
(368, 588, NULL, 'joosep@hiteh.ee', '2024-03-25 15:15:32'),
(369, 589, '5069119', 'tom@hiteh.ee', '2024-03-26 08:36:05'),
(370, 590, '53317909', NULL, '2024-03-29 21:20:33'),
(371, 590, NULL, 'klampkaido@gmail.com', '2024-03-29 21:22:18'),
(372, 589, '53317909', 'klampkaido@gmail.com', '2024-03-31 11:55:42');

-- --------------------------------------------------------

--
-- Table structure for table `vis_video_log`
--

CREATE TABLE `vis_video_log` (
  `vl_id` int NOT NULL,
  `vl_video_id` int NOT NULL,
  `vl_company_id` int DEFAULT NULL,
  `vl_device_id` int DEFAULT NULL,
  `vl_created_at` varchar(20) DEFAULT NULL,
  `vl_play_time` varchar(20) DEFAULT NULL,
  `ip_address` char(20) DEFAULT NULL
) ENGINE=InnoDB DEFAULT CHARSET=utf8mb3;

--
-- Dumping data for table `vis_video_log`
--

INSERT INTO `vis_video_log` (`vl_id`, `vl_video_id`, `vl_company_id`, `vl_device_id`, `vl_created_at`, `vl_play_time`, `ip_address`) VALUES
(1, 217, 190397, 8, '2020-05-21 16:24:39', NULL, '23.105.155.2'),
(2, 217, 190397, 8, '2020-05-21 16:25:49', NULL, '23.105.155.2'),
(3, 217, 190397, 8, '2020-05-21 17:15:30', NULL, '23.105.155.2'),
(4, 217, 190397, 8, '2020-05-21 17:39:30', NULL, '23.105.155.2'),
(5, 217, 190397, 8, '2020-05-21 19:06:13', NULL, '104.140.240.2'),
(6, 216, 190397, 8, '2020-05-21 21:48:55', NULL, '85.253.252.215'),
(7, 216, 190397, 8, '2020-05-21 21:49:19', NULL, '85.253.252.215'),
(8, 219, 190397, 8, '2020-05-22 13:57:25', NULL, '37.157.110.229'),
(9, 219, 190397, 8, '2020-05-22 13:58:37', NULL, '195.8.204.11'),
(10, 219, 190397, 8, '2020-05-22 14:01:54', NULL, '195.8.204.11'),
(11, 219, 190397, 8, '2020-05-27 13:38:31', NULL, '84.50.5.56'),
(12, 220, 190399, 11, '2020-06-04 07:22:05', NULL, '85.253.252.215'),
(13, 220, 190399, 11, '2020-06-04 07:23:49', NULL, '85.253.252.215'),
(14, 220, 190399, 11, '2020-06-04 07:37:27', NULL, '85.253.252.215'),
(15, 221, 190399, 11, '2020-06-04 12:24:19', NULL, '82.131.22.134'),
(16, 221, 190399, 11, '2020-06-04 12:24:35', NULL, '82.131.22.134'),
(17, 222, 190399, 11, '2020-06-04 12:25:54', NULL, '82.131.22.134'),
(18, 221, 190399, 11, '2020-06-04 12:26:39', NULL, '82.131.22.134'),
(19, 223, 190399, 11, '2020-06-05 09:35:54', NULL, '85.29.251.117'),
(20, 223, 190399, 11, '2020-06-05 09:37:40', NULL, '85.29.251.117'),
(21, 223, 190399, 11, '2020-06-05 09:57:18', NULL, '85.29.251.117'),
(22, 223, 190399, 11, '2020-06-05 09:59:07', NULL, '85.29.251.117'),
(23, 223, 190399, 11, '2020-06-05 10:29:41', NULL, '85.29.251.117'),
(24, 225, 190399, 11, '2020-06-05 10:48:30', NULL, '91.129.97.244'),
(25, 225, 190399, 11, '2020-06-05 10:48:37', NULL, '91.129.97.244'),
(26, 225, 190399, 11, '2020-06-05 11:00:50', NULL, '91.129.97.244'),
(27, 226, 190399, 11, '2020-06-05 12:06:42', NULL, '194.150.65.237'),
(28, 226, 190399, 11, '2020-06-07 11:51:37', NULL, '87.119.178.138'),
(29, 226, 190399, 11, '2020-06-07 15:11:22', NULL, '87.119.178.138'),
(30, 226, 190399, 11, '2020-06-07 18:22:21', NULL, '87.119.178.138'),
(31, 223, 190399, 11, '2020-06-08 09:18:38', NULL, '85.29.251.117'),
(32, 223, 190399, 11, '2020-06-08 09:19:03', NULL, '85.29.251.117'),
(33, 226, 190399, 11, '2020-06-08 11:10:55', NULL, '213.35.189.226'),
(34, 226, 190399, 11, '2020-06-08 11:19:02', NULL, '213.35.189.226'),
(35, 225, 190399, 11, '2020-06-26 04:05:01', NULL, '104.140.240.2'),
(36, 229, 190399, 11, '2020-06-28 18:14:28', NULL, '195.8.204.11'),
(37, 226, 190399, 11, '2020-07-03 08:06:38', NULL, '82.131.91.5'),
(38, 226, 190399, 11, '2020-07-05 11:50:05', NULL, '52.114.75.71'),
(39, 226, 190399, 11, '2020-07-05 11:50:34', NULL, '37.157.99.204'),
(40, 226, 190399, 11, '2020-07-06 11:10:14', NULL, '37.157.106.229'),
(41, 226, 190399, 11, '2020-07-06 14:41:14', NULL, '195.8.204.11'),
(42, 226, 190399, 11, '2020-07-06 14:41:21', NULL, '195.8.204.11'),
(43, 226, 190399, 11, '2020-07-06 14:51:30', NULL, '37.157.106.229'),
(44, 226, 190399, 11, '2020-07-06 14:53:47', NULL, '37.157.106.229'),
(45, 226, 190399, 11, '2020-07-06 14:59:32', NULL, '195.8.204.11'),
(46, 226, 190399, 11, '2020-07-06 15:03:49', NULL, '195.8.204.11'),
(47, 226, 190399, 11, '2020-07-06 15:14:18', NULL, '195.8.204.11'),
(48, 226, 190399, 11, '2020-07-06 15:14:32', NULL, '195.8.204.11'),
(49, 226, 190399, 11, '2020-07-06 15:15:26', NULL, '37.157.106.229'),
(50, 226, 190399, 11, '2020-07-06 15:16:07', NULL, '37.157.106.229'),
(51, 226, 190399, 11, '2020-07-06 15:16:16', NULL, '37.157.106.229'),
(52, 226, 190399, 11, '2020-07-06 15:16:37', NULL, '37.157.106.229'),
(53, 226, 190399, 11, '2020-07-06 15:17:37', NULL, '195.8.204.11'),
(54, 226, 190399, 11, '2020-07-06 15:19:47', NULL, '37.157.106.229'),
(55, 226, 190399, 11, '2020-07-06 15:19:56', NULL, '37.157.106.229'),
(56, 226, 190399, 11, '2020-07-06 15:28:24', NULL, '195.8.204.11'),
(57, 226, 190399, 11, '2020-07-09 11:42:42', NULL, '195.8.204.11'),
(58, 226, 190399, 11, '2020-07-09 12:27:56', NULL, '195.8.204.11'),
(59, 226, 190399, 11, '2020-07-09 12:31:51', NULL, '195.8.204.11'),
(60, 226, 190399, 11, '2020-07-09 12:37:35', NULL, '195.8.204.11'),
(61, 226, 190399, 11, '2020-07-09 12:47:13', NULL, '195.8.204.11'),
(62, 226, 190399, 11, '2020-07-09 12:53:40', NULL, '195.8.204.11'),
(63, 226, 190399, 11, '2020-07-09 12:55:43', NULL, '195.8.204.11'),
(64, 226, 190399, 11, '2020-07-09 12:56:03', NULL, '195.8.204.11'),
(65, 226, 190399, 11, '2020-07-09 12:56:57', NULL, '195.8.204.11'),
(66, 226, 190399, 11, '2020-07-09 15:07:59', NULL, '195.8.204.11'),
(67, 223, 190399, 11, '2020-07-09 15:08:19', NULL, '195.8.204.11'),
(68, 223, 190399, 11, '2020-07-09 15:08:23', NULL, '195.8.204.11'),
(69, 223, 190399, 11, '2020-07-09 15:10:36', NULL, '195.8.204.11'),
(70, 223, 190399, 11, '2020-07-09 15:10:47', NULL, '195.8.204.11'),
(71, 223, 190399, 11, '2020-07-09 15:26:16', NULL, '195.8.204.11'),
(72, 223, 190399, 11, '2020-07-09 15:37:48', NULL, '195.8.204.11'),
(73, 223, 190399, 11, '2020-07-09 15:37:59', NULL, '195.8.204.11'),
(74, 223, 190399, 11, '2020-07-09 15:52:32', NULL, '195.8.204.11'),
(75, 223, 190399, 11, '2020-07-09 16:50:14', NULL, '37.157.105.46'),
(76, 226, 190399, 11, '2020-07-09 19:28:20', NULL, '37.157.105.46'),
(77, 226, 190399, 11, '2020-07-09 19:28:28', NULL, '37.157.105.46'),
(78, 226, 190399, 11, '2020-07-10 10:54:10', NULL, '37.157.107.214'),
(79, 226, 190399, 11, '2020-07-10 10:54:17', NULL, '37.157.107.214'),
(80, 226, 190399, 11, '2020-07-11 22:50:25', NULL, '88.196.241.209'),
(81, 226, 190399, 11, '2020-07-17 12:41:13', NULL, '195.8.204.11'),
(82, 228, 190399, 11, '2020-07-17 17:11:01', NULL, '146.255.183.47'),
(83, 226, 190399, 11, '2020-07-22 17:11:17', NULL, '195.8.204.11'),
(84, 226, 190399, 11, '2020-07-22 17:11:28', NULL, '195.8.204.11'),
(85, 229, 190400, 12, '2020-11-08 18:54:41', NULL, '82.131.121.175'),
(86, 229, 190400, 12, '2020-11-08 21:06:51', NULL, '82.131.121.175'),
(87, 230, 190400, 12, '2020-11-08 21:23:34', NULL, '82.131.121.175'),
(88, 230, 190400, 12, '2020-11-08 21:27:14', NULL, '82.131.121.175'),
(89, 234, 190400, 12, '2020-11-09 14:13:57', NULL, '217.159.140.130'),
(90, 234, 190400, 12, '2020-11-09 14:15:40', NULL, '37.157.105.94'),
(91, 234, 190400, 12, '2020-11-11 10:10:57', NULL, '217.159.140.130'),
(92, 235, 190400, 12, '2020-11-11 10:16:13', NULL, '217.159.140.130'),
(93, 235, 190400, 12, '2020-11-11 10:19:57', NULL, '217.159.140.130'),
(94, 236, 190400, 12, '2020-11-16 18:50:50', NULL, '91.129.104.220'),
(95, 236, 190400, 12, '2020-11-16 18:50:56', NULL, '91.129.104.220'),
(96, 236, 190400, 12, '2020-11-16 18:54:59', NULL, '66.102.9.181'),
(97, 236, 190400, 12, '2020-11-16 18:55:07', NULL, '217.159.140.130'),
(98, 236, 190400, 12, '2020-11-17 12:41:44', NULL, '217.159.140.130'),
(99, 236, 190400, 12, '2020-11-17 15:34:58', NULL, '91.129.104.220'),
(100, 236, 190400, 12, '2020-11-17 15:35:07', NULL, '91.129.104.220'),
(101, 236, 190400, 12, '2020-11-17 20:49:59', NULL, '91.129.104.220'),
(102, 236, 190400, 12, '2020-11-18 08:07:47', NULL, '90.190.182.198'),
(103, 236, 190400, 12, '2020-11-18 17:43:57', NULL, '91.129.104.220'),
(104, 236, 190400, 12, '2020-11-18 17:44:03', NULL, '91.129.104.220'),
(105, 236, 190400, 12, '2020-11-18 21:29:29', NULL, '91.129.104.220'),
(106, 237, 190400, 12, '2020-11-19 12:57:07', NULL, '66.102.9.181'),
(107, 237, 190400, 12, '2020-11-19 12:57:39', NULL, '217.159.140.130'),
(108, 237, 190400, 12, '2020-11-19 12:59:43', NULL, '66.102.9.179'),
(109, 237, 190400, 12, '2020-11-19 13:13:59', NULL, '66.102.8.65'),
(110, 238, 190400, 12, '2020-11-19 14:32:50', NULL, '66.102.9.181'),
(111, 238, 190400, 12, '2020-11-19 14:33:03', NULL, '46.131.53.242'),
(112, 238, 190400, 12, '2020-11-19 14:38:57', NULL, '90.191.144.242'),
(113, 238, 190400, 12, '2020-11-19 14:39:03', NULL, '90.191.144.242'),
(114, 238, 190400, 12, '2020-11-19 22:08:42', NULL, '66.102.8.67'),
(115, 238, 190400, 12, '2020-11-23 14:41:21', NULL, '46.131.38.243'),
(116, 239, 190400, 12, '2020-11-23 14:51:33', NULL, '66.102.9.177'),
(117, 239, 190400, 12, '2020-11-23 16:40:42', NULL, '217.159.140.130'),
(118, 239, 190400, 12, '2020-11-23 16:42:02', NULL, '66.102.9.177'),
(119, 239, 190400, 12, '2020-11-23 16:52:39', NULL, '46.131.35.208'),
(120, 239, 190400, 12, '2020-11-23 16:52:46', NULL, '46.131.35.208'),
(121, 239, 190400, 12, '2020-11-23 17:01:38', NULL, '46.131.35.208'),
(122, 239, 190400, 12, '2020-11-23 20:28:27', NULL, '84.50.221.26'),
(123, 242, 190400, 12, '2020-11-24 19:13:20', NULL, '66.102.9.181'),
(124, 242, 190400, 12, '2020-11-24 19:13:53', NULL, '66.102.9.179'),
(125, 242, 190400, 12, '2020-11-24 19:14:01', NULL, '90.190.182.198'),
(126, 242, 190400, 12, '2020-11-24 19:14:02', NULL, '90.190.182.198'),
(127, 242, 190400, 12, '2020-11-24 19:15:53', NULL, '90.191.144.242'),
(128, 242, 190400, 12, '2020-11-24 19:39:38', NULL, '90.191.144.242'),
(129, 242, 190400, 12, '2020-11-24 19:42:09', NULL, '90.191.144.242'),
(130, 242, 190400, 12, '2020-11-24 19:42:14', NULL, '90.191.144.242'),
(131, 242, 190400, 12, '2020-11-25 10:22:42', NULL, '79.130.20.9'),
(132, 244, 190400, 12, '2020-11-26 13:08:59', NULL, '217.159.140.130'),
(133, 244, 190400, 12, '2020-11-26 13:19:08', NULL, '46.131.61.234'),
(134, 244, 190400, 12, '2020-11-26 13:19:58', NULL, '31.13.115.119'),
(135, 244, 190400, 12, '2020-11-26 13:19:58', NULL, '31.13.115.112'),
(136, 244, 190400, 12, '2020-11-26 13:20:03', NULL, '31.13.103.21'),
(137, 244, 190400, 12, '2020-11-26 13:20:04', NULL, '31.13.115.14'),
(138, 244, 190400, 12, '2020-11-26 13:20:04', NULL, '31.13.103.10'),
(139, 244, 190400, 12, '2020-11-26 13:20:04', NULL, '31.13.115.14'),
(140, 244, 190400, 12, '2020-11-26 13:20:04', NULL, '31.13.103.10'),
(141, 244, 190400, 12, '2020-11-26 13:20:05', NULL, '31.13.115.10'),
(142, 244, 190400, 12, '2020-11-26 13:20:40', NULL, '173.252.95.25'),
(143, 244, 190400, 12, '2020-11-26 13:20:42', NULL, '82.131.117.148'),
(144, 244, 190400, 12, '2020-11-26 13:20:47', NULL, '46.131.61.234'),
(145, 244, 190400, 12, '2020-11-26 13:40:14', NULL, '46.131.42.191'),
(146, 244, 190400, 12, '2020-11-26 17:36:26', NULL, '66.102.8.65'),
(147, 244, 190400, 12, '2020-11-27 12:28:11', NULL, '23.83.129.1'),
(148, 245, 190400, 12, '2020-11-30 13:48:05', NULL, '217.159.140.130'),
(149, 245, 190400, 12, '2020-11-30 14:32:16', NULL, '216.10.217.127'),
(150, 238, 190400, 12, '2020-12-16 10:00:28', NULL, '46.131.32.219'),
(151, 238, 190400, 12, '2021-01-19 12:19:46', NULL, '46.131.49.172'),
(152, 238, 190400, 12, '2021-01-19 15:18:44', NULL, '90.191.156.135'),
(153, 246, 190400, 12, '2021-01-20 16:23:33', NULL, '217.159.140.130'),
(154, 234, 190400, 12, '2021-01-25 15:36:05', NULL, '50.7.159.34'),
(155, 237, 190400, 12, '2021-01-25 15:36:58', NULL, '50.7.159.34'),
(156, 247, 190400, 12, '2021-01-28 09:26:16', NULL, '185.31.92.204'),
(157, 247, 190400, 12, '2021-01-28 09:28:27', NULL, '185.31.92.204'),
(158, 247, 190400, 12, '2021-01-28 09:28:28', NULL, '185.31.92.204'),
(159, 247, 190400, 12, '2021-01-28 09:54:54', NULL, '185.31.92.204'),
(160, 247, 190400, 12, '2021-01-28 09:55:54', NULL, '20.67.121.207'),
(161, 247, 190400, 12, '2021-01-28 10:04:57', NULL, '46.131.33.249'),
(162, 247, 190400, 12, '2021-01-28 10:21:31', NULL, '216.10.217.62'),
(163, 247, 190400, 12, '2021-01-28 18:22:05', NULL, '46.131.33.249'),
(164, 247, 190400, 12, '2021-01-30 09:02:18', NULL, '85.253.208.5'),
(165, 247, 190400, 12, '2021-01-30 09:37:10', NULL, '85.253.208.5'),
(166, 247, 190400, 12, '2021-02-02 17:55:27', NULL, '66.102.9.181'),
(167, 247, 190400, 12, '2021-02-02 17:56:10', NULL, '217.159.140.130'),
(168, 249, 190400, 12, '2021-02-02 18:27:31', NULL, '66.102.9.181'),
(169, 249, 190400, 12, '2021-02-02 19:05:54', NULL, '217.159.140.130'),
(170, 249, 190400, 12, '2021-02-02 19:06:12', NULL, '66.102.9.177'),
(171, 247, 190400, 12, '2021-02-03 00:34:10', NULL, '66.102.8.67'),
(172, 249, 190400, 12, '2021-02-03 07:25:59', NULL, '88.196.225.107'),
(173, 249, 190400, 12, '2021-02-03 21:36:36', NULL, '90.190.182.198'),
(174, 250, 190400, 12, '2021-02-09 14:25:05', NULL, '66.102.9.181'),
(175, 250, 190400, 12, '2021-02-09 14:28:47', NULL, '217.159.140.130'),
(176, 250, 190400, 12, '2021-02-09 14:28:47', NULL, '217.159.140.130'),
(177, 250, 190400, 12, '2021-02-09 14:31:40', NULL, '185.31.92.204'),
(178, 251, 190400, 12, '2021-02-09 16:08:58', NULL, '66.102.9.181'),
(179, 251, 190400, 12, '2021-02-09 16:44:07', NULL, '217.159.140.130'),
(180, 251, 190400, 12, '2021-02-09 16:44:07', NULL, '217.159.140.130'),
(181, 250, 190400, 12, '2021-02-09 17:18:52', NULL, '66.102.8.65'),
(182, 250, 190400, 12, '2021-02-09 19:16:02', NULL, '217.159.140.130'),
(183, 251, 190400, 12, '2021-02-10 08:01:13', NULL, '85.253.97.122'),
(184, 251, 190400, 12, '2021-02-10 09:23:17', NULL, '213.175.120.101'),
(185, 241, 190400, 12, '2021-02-10 09:45:13', NULL, '34.209.214.22'),
(186, 241, 190400, 12, '2021-02-10 09:45:13', NULL, '3.239.187.3'),
(187, 241, 190400, 12, '2021-02-10 09:48:37', NULL, '13.80.183.173'),
(188, 241, 190400, 12, '2021-02-10 10:58:48', NULL, '18.207.211.7'),
(189, 241, 190400, 12, '2021-02-10 20:43:34', NULL, '34.212.136.204'),
(190, 241, 190400, 12, '2021-02-10 20:43:39', NULL, '90.191.123.112'),
(191, 251, 190400, 12, '2021-02-11 11:25:16', NULL, '80.235.50.146'),
(192, 251, 190400, 12, '2021-02-11 12:56:44', NULL, '217.159.140.130'),
(193, 251, 190400, 12, '2021-02-11 12:58:07', NULL, '217.159.140.130'),
(194, 238, 190400, 12, '2021-02-16 11:11:45', NULL, '90.191.156.135'),
(195, 238, 190400, 12, '2021-02-16 11:12:28', NULL, '90.191.156.135'),
(196, 238, 190400, 12, '2021-02-16 11:12:37', NULL, '90.191.156.135'),
(197, 247, 190400, 12, '2021-02-16 16:16:15', NULL, '217.159.140.130'),
(198, 252, 190400, 12, '2021-02-19 13:09:06', NULL, '46.131.51.201'),
(199, 252, 190400, 12, '2021-02-19 13:14:52', NULL, '66.102.8.67'),
(200, 252, 190400, 12, '2021-02-19 17:55:55', NULL, '46.131.33.195'),
(201, 252, 190400, 12, '2021-02-19 21:44:49', NULL, '87.119.182.191'),
(202, 251, 190400, 12, '2021-02-21 21:04:34', NULL, '84.50.47.209'),
(203, 253, 190400, 12, '2021-02-21 21:15:33', NULL, '84.50.47.209'),
(204, 253, 190400, 12, '2021-02-22 08:03:11', NULL, '66.102.8.65'),
(205, 253, 190400, 12, '2021-02-22 08:03:33', NULL, '46.131.36.222'),
(206, 253, 190400, 12, '2021-02-22 10:04:59', NULL, '104.47.6.254'),
(207, 253, 190400, 12, '2021-02-22 10:05:00', NULL, '91.129.105.137'),
(208, 253, 190400, 12, '2021-02-22 10:05:17', NULL, '40.94.34.93'),
(209, 253, 190400, 12, '2021-02-22 10:05:17', NULL, '40.94.34.91'),
(210, 253, 190400, 12, '2021-02-22 10:08:51', NULL, '31.13.103.18'),
(211, 253, 190400, 12, '2021-02-22 10:08:51', NULL, '31.13.103.18'),
(212, 253, 190400, 12, '2021-02-22 15:15:10', NULL, '91.129.105.137'),
(213, 253, 190400, 12, '2021-02-22 15:53:19', NULL, '31.13.103.116'),
(214, 253, 190400, 12, '2021-02-25 08:58:54', NULL, '84.50.47.209'),
(215, 253, 190400, 12, '2021-02-25 08:58:54', NULL, '84.50.47.209'),
(216, 253, 190400, 12, '2021-02-25 08:58:54', NULL, '84.50.47.209'),
(217, 253, 190400, 12, '2021-02-25 08:58:55', NULL, '84.50.47.209'),
(218, 254, 190400, 12, '2021-02-26 09:22:47', NULL, '66.102.9.177'),
(219, 254, 190400, 12, '2021-02-26 09:24:24', NULL, '66.102.8.67'),
(220, 254, 190400, 12, '2021-02-26 10:20:25', NULL, '217.159.140.130'),
(221, 254, 190400, 12, '2021-02-26 10:22:47', NULL, '217.159.140.130'),
(222, 255, 190400, 12, '2021-03-04 09:53:37', NULL, '66.102.9.177'),
(223, 255, 190400, 12, '2021-03-04 10:59:33', NULL, '46.131.41.225'),
(224, 255, 190400, 12, '2021-03-04 11:40:58', NULL, '90.190.182.198'),
(225, 255, 190400, 12, '2021-03-04 15:06:43', NULL, '66.102.8.95'),
(226, 253, 190400, 12, '2021-03-04 22:06:20', NULL, '91.129.106.229'),
(227, 256, 190400, 12, '2021-03-05 13:41:42', NULL, '66.102.9.179'),
(228, 257, 190400, 12, '2021-03-05 13:41:54', NULL, '66.102.9.175'),
(229, 257, 190400, 12, '2021-03-05 13:42:12', NULL, '46.131.40.234'),
(230, 257, 190400, 12, '2021-03-05 13:47:03', NULL, '46.131.56.177'),
(231, 257, 190400, 12, '2021-03-05 13:47:44', NULL, '66.102.9.179'),
(232, 257, 190400, 12, '2021-03-05 13:47:59', NULL, '46.131.48.242'),
(233, 257, 190400, 12, '2021-03-05 14:13:38', NULL, '66.102.8.67'),
(234, 256, 190400, 12, '2021-03-05 14:22:01', NULL, '66.102.8.67'),
(235, 253, 190400, 12, '2021-03-16 14:04:04', NULL, '91.129.106.229'),
(236, 258, 190400, 12, '2021-03-18 11:16:22', NULL, '66.102.9.179'),
(237, 259, 190400, 12, '2021-03-18 11:35:47', NULL, '66.102.9.177'),
(238, 258, 190400, 12, '2021-03-18 11:36:26', NULL, '66.102.9.181'),
(239, 259, 190400, 12, '2021-03-18 11:36:58', NULL, '217.159.140.130'),
(240, 259, 190400, 12, '2021-03-18 11:37:23', NULL, '217.159.140.130'),
(241, 258, 190400, 12, '2021-03-18 11:39:00', NULL, '217.159.140.130'),
(242, 258, 190400, 12, '2021-03-18 11:39:32', NULL, '46.131.53.255'),
(243, 258, 190400, 12, '2021-03-18 11:43:49', NULL, '31.13.127.1'),
(244, 258, 190400, 12, '2021-03-18 11:43:50', NULL, '31.13.127.15'),
(245, 258, 190400, 12, '2021-03-18 11:45:07', NULL, '80.235.53.6'),
(246, 258, 190400, 12, '2021-03-18 11:50:50', NULL, '31.13.103.3'),
(247, 258, 190400, 12, '2021-03-18 11:51:44', NULL, '80.235.53.6'),
(248, 258, 190400, 12, '2021-03-18 11:53:28', NULL, '146.255.183.222'),
(249, 258, 190400, 12, '2021-03-18 11:53:28', NULL, '146.255.183.222'),
(250, 258, 190400, 12, '2021-03-18 11:53:31', NULL, '146.255.183.222'),
(251, 258, 190400, 12, '2021-03-18 11:53:43', NULL, '146.255.183.222'),
(252, 258, 190400, 12, '2021-03-18 12:13:41', NULL, '146.255.183.222'),
(253, 258, 190400, 12, '2021-03-18 12:13:54', NULL, '146.255.183.222'),
(254, 259, 190400, 12, '2021-03-18 12:31:40', NULL, '88.196.112.180'),
(255, 259, 190400, 12, '2021-03-18 12:38:12', NULL, '88.196.112.180'),
(256, 259, 190400, 12, '2021-03-18 12:40:06', NULL, '88.196.112.180'),
(257, 259, 190400, 12, '2021-03-18 12:48:32', NULL, '217.159.140.130'),
(258, 259, 190400, 12, '2021-03-18 12:50:03', NULL, '88.196.112.180'),
(259, 260, 190400, 12, '2021-03-18 13:38:18', NULL, '217.159.140.130'),
(260, 260, 190400, 12, '2021-03-18 13:38:37', NULL, '217.159.140.130'),
(261, 260, 190400, 12, '2021-03-18 13:38:47', NULL, '88.196.112.180'),
(262, 259, 190400, 12, '2021-03-18 14:37:37', NULL, '88.196.112.180'),
(263, 261, 190400, 12, '2021-03-18 15:10:31', NULL, '66.102.9.181'),
(264, 261, 190400, 12, '2021-03-18 15:11:37', NULL, '217.159.140.130'),
(265, 261, 190400, 12, '2021-03-18 15:11:55', NULL, '217.159.140.130'),
(266, 261, 190400, 12, '2021-03-18 15:19:28', NULL, '217.159.140.130'),
(267, 261, 190400, 12, '2021-03-18 15:20:05', NULL, '88.196.112.180'),
(268, 261, 190400, 12, '2021-03-18 21:03:32', NULL, '62.65.193.68'),
(269, 258, 190400, 12, '2021-03-19 14:28:26', NULL, '46.131.57.218'),
(270, 260, 190400, 12, '2021-03-20 02:30:41', NULL, '88.196.112.180'),
(271, 262, 190400, 12, '2021-03-21 13:48:51', NULL, '66.102.9.181'),
(272, 262, 190400, 12, '2021-03-21 13:48:55', NULL, '62.65.193.70'),
(273, 262, 190400, 12, '2021-03-21 19:08:59', NULL, '46.131.46.193'),
(274, 258, 190400, 12, '2021-03-23 15:40:13', NULL, '46.131.36.172'),
(275, 253, 190400, 12, '2021-04-02 16:12:04', NULL, '91.129.101.96'),
(276, 253, 190400, 12, '2021-04-02 20:48:28', NULL, '91.129.101.96'),
(277, 264, 190399, 11, '2021-04-11 10:15:00', NULL, '194.204.6.209'),
(278, 238, 190400, 12, '2021-04-15 16:16:46', NULL, '90.191.156.135'),
(279, 266, 190400, 13, '2021-04-16 07:44:57', NULL, '91.129.104.84'),
(280, 266, 190400, 13, '2021-04-16 07:44:57', NULL, '91.129.104.84'),
(281, 266, 190400, 13, '2021-04-16 07:47:56', NULL, '217.159.140.130'),
(282, 266, 190400, 13, '2021-04-16 08:46:24', NULL, '217.159.140.130'),
(283, 268, 190400, 13, '2021-04-16 12:34:28', NULL, '217.159.140.130'),
(284, 268, 190400, 13, '2021-04-16 12:40:52', NULL, '85.206.150.66'),
(285, 268, 190400, 13, '2021-04-16 12:41:14', NULL, '85.206.150.66'),
(286, 268, 190400, 13, '2021-04-16 13:21:06', NULL, '85.206.150.66'),
(287, 268, 190400, 13, '2021-04-16 13:21:24', NULL, '85.206.150.66'),
(288, 264, 190399, 11, '2021-04-20 01:35:48', NULL, '90.190.162.61'),
(289, 270, 190401, 14, '2021-04-21 10:39:01', NULL, '46.131.43.173'),
(290, 270, 190401, 14, '2021-04-21 12:19:32', NULL, '23.83.129.1'),
(291, 270, 190401, 14, '2021-04-21 14:03:14', NULL, '46.131.56.192'),
(292, 271, 190401, 14, '2021-04-21 15:24:45', NULL, '82.131.114.28'),
(293, 270, 190401, 14, '2021-04-21 20:15:50', NULL, '84.50.75.119'),
(294, 273, 190401, 14, '2021-04-26 12:50:17', NULL, '82.131.114.28'),
(295, 274, 190401, 14, '2021-04-26 15:01:23', NULL, '217.159.197.18'),
(296, 274, 190401, 14, '2021-04-26 15:02:07', NULL, '217.159.197.18'),
(297, 274, 190401, 14, '2021-04-26 15:06:51', NULL, '217.159.197.18'),
(298, 241, 190400, 12, '2021-04-26 16:46:30', NULL, '82.131.114.28'),
(299, 255, 190400, 12, '2021-04-26 22:23:21', NULL, '87.119.177.16'),
(300, 269, 190400, 13, '2021-04-28 05:41:53', NULL, '84.50.75.119'),
(301, 276, 190400, 12, '2021-04-28 17:25:51', NULL, '66.102.9.181'),
(302, 275, 190400, 12, '2021-04-28 17:52:41', NULL, '217.159.140.130'),
(303, 276, 190400, 12, '2021-04-28 17:55:57', NULL, '217.159.140.130'),
(304, 275, 190400, 12, '2021-04-29 09:07:40', NULL, '213.180.28.90'),
(305, 275, 190400, 12, '2021-04-29 10:03:29', NULL, '87.119.182.10'),
(306, 275, 190400, 12, '2021-04-29 13:46:13', NULL, '146.255.181.212'),
(307, 275, 190400, 12, '2021-04-29 13:46:19', NULL, '62.65.193.71'),
(308, 238, 190400, 12, '2021-04-29 17:33:36', NULL, '46.131.58.202'),
(309, 238, 190400, 12, '2021-04-29 17:33:36', NULL, '46.131.58.202'),
(310, 241, 190400, 12, '2021-04-30 12:03:09', NULL, '85.253.74.58'),
(311, 241, 190400, 12, '2021-05-03 08:35:00', NULL, '85.253.118.217'),
(312, 238, 190400, 12, '2021-05-03 16:18:13', NULL, '46.131.58.202'),
(313, 238, 190400, 12, '2021-05-03 16:18:43', NULL, '46.131.58.202'),
(314, 238, 190400, 12, '2021-05-04 14:25:42', NULL, '90.191.156.135'),
(315, 253, 190400, 12, '2021-05-06 10:04:21', NULL, '91.129.96.255'),
(316, 253, 190400, 12, '2021-05-06 10:19:11', NULL, '31.13.103.20'),
(317, 238, 190400, 12, '2021-05-07 18:11:31', NULL, '46.131.58.202'),
(318, 238, 190400, 12, '2021-05-07 18:11:37', NULL, '46.131.58.202'),
(319, 238, 190400, 12, '2021-05-07 18:11:43', NULL, '46.131.58.202'),
(320, 279, 190400, 12, '2021-05-18 11:33:49', NULL, '217.159.140.130'),
(321, 279, 190400, 12, '2021-05-18 11:35:39', NULL, '217.159.140.130'),
(322, 279, 190400, 12, '2021-05-18 13:30:52', NULL, '217.159.168.203'),
(323, 279, 190400, 12, '2021-05-18 13:58:56', NULL, '213.100.250.66'),
(324, 279, 190400, 12, '2021-05-19 15:02:10', NULL, '85.206.150.66'),
(325, 280, 190400, 12, '2021-05-25 11:28:24', NULL, '217.159.140.130'),
(326, 280, 190400, 12, '2021-05-25 11:31:03', NULL, '66.102.9.151'),
(327, 280, 190400, 12, '2021-05-25 11:31:05', NULL, '217.159.140.130'),
(328, 280, 190400, 12, '2021-05-25 11:44:58', NULL, '194.106.100.20'),
(329, 280, 190400, 12, '2021-05-25 11:44:59', NULL, '194.106.100.20'),
(330, 280, 190400, 12, '2021-05-25 12:02:40', NULL, '194.106.100.20'),
(331, 280, 190400, 12, '2021-05-25 12:15:44', NULL, '217.159.140.130'),
(332, 280, 190400, 12, '2021-05-25 23:05:39', NULL, '84.50.44.60'),
(333, 253, 190400, 12, '2021-05-28 21:00:56', NULL, '91.129.97.175'),
(334, 253, 190400, 12, '2021-05-29 06:29:35', NULL, '91.129.103.56'),
(335, 253, 190400, 12, '2021-05-29 12:56:43', NULL, '91.129.103.56'),
(336, 253, 190400, 12, '2021-05-29 22:46:11', NULL, '91.129.97.175'),
(337, 253, 190400, 12, '2021-05-29 22:46:27', NULL, '91.129.97.175'),
(338, 253, 190400, 12, '2021-05-30 12:02:31', NULL, '91.129.103.56'),
(339, 253, 190400, 12, '2021-05-30 14:07:07', NULL, '91.129.97.175'),
(340, 280, 190400, 12, '2021-06-07 12:13:04', NULL, '217.159.197.18'),
(341, 279, 190400, 12, '2021-06-07 12:14:26', NULL, '217.159.197.18'),
(342, 276, 190400, 12, '2021-06-07 12:15:57', NULL, '217.159.197.18'),
(343, 262, 190400, 12, '2021-06-07 12:17:41', NULL, '217.159.197.18'),
(344, 253, 190400, 12, '2021-06-07 14:06:47', NULL, '91.129.107.184'),
(345, 274, 190401, 14, '2021-06-09 11:18:12', NULL, '195.8.204.11'),
(346, 239, 190400, 12, '2021-06-09 11:22:33', NULL, '195.8.204.11'),
(347, 267, 190400, 13, '2021-06-09 13:16:46', NULL, '195.8.204.11'),
(348, 280, 190400, 12, '2021-06-12 10:51:13', NULL, '46.131.41.151'),
(349, 280, 190400, 12, '2021-06-12 17:32:53', NULL, '90.191.35.147'),
(350, 280, 190400, 12, '2021-06-13 10:34:41', NULL, '90.191.35.147'),
(351, 280, 190400, 12, '2021-06-13 15:54:07', NULL, '80.235.52.152'),
(352, 280, 190400, 12, '2021-06-13 15:55:23', NULL, '90.191.35.147'),
(353, 280, 190400, 12, '2021-06-13 15:55:57', NULL, '46.131.41.151'),
(354, 274, 190401, 14, '2021-06-13 20:57:10', NULL, '82.131.102.158'),
(355, 274, 190401, 14, '2021-06-13 23:52:54', NULL, '82.131.102.158'),
(356, 274, 190401, 14, '2021-06-13 23:57:14', NULL, '82.131.102.158'),
(357, 274, 190401, 14, '2021-06-13 23:59:31', NULL, '52.114.77.236'),
(358, 226, 190399, 11, '2021-06-14 01:14:44', NULL, '50.97.232.186'),
(359, 280, 190400, 12, '2021-06-14 07:38:07', NULL, '90.191.35.147'),
(360, 280, 190400, 12, '2021-06-14 09:31:50', NULL, '80.235.52.152'),
(361, 280, 190400, 12, '2021-06-14 09:32:33', NULL, '80.235.52.152'),
(362, 280, 190400, 12, '2021-06-14 16:29:17', NULL, '80.235.52.152'),
(363, 280, 190400, 12, '2021-06-15 08:53:25', NULL, '82.131.102.158'),
(364, 279, 190400, 12, '2021-06-15 08:55:15', NULL, '82.131.102.158'),
(365, 276, 190400, 12, '2021-06-15 08:56:19', NULL, '82.131.102.158'),
(366, 262, 190400, 12, '2021-06-15 08:57:07', NULL, '82.131.102.158'),
(367, 274, 190401, 14, '2021-06-15 11:29:43', NULL, '23.83.129.1'),
(368, 274, 190401, 14, '2021-06-15 11:37:32', NULL, '23.83.129.1'),
(369, 274, 190401, 14, '2021-06-15 11:42:08', NULL, '23.83.129.1'),
(370, 274, 190401, 14, '2021-06-15 11:44:53', NULL, '23.83.129.1'),
(371, 274, 190401, 14, '2021-06-15 11:45:05', NULL, '23.83.129.1'),
(372, 274, 190401, 14, '2021-06-15 11:47:58', NULL, '23.83.129.1'),
(373, 274, 190401, 14, '2021-06-15 11:50:53', NULL, '82.131.102.158'),
(374, 274, 190401, 14, '2021-06-15 13:00:01', NULL, '82.131.102.158'),
(375, 280, 190400, 12, '2021-06-17 08:10:36', NULL, '90.191.35.147'),
(376, 253, 190400, 12, '2021-06-23 19:54:21', NULL, '88.196.62.72'),
(377, 253, 190400, 12, '2021-06-24 09:32:06', NULL, '88.196.62.72'),
(378, 253, 190400, 12, '2021-06-24 09:32:07', NULL, '88.196.62.72'),
(379, 253, 190400, 12, '2021-06-24 09:32:08', NULL, '88.196.62.72'),
(380, 280, 190400, 12, '2021-06-24 13:13:49', NULL, '194.150.65.9'),
(381, 280, 190400, 12, '2021-07-05 07:29:58', NULL, '90.191.35.147'),
(382, 280, 190400, 12, '2021-07-08 09:35:55', NULL, '46.131.35.130'),
(383, 280, 190400, 12, '2021-07-20 21:00:07', NULL, '90.191.35.147'),
(384, 282, 190400, 12, '2021-07-21 14:21:12', NULL, '85.253.116.152'),
(385, 282, 190400, 12, '2021-07-21 14:21:18', NULL, '62.65.193.70'),
(386, 282, 190400, 12, '2021-07-21 14:21:33', NULL, '85.253.116.152'),
(387, 283, 190400, 12, '2021-07-27 12:27:01', NULL, '66.102.9.6'),
(388, 283, 190400, 12, '2021-07-27 12:45:28', NULL, '66.102.9.6'),
(389, 283, 190400, 12, '2021-07-27 12:45:38', NULL, '146.255.182.158'),
(390, 284, 190400, 12, '2021-08-05 09:27:59', NULL, '66.249.93.145'),
(391, 284, 190400, 12, '2021-08-05 09:53:04', NULL, '90.190.182.198'),
(392, 284, 190400, 12, '2021-08-05 22:06:37', NULL, '85.206.150.66'),
(393, 284, 190400, 12, '2021-08-05 22:24:31', NULL, '84.50.126.100'),
(394, 284, 190400, 12, '2021-08-06 16:05:53', NULL, '83.166.62.56'),
(395, 284, 190400, 12, '2021-08-06 22:03:51', NULL, '83.166.62.56'),
(396, 284, 190400, 12, '2021-08-07 11:30:30', NULL, '83.166.62.56'),
(397, 284, 190400, 12, '2021-08-12 13:53:08', NULL, '217.159.140.130'),
(398, 253, 190400, 12, '2021-08-17 13:37:29', NULL, '88.196.112.180'),
(399, 285, 190400, 12, '2021-08-19 16:43:14', NULL, '66.102.9.6'),
(400, 285, 190400, 12, '2021-08-19 16:43:16', NULL, '66.249.66.159'),
(401, 285, 190400, 12, '2021-08-19 16:43:26', NULL, '91.129.100.70'),
(402, 280, 190400, 12, '2021-08-21 11:41:19', NULL, '90.191.35.147'),
(403, 286, 190400, 12, '2021-08-26 09:39:01', NULL, '66.102.9.6'),
(404, 286, 190400, 12, '2021-08-26 09:40:28', NULL, '46.131.55.244'),
(405, 286, 190400, 12, '2021-08-26 11:58:28', NULL, '217.159.140.130'),
(406, 286, 190400, 12, '2021-08-26 11:59:10', NULL, '217.159.140.130'),
(407, 286, 190400, 12, '2021-08-26 12:22:33', NULL, '66.249.83.195'),
(408, 286, 190400, 12, '2021-08-26 12:22:36', NULL, '66.249.70.23'),
(409, 286, 190400, 12, '2021-08-26 12:22:37', NULL, '66.249.88.12'),
(410, 286, 190400, 12, '2021-08-26 12:23:04', NULL, '46.131.23.206'),
(411, 286, 190400, 12, '2021-08-26 13:05:54', NULL, '46.131.23.206'),
(412, 286, 190400, 12, '2021-08-26 17:25:54', NULL, '46.131.55.244'),
(413, 286, 190400, 12, '2021-08-26 20:06:32', NULL, '46.131.46.132'),
(414, 286, 190400, 12, '2021-08-26 21:59:46', NULL, '90.190.32.8'),
(415, 286, 190400, 12, '2021-08-27 08:01:21', NULL, '90.190.182.198'),
(416, 286, 190400, 12, '2021-08-30 19:40:21', NULL, '90.190.32.8'),
(417, 285, 190400, 12, '2021-08-31 21:00:36', NULL, '91.129.108.87'),
(418, 286, 190400, 12, '2021-09-03 23:40:10', NULL, '46.131.33.115'),
(419, 286, 190400, 12, '2021-09-06 20:25:30', NULL, '90.190.32.8'),
(420, 286, 190400, 12, '2021-09-06 20:25:47', NULL, '90.190.32.8'),
(421, 286, 190400, 12, '2021-09-06 20:26:18', NULL, '66.249.88.213'),
(422, 286, 190400, 12, '2021-09-07 09:15:33', NULL, '46.131.16.186'),
(423, 286, 190400, 12, '2021-09-07 09:15:37', NULL, '46.131.16.186'),
(424, 289, 190400, 12, '2021-09-15 15:17:01', NULL, '217.159.140.130'),
(425, 289, 190400, 12, '2021-09-15 15:23:41', NULL, '91.129.102.14'),
(426, 289, 190400, 12, '2021-09-15 15:25:13', NULL, '217.159.140.130'),
(427, 289, 190400, 12, '2021-09-15 15:25:19', NULL, '217.159.140.130'),
(428, 289, 190400, 12, '2021-09-15 15:26:52', NULL, '31.13.127.7'),
(429, 289, 190400, 12, '2021-09-15 15:26:53', NULL, '31.13.127.9'),
(430, 289, 190400, 12, '2021-09-15 15:27:01', NULL, '46.131.37.125'),
(431, 289, 190400, 12, '2021-09-15 15:27:52', NULL, '217.159.140.130'),
(432, 289, 190400, 12, '2021-09-15 15:42:02', NULL, '31.13.103.7'),
(433, 289, 190400, 12, '2021-09-15 15:53:19', NULL, '217.159.140.130'),
(434, 289, 190400, 12, '2021-09-15 16:52:49', NULL, '91.129.102.14'),
(435, 289, 190400, 12, '2021-09-15 16:52:53', NULL, '91.129.102.14'),
(436, 289, 190400, 12, '2021-09-15 16:53:16', NULL, '46.131.19.208'),
(437, 289, 190400, 12, '2021-09-16 11:02:01', NULL, '217.159.140.130'),
(438, 288, 190400, 12, '2021-09-16 11:03:24', NULL, '217.159.140.130'),
(439, 289, 190400, 12, '2021-09-16 11:07:36', NULL, '217.159.140.130'),
(440, 290, 190400, 12, '2021-09-16 16:03:16', NULL, '46.131.30.232'),
(441, 290, 190400, 12, '2021-09-16 16:08:44', NULL, '46.131.30.232'),
(442, 290, 190400, 12, '2021-09-16 16:33:20', NULL, '46.131.16.196'),
(443, 290, 190400, 12, '2021-09-16 16:55:28', NULL, '46.131.16.196'),
(444, 290, 190400, 12, '2021-09-16 17:00:08', NULL, '146.255.182.248'),
(445, 290, 190400, 12, '2021-09-16 21:14:36', NULL, '46.131.16.196'),
(446, 288, 190400, 12, '2021-09-17 11:42:30', NULL, '87.119.186.24'),
(447, 288, 190400, 12, '2021-09-17 11:53:37', NULL, '87.119.186.24'),
(448, 290, 190400, 12, '2021-09-17 13:47:20', NULL, '46.131.16.196'),
(449, 289, 190400, 12, '2021-09-18 11:34:53', NULL, '69.171.249.17'),
(450, 290, 190400, 12, '2021-09-19 01:26:08', NULL, '82.131.17.85'),
(451, 291, 190400, 12, '2021-09-20 14:39:39', NULL, '66.249.74.89'),
(452, 291, 190400, 12, '2021-09-20 15:36:21', NULL, '46.131.57.214'),
(453, 290, 190400, 12, '2021-09-20 16:35:36', NULL, '46.131.53.233'),
(454, 293, 190400, 12, '2021-09-21 15:38:16', NULL, '46.131.41.154'),
(455, 293, 190400, 12, '2021-09-21 15:39:44', NULL, '74.125.213.29'),
(456, 293, 190400, 12, '2021-09-21 15:39:46', NULL, '66.249.74.85'),
(457, 293, 190400, 12, '2021-09-21 15:49:48', NULL, '217.159.140.130'),
(458, 293, 190400, 12, '2021-09-21 16:00:27', NULL, '217.159.140.130'),
(459, 293, 190400, 12, '2021-09-21 16:00:44', NULL, '217.159.140.130'),
(460, 292, 190400, 12, '2021-09-21 16:00:52', NULL, '46.131.41.154'),
(461, 293, 190400, 12, '2021-09-21 16:01:17', NULL, '87.119.177.230'),
(462, 292, 190400, 12, '2021-09-21 16:03:25', NULL, '66.249.83.127'),
(463, 292, 190400, 12, '2021-09-21 16:03:37', NULL, '90.190.17.163'),
(464, 293, 190400, 12, '2021-09-21 16:03:49', NULL, '87.119.177.230'),
(465, 292, 190400, 12, '2021-09-21 16:14:13', NULL, '83.166.42.146'),
(466, 293, 190400, 12, '2021-09-21 21:19:52', NULL, '91.129.104.138'),
(467, 293, 190400, 12, '2021-09-24 18:34:36', NULL, '146.255.180.224'),
(468, 286, 190400, 12, '2021-09-25 20:21:06', NULL, '80.235.34.87'),
(469, 292, 190400, 12, '2021-09-26 14:18:23', NULL, '83.166.42.146'),
(470, 290, 190400, 12, '2021-09-28 15:47:39', NULL, '46.131.52.228'),
(471, 291, 190400, 12, '2021-09-29 16:33:56', NULL, '46.131.38.113'),
(472, 294, 190400, 12, '2021-09-30 20:46:36', NULL, '90.190.182.198'),
(473, 294, 190400, 12, '2021-09-30 22:08:04', NULL, '74.125.214.93'),
(474, 294, 190400, 12, '2021-09-30 22:08:07', NULL, '66.249.69.22'),
(475, 294, 190400, 12, '2021-09-30 22:10:14', NULL, '87.119.182.157'),
(476, 294, 190400, 12, '2021-09-30 22:12:57', NULL, '87.119.182.157'),
(477, 294, 190400, 12, '2021-10-01 05:34:40', NULL, '90.190.182.198'),
(478, 280, 190400, 12, '2021-10-06 09:10:44', NULL, '90.191.35.147'),
(479, 294, 190400, 12, '2021-10-07 15:37:40', NULL, '87.119.186.39'),
(480, 286, 190400, 12, '2021-10-09 11:25:11', NULL, '46.131.27.222'),
(481, 294, 190400, 12, '2021-10-09 13:24:10', NULL, '195.8.204.11'),
(482, 294, 190400, 12, '2021-10-09 15:22:55', NULL, '193.40.147.17'),
(483, 297, 190400, 12, '2021-10-21 10:11:09', NULL, '217.159.140.130'),
(484, 297, 190400, 12, '2021-10-21 10:15:24', NULL, '217.159.140.130'),
(485, 297, 190400, 12, '2021-10-21 11:14:44', NULL, '46.131.28.221'),
(486, 274, 190401, 14, '2021-10-21 13:01:39', NULL, '88.196.211.1'),
(487, 297, 190400, 12, '2021-10-21 22:23:16', NULL, '82.131.106.216'),
(488, 297, 190400, 12, '2021-10-21 22:23:20', NULL, '82.131.106.216'),
(489, 297, 190400, 12, '2021-10-21 23:42:53', NULL, '82.131.106.216'),
(490, 297, 190400, 12, '2021-10-21 23:42:57', NULL, '82.131.106.216'),
(491, 253, 190400, 12, '2021-11-16 22:04:08', NULL, '165.231.161.212'),
(492, 253, 190400, 12, '2021-11-16 22:04:10', NULL, '165.231.161.212'),
(493, 298, 190400, 12, '2021-11-18 15:42:59', NULL, '66.249.83.29'),
(494, 298, 190400, 12, '2021-11-18 15:43:28', NULL, '46.131.37.224'),
(495, 298, 190400, 12, '2021-11-21 09:59:16', NULL, '46.131.31.205'),
(496, 298, 190400, 12, '2021-11-21 09:59:16', NULL, '46.131.31.205'),
(497, 298, 190400, 12, '2021-11-22 11:40:09', NULL, '91.129.110.156'),
(498, 294, 190400, 12, '2021-11-24 12:52:02', NULL, '46.131.21.196'),
(499, 294, 190400, 12, '2021-11-25 10:28:31', NULL, '46.131.45.177'),
(500, 294, 190400, 12, '2021-11-28 14:40:33', NULL, '46.131.41.206'),
(501, 280, 190400, 12, '2021-12-02 14:32:18', NULL, '80.235.52.152'),
(502, 280, 190400, 12, '2022-01-03 06:02:20', NULL, '90.191.32.110'),
(503, 280, 190400, 12, '2022-01-04 11:35:07', NULL, '90.191.32.110'),
(504, 294, 190400, 12, '2022-01-14 18:06:50', NULL, '46.131.36.171'),
(505, 294, 190400, 12, '2022-01-16 10:30:33', NULL, '81.90.124.95'),
(506, 294, 190400, 12, '2022-01-16 17:12:04', NULL, '46.131.37.173'),
(507, 294, 190400, 12, '2022-01-16 22:58:28', NULL, '46.131.36.210'),
(508, 294, 190400, 12, '2022-01-18 10:37:01', NULL, '46.131.37.191'),
(509, 294, 190400, 12, '2022-01-22 10:56:44', NULL, '146.255.180.2'),
(510, 294, 190400, 12, '2022-01-24 20:03:03', NULL, '146.255.182.173'),
(511, 294, 190400, 12, '2022-01-24 20:03:27', NULL, '146.255.182.173'),
(512, 294, 190400, 12, '2022-01-25 09:15:40', NULL, '146.255.182.171'),
(513, 302, 190400, 12, '2022-02-17 13:14:39', NULL, '217.159.140.130'),
(514, 302, 190400, 12, '2022-02-17 13:20:26', NULL, '66.249.75.34'),
(515, 302, 190400, 12, '2022-02-17 13:22:02', NULL, '217.159.140.130'),
(516, 303, 190400, 12, '2022-02-18 14:42:48', NULL, '66.249.75.37'),
(517, 303, 190400, 12, '2022-02-18 14:43:07', NULL, '217.159.140.130'),
(518, 303, 190400, 12, '2022-02-18 14:46:17', NULL, '217.159.140.130'),
(519, 303, 190400, 12, '2022-02-18 14:50:06', NULL, '90.190.160.210'),
(520, 303, 190400, 12, '2022-02-18 16:01:28', NULL, '217.159.140.130'),
(521, 303, 190400, 12, '2022-02-18 16:01:28', NULL, '217.159.140.130'),
(522, 303, 190400, 12, '2022-02-19 00:06:51', NULL, '90.190.160.210'),
(523, 304, 190400, 12, '2022-02-19 20:21:09', NULL, '146.255.183.251'),
(524, 304, 190400, 12, '2022-02-19 22:10:52', NULL, '146.255.183.251'),
(525, 304, 190400, 12, '2022-02-19 22:10:59', NULL, '146.255.183.251'),
(526, 304, 190400, 12, '2022-02-19 22:11:16', NULL, '146.255.183.251'),
(527, 304, 190400, 12, '2022-02-19 23:03:13', NULL, '85.29.242.185'),
(528, 304, 190400, 12, '2022-02-20 00:34:26', NULL, '85.29.242.185'),
(529, 305, 190400, 12, '2022-02-23 09:28:15', NULL, '66.249.66.157'),
(530, 305, 190400, 12, '2022-02-23 09:30:55', NULL, '217.159.140.130'),
(531, 305, 190400, 12, '2022-02-23 09:35:39', NULL, '46.131.49.212'),
(532, 305, 190400, 12, '2022-02-23 10:14:04', NULL, '91.129.110.43'),
(533, 305, 190400, 12, '2022-02-23 10:20:54', NULL, '194.204.14.201'),
(534, 305, 190400, 12, '2022-02-23 10:21:24', NULL, '31.24.56.133'),
(535, 305, 190400, 12, '2022-02-23 12:51:06', NULL, '91.129.110.43'),
(536, 305, 190400, 12, '2022-02-23 14:40:33', NULL, '90.191.20.249'),
(537, 305, 190400, 12, '2022-02-23 14:40:59', NULL, '90.191.20.249'),
(538, 305, 190400, 12, '2022-02-23 14:41:01', NULL, '90.191.20.249'),
(539, 305, 190400, 12, '2022-02-23 14:42:33', NULL, '90.191.20.249'),
(540, 305, 190400, 12, '2022-02-23 14:43:17', NULL, '91.129.100.214'),
(541, 305, 190400, 12, '2022-02-23 15:01:36', NULL, '91.129.103.46'),
(542, 305, 190400, 12, '2022-02-23 15:03:50', NULL, '91.129.103.46'),
(543, 305, 190400, 12, '2022-02-23 15:03:56', NULL, '91.129.103.46'),
(544, 305, 190400, 12, '2022-02-23 15:20:40', NULL, '91.129.103.46'),
(545, 305, 190400, 12, '2022-02-23 15:21:10', NULL, '91.129.103.46'),
(546, 305, 190400, 12, '2022-02-23 18:00:48', NULL, '91.129.103.46'),
(547, 306, 190400, 12, '2022-02-28 14:59:01', NULL, '217.159.140.130'),
(548, 305, 190400, 12, '2022-03-01 12:38:54', NULL, '40.77.167.23'),
(549, 305, 190400, 12, '2022-03-01 12:38:55', NULL, '217.159.190.10'),
(550, 305, 190400, 12, '2022-03-01 12:38:55', NULL, '194.204.14.201'),
(551, 305, 190400, 12, '2022-03-01 12:42:33', NULL, '40.77.167.23'),
(552, 305, 190400, 12, '2022-03-01 12:42:33', NULL, '40.77.167.23'),
(553, 305, 190400, 12, '2022-03-01 12:49:25', NULL, '80.235.76.8'),
(554, 305, 190400, 12, '2022-03-01 12:55:38', NULL, '40.77.167.23'),
(555, 305, 190400, 12, '2022-03-01 12:55:54', NULL, '52.88.123.184'),
(556, 305, 190400, 12, '2022-03-01 12:55:59', NULL, '13.80.183.173'),
(557, 305, 190400, 12, '2022-03-01 14:01:08', NULL, '13.80.183.173'),
(558, 305, 190400, 12, '2022-03-01 14:01:08', NULL, '35.88.103.141'),
(559, 305, 190400, 12, '2022-03-01 14:06:56', NULL, '46.131.52.179'),
(560, 305, 190400, 12, '2022-03-01 14:29:03', NULL, '54.187.92.39'),
(561, 305, 190400, 12, '2022-03-01 14:32:20', NULL, '34.217.110.4'),
(562, 305, 190400, 12, '2022-03-01 15:21:47', NULL, '80.235.76.8'),
(563, 305, 190400, 12, '2022-03-01 16:01:00', NULL, '54.166.225.38'),
(564, 305, 190400, 12, '2022-03-01 16:01:00', NULL, '54.187.92.39'),
(565, 305, 190400, 12, '2022-03-01 16:01:02', NULL, '13.80.183.173'),
(566, 305, 190400, 12, '2022-03-01 19:04:46', NULL, '40.77.167.23'),
(567, 305, 190400, 12, '2022-03-02 06:55:00', NULL, '90.190.165.102'),
(568, 305, 190400, 12, '2022-03-02 06:55:00', NULL, '90.190.165.102'),
(569, 305, 190400, 12, '2022-03-02 06:55:00', NULL, '90.190.165.102'),
(570, 305, 190400, 12, '2022-03-02 06:55:00', NULL, '90.190.165.102'),
(571, 305, 190400, 12, '2022-03-02 06:55:01', NULL, '90.190.165.102'),
(572, 303, 190400, 12, '2022-03-02 06:56:31', NULL, '90.190.165.102'),
(573, 303, 190400, 12, '2022-03-02 06:56:31', NULL, '90.190.165.102'),
(574, 303, 190400, 12, '2022-03-02 06:56:32', NULL, '90.190.165.102'),
(575, 307, 190400, 12, '2022-03-15 13:49:28', NULL, '66.249.66.159'),
(576, 308, 190400, 12, '2022-03-15 14:54:20', NULL, '217.159.140.130'),
(577, 308, 190400, 12, '2022-03-15 14:55:59', NULL, '185.174.159.134'),
(578, 308, 190400, 12, '2022-03-15 14:57:18', NULL, '185.174.159.134'),
(579, 308, 190400, 12, '2022-03-15 14:59:08', NULL, '90.190.63.27'),
(580, 309, 190400, 12, '2022-03-15 15:06:22', NULL, '66.249.66.159'),
(581, 309, 190400, 12, '2022-03-15 15:20:11', NULL, '217.159.140.130'),
(582, 310, 190400, 12, '2022-03-15 15:20:14', NULL, '217.159.140.130'),
(583, 309, 190400, 12, '2022-03-15 15:26:31', NULL, '46.131.38.176'),
(584, 310, 190400, 12, '2022-03-15 15:30:16', NULL, '90.190.162.119'),
(585, 310, 190400, 12, '2022-03-15 15:33:36', NULL, '90.190.162.119'),
(586, 307, 190400, 12, '2022-03-15 15:47:36', NULL, '217.159.140.130'),
(587, 308, 190400, 12, '2022-03-15 15:56:39', NULL, '90.190.63.27'),
(588, 308, 190400, 12, '2022-03-15 16:17:08', NULL, '213.131.78.227'),
(589, 309, 190400, 12, '2022-03-15 16:44:19', NULL, '46.131.38.176'),
(590, 310, 190400, 12, '2022-03-15 17:33:31', NULL, '87.119.179.231'),
(591, 310, 190400, 12, '2022-03-15 21:32:03', NULL, '87.119.179.206'),
(592, 307, 190400, 12, '2022-03-16 14:54:17', NULL, '217.159.140.130'),
(593, 307, 190400, 12, '2022-03-16 14:54:17', NULL, '217.159.140.130'),
(594, 312, 190400, 12, '2022-03-16 15:01:40', NULL, '66.249.76.34'),
(595, 311, 190400, 12, '2022-03-16 15:01:53', NULL, '74.125.213.27'),
(596, 311, 190400, 12, '2022-03-16 15:01:55', NULL, '66.249.76.34'),
(597, 311, 190400, 12, '2022-03-16 15:03:05', NULL, '217.159.140.130'),
(598, 312, 190400, 12, '2022-03-16 15:03:36', NULL, '217.159.140.130'),
(599, 312, 190400, 12, '2022-03-16 15:20:38', NULL, '217.159.140.130'),
(600, 312, 190400, 12, '2022-03-16 15:25:00', NULL, '217.159.140.130'),
(601, 311, 190400, 12, '2022-03-16 15:25:13', NULL, '217.159.140.130'),
(602, 311, 190400, 12, '2022-03-16 15:25:16', NULL, '217.159.140.130'),
(603, 311, 190400, 12, '2022-03-16 15:25:16', NULL, '217.159.140.130'),
(604, 312, 190400, 12, '2022-03-16 16:07:38', NULL, '217.159.140.130'),
(605, 307, 190400, 12, '2022-03-16 17:07:16', NULL, '87.119.186.209'),
(606, 307, 190400, 12, '2022-03-16 20:04:40', NULL, '212.7.30.4'),
(607, 307, 190400, 12, '2022-03-16 20:04:44', NULL, '82.131.115.241'),
(608, 307, 190400, 12, '2022-03-16 20:04:45', NULL, '66.102.9.29'),
(609, 307, 190400, 12, '2022-03-16 20:04:45', NULL, '66.102.9.27'),
(610, 307, 190400, 12, '2022-03-16 20:04:45', NULL, '66.102.9.31'),
(611, 307, 190400, 12, '2022-03-16 20:09:34', NULL, '91.129.111.254'),
(612, 308, 190400, 12, '2022-03-16 21:41:19', NULL, '213.131.78.227'),
(613, 308, 190400, 12, '2022-03-16 21:41:40', NULL, '213.131.78.227'),
(614, 308, 190400, 12, '2022-03-16 21:43:49', NULL, '213.131.78.227'),
(615, 307, 190400, 12, '2022-03-16 22:12:29', NULL, '212.7.30.4'),
(616, 313, 190400, 12, '2022-03-18 10:52:49', NULL, '217.159.140.130'),
(617, 313, 190400, 12, '2022-03-18 12:51:31', NULL, '90.190.179.208'),
(618, 313, 190400, 12, '2022-03-18 22:20:49', NULL, '85.253.80.222'),
(619, 309, 190400, 12, '2022-03-19 10:47:58', NULL, '94.246.216.243'),
(620, 309, 190400, 12, '2022-03-20 19:02:35', NULL, '90.191.149.79'),
(621, 309, 190400, 12, '2022-03-20 20:57:52', NULL, '66.249.83.197'),
(622, 309, 190400, 12, '2022-03-20 20:57:55', NULL, '66.249.73.87'),
(623, 309, 190400, 12, '2022-03-20 20:58:37', NULL, '66.249.83.193'),
(624, 307, 190400, 12, '2022-03-21 11:41:13', NULL, '80.235.76.5'),
(625, 307, 190400, 12, '2022-03-21 11:41:22', NULL, '31.24.56.132'),
(626, 307, 190400, 12, '2022-03-21 11:43:45', NULL, '212.7.30.4'),
(627, 313, 190400, 12, '2022-03-21 15:58:25', NULL, '217.159.140.130'),
(628, 309, 190400, 12, '2022-03-21 16:03:48', NULL, '46.131.54.245'),
(629, 309, 190400, 12, '2022-03-21 18:50:07', NULL, '146.255.181.6'),
(630, 313, 190400, 12, '2022-03-22 09:39:58', NULL, '90.190.179.208'),
(631, 313, 190400, 12, '2022-03-22 09:40:15', NULL, '46.131.36.234'),
(632, 313, 190400, 12, '2022-03-22 09:44:12', NULL, '46.131.36.234'),
(633, 314, 190400, 12, '2022-03-23 11:34:48', NULL, '46.131.54.245'),
(634, 308, 190400, 12, '2022-03-23 12:20:23', NULL, '46.131.54.245'),
(635, 308, 190400, 12, '2022-03-24 13:47:45', NULL, '46.131.54.245'),
(636, 315, 190400, 12, '2022-03-24 13:54:17', NULL, '46.131.54.245'),
(637, 315, 190400, 12, '2022-03-24 17:17:23', NULL, '87.119.178.91'),
(638, 316, 190400, 12, '2022-03-28 16:13:26', NULL, '66.249.68.85'),
(639, 316, 190400, 12, '2022-03-28 16:29:05', NULL, '46.131.40.175'),
(640, 316, 190400, 12, '2022-03-28 18:16:57', NULL, '46.131.40.175'),
(641, 316, 190400, 12, '2022-03-29 03:37:29', NULL, '90.190.182.198'),
(642, 316, 190400, 12, '2022-03-29 03:37:29', NULL, '90.190.182.198'),
(643, 316, 190400, 12, '2022-03-29 06:57:46', NULL, '81.90.124.168'),
(644, 316, 190400, 12, '2022-03-29 07:05:03', NULL, '81.90.124.168'),
(645, 316, 190400, 12, '2022-03-29 07:18:19', NULL, '90.190.179.234'),
(646, 316, 190400, 12, '2022-03-29 07:25:04', NULL, '83.191.250.105'),
(647, 316, 190400, 12, '2022-03-29 07:25:33', NULL, '62.65.193.73'),
(648, 316, 190400, 12, '2022-03-29 07:27:27', NULL, '31.24.56.132'),
(649, 316, 190400, 12, '2022-03-29 08:54:40', NULL, '213.168.4.171'),
(650, 316, 190400, 12, '2022-03-29 09:55:43', NULL, '104.47.13.254'),
(651, 316, 190400, 12, '2022-03-29 09:55:43', NULL, '90.191.222.105'),
(652, 316, 190400, 12, '2022-03-29 09:55:53', NULL, '40.94.87.77'),
(653, 316, 190400, 12, '2022-03-29 09:55:53', NULL, '40.94.87.17'),
(654, 316, 190400, 12, '2022-03-29 11:21:27', NULL, '217.159.140.130'),
(655, 317, 190400, 12, '2022-03-29 11:55:15', NULL, '91.195.246.4'),
(656, 317, 190400, 12, '2022-03-29 11:55:19', NULL, '34.230.141.239'),
(657, 317, 190400, 12, '2022-03-29 11:56:09', NULL, '85.14.248.199'),
(658, 318, 190400, 12, '2022-03-29 12:31:21', NULL, '217.159.140.130'),
(659, 318, 190400, 12, '2022-03-29 12:31:21', NULL, '217.159.140.130'),
(660, 317, 190400, 12, '2022-03-29 14:04:50', NULL, '91.195.246.200'),
(661, 317, 190400, 12, '2022-03-29 14:04:56', NULL, '18.213.28.251'),
(662, 317, 190400, 12, '2022-03-29 14:05:06', NULL, '38.132.99.51'),
(663, 317, 190400, 12, '2022-03-29 16:56:09', NULL, '90.190.161.76'),
(664, 317, 190400, 12, '2022-03-29 16:56:16', NULL, '54.211.226.123'),
(665, 317, 190400, 12, '2022-03-29 16:56:33', NULL, '108.62.178.99'),
(666, 317, 190400, 12, '2022-03-29 16:59:05', NULL, '90.190.161.76'),
(667, 316, 190400, 12, '2022-03-29 17:10:46', NULL, '87.119.177.63'),
(668, 317, 190400, 12, '2022-03-29 17:41:00', NULL, '90.190.161.76'),
(669, 317, 190400, 12, '2022-03-29 17:41:06', NULL, '52.72.223.80'),
(670, 317, 190400, 12, '2022-03-29 17:41:39', NULL, '172.255.126.147'),
(671, 317, 190400, 12, '2022-03-29 18:45:00', NULL, '90.190.161.76'),
(672, 317, 190400, 12, '2022-03-29 18:45:08', NULL, '90.190.161.76'),
(673, 317, 190400, 12, '2022-03-29 19:02:14', NULL, '90.190.161.76'),
(674, 319, 190400, 12, '2022-03-30 17:36:07', NULL, '66.249.66.157'),
(675, 319, 190400, 12, '2022-03-30 20:20:52', NULL, '46.131.40.175'),
(676, 319, 190400, 12, '2022-03-31 07:35:41', NULL, '217.159.140.130'),
(677, 319, 190400, 12, '2022-03-31 07:35:44', NULL, '217.159.140.130'),
(678, 319, 190400, 12, '2022-03-31 09:17:28', NULL, '34.220.168.61'),
(679, 319, 190400, 12, '2022-03-31 09:17:33', NULL, '34.222.60.131'),
(680, 319, 190400, 12, '2022-03-31 09:28:49', NULL, '34.222.106.57'),
(681, 319, 190400, 12, '2022-03-31 11:35:13', NULL, '54.200.142.31'),
(682, 319, 190400, 12, '2022-03-31 11:47:05', NULL, '217.159.140.130'),
(683, 319, 190400, 12, '2022-03-31 11:47:06', NULL, '217.159.140.130'),
(684, 319, 190400, 12, '2022-03-31 11:47:07', NULL, '217.159.140.130'),
(685, 320, 190400, 12, '2022-03-31 15:27:15', NULL, '217.159.140.130'),
(686, 320, 190400, 12, '2022-03-31 15:46:34', NULL, '193.212.203.50'),
(687, 321, 190400, 12, '2022-03-31 16:43:23', NULL, '66.249.73.85'),
(688, 320, 190400, 12, '2022-03-31 17:43:07', NULL, '193.212.203.50'),
(689, 321, 190400, 12, '2022-03-31 19:51:43', NULL, '66.249.83.197'),
(690, 321, 190400, 12, '2022-03-31 19:51:44', NULL, '90.190.182.198'),
(691, 321, 190400, 12, '2022-03-31 19:55:43', NULL, '46.131.40.175'),
(692, 321, 190400, 12, '2022-04-01 09:27:55', NULL, '90.190.165.102'),
(693, 321, 190400, 12, '2022-04-01 09:27:56', NULL, '90.190.165.102'),
(694, 321, 190400, 12, '2022-04-01 14:13:49', NULL, '81.20.151.238'),
(695, 321, 190400, 12, '2022-04-01 19:29:17', NULL, '90.191.176.218'),
(696, 321, 190400, 12, '2022-04-01 23:41:55', NULL, '46.131.30.210'),
(697, 321, 190400, 12, '2022-04-02 15:45:17', NULL, '90.190.165.102'),
(698, 321, 190400, 12, '2022-04-02 15:45:17', NULL, '90.190.165.102'),
(699, 322, 190400, 12, '2022-04-04 12:47:32', NULL, '217.159.140.130'),
(700, 322, 190400, 12, '2022-04-04 12:57:19', NULL, '90.190.16.80'),
(701, 322, 190400, 12, '2022-04-04 15:12:58', NULL, '90.190.16.80'),
(702, 321, 190400, 12, '2022-04-04 15:49:41', NULL, '81.20.151.238'),
(703, 313, 190400, 12, '2022-04-05 10:22:39', NULL, '46.131.43.229'),
(704, 323, 190400, 12, '2022-04-05 14:43:47', NULL, '66.249.66.159'),
(705, 323, 190400, 12, '2022-04-05 19:42:37', NULL, '90.191.75.191'),
(706, 323, 190400, 12, '2022-04-05 19:54:49', NULL, '91.129.110.114'),
(707, 323, 190400, 12, '2022-04-05 19:55:47', NULL, '91.129.110.114'),
(708, 323, 190400, 12, '2022-04-05 19:57:32', NULL, '35.237.4.214'),
(709, 323, 190400, 12, '2022-04-05 19:57:34', NULL, '90.190.98.243'),
(710, 323, 190400, 12, '2022-04-05 19:57:37', NULL, '90.191.153.154'),
(711, 323, 190400, 12, '2022-04-05 19:58:06', NULL, '88.196.115.140'),
(712, 323, 190400, 12, '2022-04-05 19:59:00', NULL, '90.190.39.43'),
(713, 323, 190400, 12, '2022-04-05 20:39:03', NULL, '87.119.177.223'),
(714, 323, 190400, 12, '2022-04-05 20:46:02', NULL, '90.191.153.154'),
(715, 323, 190400, 12, '2022-04-05 20:48:02', NULL, '87.119.177.223'),
(716, 323, 190400, 12, '2022-04-05 20:48:30', NULL, '207.46.13.87'),
(717, 323, 190400, 12, '2022-04-05 20:50:30', NULL, '88.196.115.140'),
(718, 323, 190400, 12, '2022-04-05 20:53:53', NULL, '90.190.83.108'),
(719, 323, 190400, 12, '2022-04-05 20:53:57', NULL, '90.190.83.108'),
(720, 323, 190400, 12, '2022-04-05 21:07:13', NULL, '91.129.97.224'),
(721, 323, 190400, 12, '2022-04-05 21:14:18', NULL, '90.191.129.206'),
(722, 323, 190400, 12, '2022-04-05 21:16:14', NULL, '31.13.103.14'),
(723, 323, 190400, 12, '2022-04-05 21:16:15', NULL, '31.13.103.8'),
(724, 323, 190400, 12, '2022-04-05 21:17:10', NULL, '98.55.99.90'),
(725, 323, 190400, 12, '2022-04-05 21:19:32', NULL, '98.55.99.90'),
(726, 323, 190400, 12, '2022-04-05 21:20:34', NULL, '98.55.99.90'),
(727, 323, 190400, 12, '2022-04-05 21:39:53', NULL, '85.253.169.176'),
(728, 323, 190400, 12, '2022-04-06 07:19:54', NULL, '90.190.83.108'),
(729, 323, 190400, 12, '2022-04-06 07:48:42', NULL, '46.131.28.223'),
(730, 322, 190400, 12, '2022-04-06 11:39:36', NULL, '217.159.140.130'),
(731, 322, 190400, 12, '2022-04-06 11:39:36', NULL, '217.159.140.130'),
(732, 323, 190400, 12, '2022-04-06 18:24:24', NULL, '81.90.125.145');
INSERT INTO `vis_video_log` (`vl_id`, `vl_video_id`, `vl_company_id`, `vl_device_id`, `vl_created_at`, `vl_play_time`, `ip_address`) VALUES
(733, 323, 190400, 12, '2022-04-07 14:50:01', NULL, '90.191.153.154'),
(734, 316, 190400, 12, '2022-04-08 08:30:46', NULL, '40.94.102.40'),
(735, 327, 190400, 12, '2022-04-08 10:16:33', NULL, '217.159.140.130'),
(736, 327, 190400, 12, '2022-04-08 10:16:33', NULL, '217.159.140.130'),
(737, 326, 190400, 12, '2022-04-08 10:17:20', NULL, '217.159.140.130'),
(738, 326, 190400, 12, '2022-04-08 10:17:20', NULL, '217.159.140.130'),
(739, 324, 190400, 12, '2022-04-08 10:17:47', NULL, '217.159.140.130'),
(740, 325, 190400, 12, '2022-04-08 10:18:14', NULL, '217.159.140.130'),
(741, 324, 190400, 12, '2022-04-08 11:19:19', NULL, '46.131.45.212'),
(742, 324, 190400, 12, '2022-04-08 12:12:55', NULL, '84.50.25.54'),
(743, 325, 190400, 12, '2022-04-08 12:13:42', NULL, '84.50.25.54'),
(744, 326, 190400, 12, '2022-04-08 12:15:19', NULL, '84.50.25.54'),
(745, 327, 190400, 12, '2022-04-08 12:16:02', NULL, '84.50.25.54'),
(746, 329, 190400, 12, '2022-04-08 15:02:43', NULL, '217.159.140.130'),
(747, 329, 190400, 12, '2022-04-08 15:02:47', NULL, '217.159.140.130'),
(748, 328, 190400, 12, '2022-04-08 15:34:53', NULL, '46.131.51.183'),
(749, 328, 190400, 12, '2022-04-08 15:34:55', NULL, '62.65.193.73'),
(750, 329, 190400, 12, '2022-04-08 15:36:20', NULL, '46.131.51.183'),
(751, 329, 190400, 12, '2022-04-08 15:36:26', NULL, '212.7.30.5'),
(752, 328, 190400, 12, '2022-04-08 15:45:30', NULL, '62.65.193.68'),
(753, 329, 190400, 12, '2022-04-08 22:20:43', NULL, '62.65.193.69'),
(754, 329, 190400, 12, '2022-04-08 23:31:52', NULL, '62.65.193.68'),
(755, 323, 190400, 12, '2022-04-09 23:13:18', NULL, '90.191.129.206'),
(756, 327, 190400, 12, '2022-04-11 07:27:09', NULL, '90.191.161.183'),
(757, 327, 190400, 12, '2022-04-11 07:27:09', NULL, '90.191.161.183'),
(758, 326, 190400, 12, '2022-04-11 07:28:11', NULL, '90.191.161.183'),
(759, 326, 190400, 12, '2022-04-11 07:28:11', NULL, '90.191.161.183'),
(760, 327, 190400, 12, '2022-04-11 07:30:26', NULL, '90.191.161.183'),
(761, 327, 190400, 12, '2022-04-11 07:30:26', NULL, '90.191.161.183'),
(762, 325, 190400, 12, '2022-04-11 07:31:21', NULL, '90.191.161.183'),
(763, 325, 190400, 12, '2022-04-11 07:31:21', NULL, '90.191.161.183'),
(764, 324, 190400, 12, '2022-04-11 07:32:02', NULL, '90.191.161.183'),
(765, 324, 190400, 12, '2022-04-11 07:32:02', NULL, '90.191.161.183'),
(766, 329, 190400, 12, '2022-04-11 12:38:37', NULL, '91.131.47.162'),
(767, 330, 190400, 13, '2022-04-17 16:38:04', NULL, '46.131.41.254'),
(768, 332, 190400, 12, '2022-04-20 12:40:00', NULL, '82.131.66.206'),
(769, 332, 190400, 12, '2022-04-20 13:01:04', NULL, '80.235.52.95'),
(770, 332, 190400, 12, '2022-04-20 13:04:54', NULL, '81.90.125.3'),
(771, 332, 190400, 12, '2022-04-20 13:12:27', NULL, '81.90.125.3'),
(772, 332, 190400, 12, '2022-04-20 13:20:00', NULL, '81.90.125.3'),
(773, 332, 190400, 12, '2022-04-20 14:00:36', NULL, '80.235.52.95'),
(774, 332, 190400, 12, '2022-04-20 14:51:25', NULL, '80.235.52.95'),
(775, 331, 190400, 12, '2022-04-20 15:42:01', NULL, '217.159.140.130'),
(776, 331, 190400, 12, '2022-04-20 16:31:25', NULL, '217.159.140.130'),
(777, 331, 190400, 12, '2022-04-20 16:31:25', NULL, '217.159.140.130'),
(778, 333, 190400, 12, '2022-04-21 15:03:42', NULL, '66.249.83.193'),
(779, 333, 190400, 12, '2022-04-21 15:03:44', NULL, '66.249.64.217'),
(780, 333, 190400, 12, '2022-04-21 15:57:30', NULL, '46.131.46.235'),
(781, 333, 190400, 12, '2022-04-21 16:52:02', NULL, '46.131.32.177'),
(782, 333, 190400, 12, '2022-04-22 22:09:01', NULL, '87.119.182.142'),
(783, 331, 190400, 12, '2022-04-25 13:14:07', NULL, '85.253.177.100'),
(784, 332, 190400, 12, '2022-04-25 13:27:05', NULL, '217.159.140.130'),
(785, 334, 190400, 13, '2022-04-25 13:36:33', NULL, '217.159.140.130'),
(786, 334, 190400, 13, '2022-04-25 13:36:44', NULL, '217.159.140.130'),
(787, 334, 190400, 13, '2022-04-25 13:37:10', NULL, '217.159.140.130'),
(788, 323, 190400, 12, '2022-04-25 18:00:01', NULL, '91.129.110.217'),
(789, 321, 190400, 12, '2022-04-26 10:08:13', NULL, '80.235.76.8'),
(790, 321, 190400, 12, '2022-04-26 10:09:37', NULL, '80.235.76.8'),
(791, 321, 190400, 12, '2022-04-26 10:13:04', NULL, '80.235.76.8'),
(792, 335, 190400, 13, '2022-04-26 10:30:54', NULL, '217.159.140.130'),
(793, 335, 190400, 13, '2022-04-26 10:30:59', NULL, '217.159.140.130'),
(794, 335, 190400, 13, '2022-04-26 10:32:39', NULL, '217.159.140.130'),
(795, 335, 190400, 13, '2022-04-26 10:33:23', NULL, '217.159.140.130'),
(796, 321, 190400, 12, '2022-04-26 11:04:19', NULL, '46.131.26.216'),
(797, 321, 190400, 12, '2022-04-26 11:08:05', NULL, '46.131.27.206'),
(798, 335, 190400, 13, '2022-04-26 11:17:25', NULL, '194.204.17.21'),
(799, 335, 190400, 13, '2022-04-26 11:59:23', NULL, '82.131.85.145'),
(800, 335, 190400, 13, '2022-04-26 12:32:55', NULL, '82.131.85.145'),
(801, 321, 190400, 12, '2022-04-26 12:52:25', NULL, '46.131.27.206'),
(802, 321, 190400, 12, '2022-04-26 12:52:36', NULL, '213.219.110.178'),
(803, 321, 190400, 12, '2022-04-26 12:52:39', NULL, '213.219.110.178'),
(804, 321, 190400, 12, '2022-04-26 12:55:37', NULL, '213.219.110.178'),
(805, 321, 190400, 12, '2022-04-26 13:11:37', NULL, '81.90.125.163'),
(806, 321, 190400, 12, '2022-04-26 13:41:16', NULL, '81.20.151.238'),
(807, 321, 190400, 12, '2022-04-26 14:02:17', NULL, '81.90.125.140'),
(808, 321, 190400, 12, '2022-04-26 14:02:32', NULL, '81.90.125.140'),
(809, 321, 190400, 12, '2022-04-26 14:43:04', NULL, '81.20.151.238'),
(810, 321, 190400, 12, '2022-04-26 15:08:10', NULL, '46.131.27.206'),
(811, 336, 190400, 12, '2022-04-26 15:49:56', NULL, '217.159.140.130'),
(812, 336, 190400, 12, '2022-04-26 15:49:56', NULL, '217.159.140.130'),
(813, 336, 190400, 12, '2022-04-26 15:50:34', NULL, '194.150.65.160'),
(814, 336, 190400, 12, '2022-04-26 15:50:36', NULL, '62.65.193.69'),
(815, 333, 190400, 12, '2022-04-26 15:50:38', NULL, '46.131.46.235'),
(816, 336, 190400, 12, '2022-04-26 15:52:40', NULL, '194.150.65.160'),
(817, 336, 190400, 12, '2022-04-26 15:53:05', NULL, '194.150.65.160'),
(818, 321, 190400, 12, '2022-04-26 16:03:23', NULL, '46.131.27.206'),
(819, 332, 190400, 12, '2022-04-26 16:10:50', NULL, '80.235.52.95'),
(820, 332, 190400, 12, '2022-04-26 16:10:50', NULL, '80.235.52.95'),
(821, 337, 190400, 12, '2022-04-26 16:14:57', NULL, '146.255.180.192'),
(822, 337, 190400, 12, '2022-04-26 16:15:02', NULL, '146.255.180.192'),
(823, 321, 190400, 12, '2022-04-26 16:31:26', NULL, '46.131.26.216'),
(824, 337, 190400, 12, '2022-04-26 16:36:17', NULL, '146.255.180.192'),
(825, 335, 190400, 13, '2022-04-26 16:42:18', NULL, '82.131.85.145'),
(826, 321, 190400, 12, '2022-04-26 16:44:28', NULL, '46.131.26.216'),
(827, 321, 190400, 12, '2022-04-26 17:36:09', NULL, '213.219.110.178'),
(828, 321, 190400, 12, '2022-04-26 18:54:06', NULL, '90.191.176.218'),
(829, 333, 190400, 12, '2022-04-26 19:16:12', NULL, '146.255.181.244'),
(830, 336, 190400, 12, '2022-04-26 19:25:18', NULL, '212.7.30.5'),
(831, 336, 190400, 12, '2022-04-26 19:40:55', NULL, '62.65.193.70'),
(832, 335, 190400, 13, '2022-04-27 09:25:04', NULL, '82.131.85.145'),
(833, 332, 190400, 12, '2022-04-27 11:01:02', NULL, '81.90.124.108'),
(834, 336, 190400, 12, '2022-04-28 08:53:33', NULL, '146.255.180.156'),
(835, 338, 190400, 12, '2022-04-28 16:12:36', NULL, '87.119.178.6'),
(836, 338, 190400, 12, '2022-04-28 16:12:43', NULL, '87.119.178.6'),
(837, 338, 190400, 12, '2022-04-28 23:36:17', NULL, '85.253.119.140'),
(838, 338, 190400, 12, '2022-04-28 23:36:26', NULL, '85.253.119.140'),
(839, 331, 190400, 12, '2022-05-02 10:36:17', NULL, '104.47.18.254'),
(840, 331, 190400, 12, '2022-05-02 10:36:18', NULL, '85.206.150.66'),
(841, 331, 190400, 12, '2022-05-02 10:36:41', NULL, '85.206.150.66'),
(842, 331, 190400, 12, '2022-05-02 10:36:49', NULL, '40.94.94.5'),
(843, 331, 190400, 12, '2022-05-02 10:36:49', NULL, '40.94.94.71'),
(844, 331, 190400, 12, '2022-05-02 10:56:10', NULL, '104.47.18.190'),
(845, 331, 190400, 12, '2022-05-02 10:56:11', NULL, '85.206.150.66'),
(846, 331, 190400, 12, '2022-05-02 10:56:58', NULL, '104.47.18.190'),
(847, 331, 190400, 12, '2022-05-02 10:56:58', NULL, '85.206.150.66'),
(848, 331, 190400, 12, '2022-05-02 10:57:14', NULL, '85.206.150.125'),
(849, 331, 190400, 12, '2022-05-02 11:28:12', NULL, '104.47.18.254'),
(850, 331, 190400, 12, '2022-05-02 11:28:13', NULL, '85.206.150.66'),
(851, 331, 190400, 12, '2022-05-02 11:28:45', NULL, '40.94.97.5'),
(852, 331, 190400, 12, '2022-05-02 11:28:45', NULL, '40.94.97.99'),
(853, 337, 190400, 12, '2022-05-02 12:44:21', NULL, '95.153.36.20'),
(854, 333, 190400, 12, '2022-05-02 13:19:01', NULL, '46.131.46.235'),
(855, 339, 190400, 12, '2022-05-04 14:22:05', NULL, '85.29.202.230'),
(856, 339, 190400, 12, '2022-05-04 15:01:10', NULL, '46.131.41.200'),
(857, 340, 190400, 12, '2022-05-04 15:03:08', NULL, '146.255.180.229'),
(858, 333, 190400, 12, '2022-05-04 16:13:21', NULL, '46.131.46.235'),
(859, 309, 190400, 12, '2022-05-09 14:47:28', NULL, '66.249.66.159'),
(860, 307, 190400, 12, '2022-05-16 15:22:44', NULL, '217.159.140.130'),
(861, 307, 190400, 12, '2022-05-16 15:22:44', NULL, '217.159.140.130'),
(862, 321, 190400, 12, '2022-05-16 16:25:41', NULL, '87.119.177.98'),
(863, 321, 190400, 12, '2022-05-16 16:25:47', NULL, '213.219.110.178'),
(864, 321, 190400, 12, '2022-05-16 18:37:41', NULL, '87.119.177.98'),
(865, 333, 190400, 12, '2022-05-21 14:48:49', NULL, '87.119.182.119'),
(866, 309, 190400, 12, '2022-05-27 10:48:56', NULL, '66.249.64.213'),
(867, 321, 190400, 12, '2022-06-02 07:21:31', NULL, '176.46.91.139'),
(868, 340, 190400, 12, '2022-06-03 12:29:27', NULL, '66.249.64.213'),
(869, 340, 190400, 12, '2022-06-03 12:29:36', NULL, '46.131.17.206'),
(870, 323, 190400, 12, '2022-06-05 09:31:44', NULL, '91.129.97.172'),
(871, 341, 190400, 12, '2022-06-07 16:10:16', NULL, '66.249.64.217'),
(872, 341, 190400, 12, '2022-06-07 16:28:33', NULL, '46.131.62.175'),
(873, 341, 190400, 12, '2022-06-07 16:32:08', NULL, '194.204.17.21'),
(874, 341, 190400, 12, '2022-06-07 16:41:37', NULL, '194.204.17.21'),
(875, 341, 190400, 12, '2022-06-07 16:43:30', NULL, '194.204.17.21'),
(876, 341, 190400, 12, '2022-06-07 16:43:33', NULL, '194.204.17.21'),
(877, 341, 190400, 12, '2022-06-07 16:50:56', NULL, '81.90.125.138'),
(878, 342, 190400, 12, '2022-06-08 09:10:32', NULL, '66.249.64.213'),
(879, 341, 190400, 12, '2022-06-08 09:12:47', NULL, '194.204.17.21'),
(880, 341, 190400, 12, '2022-06-08 09:12:51', NULL, '194.204.17.21'),
(881, 341, 190400, 12, '2022-06-08 13:15:54', NULL, '194.204.17.21'),
(882, 341, 190400, 12, '2022-06-08 16:47:33', NULL, '194.204.17.21'),
(883, 341, 190400, 12, '2022-06-08 17:19:42', NULL, '91.129.98.147'),
(884, 338, 190400, 12, '2022-06-17 07:27:39', NULL, '85.253.116.180'),
(885, 337, 190400, 12, '2022-09-02 19:34:33', NULL, '78.28.65.182'),
(886, 350, 190399, 11, '2022-09-04 16:14:03', NULL, '81.90.125.58'),
(887, 350, 190399, 11, '2022-09-05 17:06:04', NULL, '94.69.65.232'),
(888, 280, 190400, 12, '2022-11-05 13:04:19', NULL, '90.191.36.179'),
(889, 280, 190400, 12, '2023-01-20 08:46:07', NULL, '90.191.36.230'),
(890, 356, 190400, 13, '2023-02-15 11:09:41', NULL, '217.159.140.130'),
(891, 356, 190400, 13, '2023-02-15 13:09:51', NULL, '146.255.183.123'),
(892, 356, 190400, 13, '2023-02-15 13:12:27', NULL, '195.250.188.165'),
(893, 357, 190400, 13, '2023-02-16 10:30:19', NULL, '46.131.35.235'),
(894, 357, 190400, 13, '2023-02-16 10:36:57', NULL, '217.159.140.130'),
(895, 357, 190400, 13, '2023-02-16 10:36:57', NULL, '217.159.140.130'),
(896, 357, 190400, 13, '2023-02-16 15:40:03', NULL, '80.235.103.146'),
(897, 358, 190400, 13, '2023-02-17 16:50:19', NULL, '146.255.182.120'),
(898, 358, 190400, 13, '2023-02-18 19:25:58', NULL, '146.255.182.120'),
(899, 358, 190400, 13, '2023-02-20 08:31:02', NULL, '84.50.211.6'),
(900, 358, 190400, 13, '2023-02-20 08:33:01', NULL, '194.150.65.132'),
(901, 360, 190400, 13, '2023-02-20 09:17:59', NULL, '217.159.140.130'),
(902, 360, 190400, 13, '2023-02-20 09:23:39', NULL, '46.131.25.255'),
(903, 360, 190400, 13, '2023-02-20 09:23:41', NULL, '46.131.25.255'),
(904, 358, 190400, 13, '2023-02-20 09:48:58', NULL, '146.255.180.142'),
(905, 361, 190400, 13, '2023-02-20 11:20:31', NULL, '46.131.37.228'),
(906, 361, 190400, 13, '2023-02-20 11:22:33', NULL, '46.131.37.228'),
(907, 361, 190400, 13, '2023-02-20 11:28:05', NULL, '217.159.140.130'),
(908, 361, 190400, 13, '2023-02-20 11:28:05', NULL, '217.159.140.130'),
(909, 361, 190400, 13, '2023-02-20 16:53:26', NULL, '85.156.199.225'),
(910, 362, 190400, 13, '2023-02-21 13:42:39', NULL, '217.159.140.130'),
(911, 362, 190400, 13, '2023-02-21 13:42:39', NULL, '217.159.140.130'),
(912, 362, 190400, 13, '2023-02-21 15:57:13', NULL, '90.190.97.12'),
(913, 364, 190400, 13, '2023-02-22 16:02:44', NULL, '217.159.140.130'),
(914, 364, 190400, 13, '2023-02-22 16:02:54', NULL, '217.159.140.130'),
(915, 363, 190400, 13, '2023-02-22 16:03:15', NULL, '217.159.140.130'),
(916, 364, 190400, 13, '2023-02-22 16:06:35', NULL, '217.159.140.130'),
(917, 364, 190400, 13, '2023-02-22 16:06:35', NULL, '217.159.140.130'),
(918, 363, 190400, 13, '2023-02-22 16:11:47', NULL, '77.233.95.110'),
(919, 363, 190400, 13, '2023-02-22 16:16:31', NULL, '77.233.95.110'),
(920, 364, 190400, 13, '2023-02-22 16:18:56', NULL, '77.233.95.110'),
(921, 364, 190400, 13, '2023-02-22 16:19:55', NULL, '77.233.95.110'),
(922, 364, 190400, 13, '2023-02-22 16:27:55', NULL, '77.233.95.110'),
(923, 364, 190400, 13, '2023-02-23 18:09:58', NULL, '87.119.177.168'),
(924, 364, 190400, 13, '2023-02-27 09:13:40', NULL, '77.233.95.110'),
(925, 357, 190400, 13, '2023-02-27 10:58:48', NULL, '46.131.45.228'),
(926, 365, 190400, 13, '2023-02-28 14:08:10', NULL, '217.159.140.130'),
(927, 365, 190400, 13, '2023-02-28 14:08:10', NULL, '217.159.140.130'),
(928, 366, 190400, 13, '2023-03-01 09:12:39', NULL, '217.159.140.130'),
(929, 365, 190400, 13, '2023-03-01 15:07:47', NULL, '217.159.140.130'),
(930, 366, 190400, 13, '2023-03-01 20:36:08', NULL, '146.255.183.199'),
(931, 367, 190400, 13, '2023-03-02 11:54:59', NULL, '217.159.140.130'),
(932, 367, 190400, 13, '2023-03-02 12:15:22', NULL, '217.159.140.130'),
(933, 367, 190400, 13, '2023-03-02 20:58:31', NULL, '146.255.183.199'),
(934, 357, 190400, 13, '2023-03-02 22:36:27', NULL, '84.50.220.130'),
(935, 368, 190400, 13, '2023-03-03 09:17:56', NULL, '217.159.140.130'),
(936, 368, 190400, 13, '2023-03-03 09:30:44', NULL, '82.131.22.205'),
(937, 368, 190400, 13, '2023-03-03 11:10:58', NULL, '82.131.22.205'),
(938, 368, 190400, 13, '2023-03-03 11:15:38', NULL, '217.159.140.130'),
(939, 368, 190400, 13, '2023-03-03 11:57:25', NULL, '91.129.108.13'),
(940, 369, 190400, 13, '2023-03-03 14:37:40', NULL, '217.159.140.130'),
(941, 369, 190400, 13, '2023-03-03 14:38:59', NULL, '217.159.140.130'),
(942, 369, 190400, 13, '2023-03-03 14:43:47', NULL, '46.131.46.209'),
(943, 369, 190400, 13, '2023-03-03 18:38:22', NULL, '146.255.183.199'),
(944, 368, 190400, 13, '2023-03-03 21:30:51', NULL, '82.131.22.205'),
(945, 250, 190400, 12, '2023-03-05 12:33:22', NULL, '84.50.46.185'),
(946, 250, 190400, 12, '2023-03-05 12:33:22', NULL, '84.50.46.185'),
(947, 370, 190400, 13, '2023-03-07 11:09:08', NULL, '217.159.140.130'),
(948, 371, 190400, 13, '2023-03-07 16:31:09', NULL, '88.196.58.15'),
(949, 371, 190400, 13, '2023-03-07 16:58:59', NULL, '46.131.29.235'),
(950, 371, 190400, 13, '2023-03-07 18:49:18', NULL, '146.255.183.199'),
(951, 372, 190400, 13, '2023-03-08 11:47:50', NULL, '217.159.140.130'),
(952, 373, 190400, 13, '2023-03-08 12:41:31', NULL, '217.159.140.130'),
(953, 373, 190400, 13, '2023-03-08 12:41:31', NULL, '217.159.140.130'),
(954, 373, 190400, 13, '2023-03-08 12:52:13', NULL, '146.255.183.12'),
(955, 373, 190400, 13, '2023-03-08 12:56:00', NULL, '146.255.183.12'),
(956, 373, 190400, 13, '2023-03-08 12:56:07', NULL, '146.255.183.12'),
(957, 373, 190400, 13, '2023-03-08 12:56:20', NULL, '31.13.103.7'),
(958, 373, 190400, 13, '2023-03-08 12:56:20', NULL, '31.13.103.16'),
(959, 373, 190400, 13, '2023-03-08 12:59:57', NULL, '46.131.35.214'),
(960, 373, 190400, 13, '2023-03-08 14:22:28', NULL, '217.159.140.130'),
(961, 372, 190400, 13, '2023-03-08 14:52:39', NULL, '217.159.140.130'),
(962, 372, 190400, 13, '2023-03-08 14:53:07', NULL, '217.159.140.130'),
(963, 372, 190400, 13, '2023-03-08 14:54:20', NULL, '217.159.140.130'),
(964, 372, 190400, 13, '2023-03-08 14:54:20', NULL, '217.159.140.130'),
(965, 372, 190400, 13, '2023-03-08 14:59:56', NULL, '217.159.140.130'),
(966, 373, 190400, 13, '2023-03-08 15:14:30', NULL, '146.255.182.98'),
(967, 357, 190400, 13, '2023-03-08 15:30:26', NULL, '80.235.103.146'),
(968, 357, 190400, 13, '2023-03-08 15:30:31', NULL, '80.235.103.146'),
(969, 357, 190400, 13, '2023-03-08 15:33:12', NULL, '80.235.103.146'),
(970, 373, 190400, 13, '2023-03-08 16:36:04', NULL, '46.131.28.191'),
(971, 372, 190400, 13, '2023-03-08 17:08:50', NULL, '46.131.43.198'),
(972, 373, 190400, 13, '2023-03-08 17:41:38', NULL, '46.131.25.220'),
(973, 372, 190400, 13, '2023-03-08 17:41:43', NULL, '46.131.43.198'),
(974, 373, 190400, 13, '2023-03-08 17:41:58', NULL, '88.239.4.147'),
(975, 373, 190400, 13, '2023-03-08 17:51:44', NULL, '91.129.96.135'),
(976, 373, 190400, 13, '2023-03-08 19:02:52', NULL, '146.255.181.80'),
(977, 374, 190400, 13, '2023-03-09 11:31:41', NULL, '217.159.140.130'),
(978, 374, 190400, 13, '2023-03-09 11:31:41', NULL, '217.159.140.130'),
(979, 374, 190400, 13, '2023-03-09 13:32:21', NULL, '84.50.211.6'),
(980, 374, 190400, 13, '2023-03-09 14:31:32', NULL, '84.50.211.6'),
(981, 375, 190400, 13, '2023-03-09 17:56:22', NULL, '46.131.35.189'),
(982, 375, 190400, 13, '2023-03-09 17:56:26', NULL, '46.131.35.189'),
(983, 375, 190400, 13, '2023-03-10 09:20:10', NULL, '85.253.19.145'),
(984, 375, 190400, 13, '2023-03-10 09:20:15', NULL, '85.253.19.145'),
(985, 375, 190400, 13, '2023-03-10 09:20:59', NULL, '85.253.19.145'),
(986, 375, 190400, 13, '2023-03-10 09:56:14', NULL, '217.159.140.130'),
(987, 376, 190400, 13, '2023-03-10 10:42:55', NULL, '217.159.140.130'),
(988, 375, 190400, 13, '2023-03-10 11:15:16', NULL, '85.253.19.145'),
(989, 373, 190400, 13, '2023-03-10 11:47:15', NULL, '217.159.140.130'),
(990, 373, 190400, 13, '2023-03-10 11:47:43', NULL, '217.159.140.130'),
(991, 373, 190400, 13, '2023-03-10 12:10:42', NULL, '104.47.18.190'),
(992, 373, 190400, 13, '2023-03-10 12:11:59', NULL, '40.94.103.58'),
(993, 373, 190400, 13, '2023-03-10 12:17:58', NULL, '104.47.22.190'),
(994, 373, 190400, 13, '2023-03-10 12:18:05', NULL, '104.47.22.190'),
(995, 377, 190400, 13, '2023-03-13 09:01:20', NULL, '217.159.140.130'),
(996, 377, 190400, 13, '2023-03-13 09:02:01', NULL, '87.119.186.16'),
(997, 377, 190400, 13, '2023-03-13 09:02:05', NULL, '87.119.186.16'),
(998, 378, 190400, 13, '2023-03-13 09:35:33', NULL, '217.159.140.130'),
(999, 375, 190400, 13, '2023-03-13 12:00:28', NULL, '46.131.17.252'),
(1000, 375, 190400, 13, '2023-03-13 12:00:37', NULL, '46.131.17.252'),
(1001, 378, 190400, 13, '2023-03-13 18:45:28', NULL, '146.255.183.199'),
(1002, 379, 190400, 13, '2023-03-14 10:54:16', NULL, '217.159.140.130'),
(1003, 380, 190400, 13, '2023-03-14 11:04:48', NULL, '217.159.140.130'),
(1004, 380, 190400, 13, '2023-03-14 11:04:48', NULL, '217.159.140.130'),
(1005, 379, 190400, 13, '2023-03-14 11:11:19', NULL, '104.47.30.126'),
(1006, 379, 190400, 13, '2023-03-14 11:11:20', NULL, '77.233.95.110'),
(1007, 379, 190400, 13, '2023-03-14 11:14:07', NULL, '84.50.47.33'),
(1008, 380, 190400, 13, '2023-03-14 11:27:34', NULL, '90.190.172.30'),
(1009, 380, 190400, 13, '2023-03-14 12:21:49', NULL, '31.24.56.132'),
(1010, 357, 190400, 13, '2023-03-14 14:01:38', NULL, '80.235.103.146'),
(1011, 357, 190400, 13, '2023-03-14 14:01:48', NULL, '80.235.103.146'),
(1012, 357, 190400, 13, '2023-03-14 14:01:48', NULL, '80.235.103.146'),
(1013, 357, 190400, 13, '2023-03-14 14:01:48', NULL, '80.235.103.146'),
(1014, 357, 190400, 13, '2023-03-14 14:02:20', NULL, '80.235.103.146'),
(1015, 357, 190400, 13, '2023-03-14 14:12:15', NULL, '80.235.103.146'),
(1016, 357, 190400, 13, '2023-03-14 14:14:10', NULL, '80.235.103.146'),
(1017, 357, 190400, 13, '2023-03-14 14:22:24', NULL, '80.235.103.146'),
(1018, 378, 190400, 13, '2023-03-14 21:28:51', NULL, '146.255.183.199'),
(1019, 378, 190400, 13, '2023-03-14 21:29:23', NULL, '146.255.183.199'),
(1020, 378, 190400, 13, '2023-03-14 21:29:35', NULL, '146.255.183.199'),
(1021, 378, 190400, 13, '2023-03-14 21:29:45', NULL, '146.255.183.199'),
(1022, 357, 190400, 13, '2023-03-16 11:33:55', NULL, '37.157.84.140'),
(1023, 381, 190400, 13, '2023-03-20 10:00:50', NULL, '217.159.140.130'),
(1024, 381, 190400, 13, '2023-03-20 10:00:50', NULL, '217.159.140.130'),
(1025, 382, 190400, 13, '2023-03-20 10:02:30', NULL, '217.159.140.130'),
(1026, 382, 190400, 13, '2023-03-20 10:02:36', NULL, '217.159.140.130'),
(1027, 382, 190400, 13, '2023-03-20 10:42:33', NULL, '95.129.192.165'),
(1028, 382, 190400, 13, '2023-03-20 10:44:40', NULL, '95.129.192.165'),
(1029, 357, 190400, 13, '2023-03-20 14:18:31', NULL, '194.126.111.210'),
(1030, 357, 190400, 13, '2023-03-20 14:20:28', NULL, '194.126.111.210'),
(1031, 357, 190400, 13, '2023-03-20 14:20:56', NULL, '194.126.111.210'),
(1032, 357, 190400, 13, '2023-03-20 14:24:16', NULL, '194.126.111.210'),
(1033, 384, 190400, 13, '2023-03-22 10:13:55', NULL, '217.159.140.130'),
(1034, 384, 190400, 13, '2023-03-22 10:15:20', NULL, '90.190.64.25'),
(1035, 384, 190400, 13, '2023-03-22 10:16:31', NULL, '91.129.104.177'),
(1036, 384, 190400, 13, '2023-03-22 10:16:31', NULL, '91.129.104.177'),
(1037, 383, 190400, 13, '2023-03-22 12:39:36', NULL, '87.119.186.118'),
(1038, 384, 190400, 13, '2023-03-22 13:42:23', NULL, '91.129.104.177'),
(1039, 384, 190400, 13, '2023-03-22 13:49:51', NULL, '46.131.22.223'),
(1040, 383, 190400, 13, '2023-03-22 14:22:49', NULL, '87.119.186.118'),
(1041, 384, 190400, 13, '2023-03-22 14:37:43', NULL, '91.129.104.177'),
(1042, 385, 190400, 13, '2023-03-22 14:58:56', NULL, '217.159.140.130'),
(1043, 385, 190400, 13, '2023-03-22 15:00:33', NULL, '66.249.88.12'),
(1044, 385, 190400, 13, '2023-03-22 15:00:47', NULL, '66.249.70.223'),
(1045, 385, 190400, 13, '2023-03-22 17:22:43', NULL, '146.255.183.168'),
(1046, 386, 190400, 13, '2023-03-27 08:59:19', NULL, '217.159.140.130'),
(1047, 386, 190400, 13, '2023-03-27 09:05:58', NULL, '80.235.76.234'),
(1048, 386, 190400, 13, '2023-03-27 09:06:01', NULL, '31.24.56.133'),
(1049, 386, 190400, 13, '2023-03-27 09:06:01', NULL, '31.24.56.132'),
(1050, 386, 190400, 13, '2023-03-27 09:07:29', NULL, '90.190.74.200'),
(1051, 386, 190400, 13, '2023-03-27 09:14:24', NULL, '194.150.65.135'),
(1052, 387, 190400, 13, '2023-03-27 12:50:03', NULL, '90.191.124.241'),
(1053, 387, 190400, 13, '2023-03-27 12:50:19', NULL, '90.191.124.241'),
(1054, 387, 190400, 13, '2023-03-27 14:12:44', NULL, '90.191.124.241'),
(1055, 387, 190400, 13, '2023-03-27 14:12:53', NULL, '90.191.124.241'),
(1056, 387, 190400, 13, '2023-03-27 18:11:18', NULL, '90.191.124.241'),
(1057, 388, 190400, 13, '2023-03-28 08:40:15', NULL, '217.159.140.130'),
(1058, 388, 190400, 13, '2023-03-28 08:46:13', NULL, '46.131.46.192'),
(1059, 387, 190400, 13, '2023-03-28 09:54:39', NULL, '90.191.129.132'),
(1060, 381, 190400, 13, '2023-03-28 10:48:06', NULL, '217.159.140.130'),
(1061, 388, 190400, 13, '2023-03-28 11:34:19', NULL, '205.213.108.196'),
(1062, 388, 190400, 13, '2023-03-28 13:13:09', NULL, '204.186.55.229'),
(1063, 386, 190400, 13, '2023-03-28 15:24:35', NULL, '104.47.22.190'),
(1064, 386, 190400, 13, '2023-03-28 15:24:50', NULL, '40.94.105.53'),
(1065, 386, 190400, 13, '2023-03-28 15:31:40', NULL, '46.131.40.181'),
(1066, 386, 190400, 13, '2023-03-28 15:31:53', NULL, '46.131.40.181'),
(1067, 387, 190400, 13, '2023-03-28 17:53:37', NULL, '90.191.129.132'),
(1068, 387, 190400, 13, '2023-03-28 17:53:57', NULL, '90.191.129.132'),
(1069, 386, 190400, 13, '2023-03-28 23:38:29', NULL, '146.255.180.151'),
(1070, 389, 190400, 13, '2023-03-29 09:39:59', NULL, '46.131.36.234'),
(1071, 389, 190400, 13, '2023-03-29 10:28:04', NULL, '85.253.70.95'),
(1072, 389, 190400, 13, '2023-03-29 10:28:12', NULL, '85.253.70.95'),
(1073, 389, 190400, 13, '2023-03-29 10:29:19', NULL, '213.35.137.154'),
(1074, 389, 190400, 13, '2023-03-29 10:29:29', NULL, '31.24.56.133'),
(1075, 386, 190400, 13, '2023-03-29 10:52:40', NULL, '91.129.108.184'),
(1076, 389, 190400, 13, '2023-03-29 11:12:16', NULL, '31.24.56.133'),
(1077, 389, 190400, 13, '2023-03-29 13:45:47', NULL, '85.253.70.95'),
(1078, 389, 190400, 13, '2023-03-29 22:37:20', NULL, '85.253.70.95'),
(1079, 390, 190400, 13, '2023-03-30 08:55:57', NULL, '217.159.140.130'),
(1080, 390, 190400, 13, '2023-03-30 08:55:58', NULL, '217.159.140.130'),
(1081, 391, 190400, 13, '2023-03-31 13:29:07', NULL, '217.159.140.130'),
(1082, 391, 190400, 13, '2023-03-31 13:53:09', NULL, '217.159.140.130'),
(1083, 390, 190400, 13, '2023-04-01 13:44:25', NULL, '84.50.47.156'),
(1084, 392, 190400, 13, '2023-04-03 09:57:43', NULL, '217.159.140.130'),
(1085, 392, 190400, 13, '2023-04-03 10:06:21', NULL, '195.222.19.91'),
(1086, 392, 190400, 13, '2023-04-03 10:08:36', NULL, '195.222.19.91'),
(1087, 392, 190400, 13, '2023-04-03 10:13:24', NULL, '195.222.19.91'),
(1088, 392, 190400, 13, '2023-04-03 10:16:26', NULL, '195.222.19.91'),
(1089, 392, 190400, 13, '2023-04-03 10:23:03', NULL, '46.131.41.236'),
(1090, 392, 190400, 13, '2023-04-03 10:39:46', NULL, '46.131.41.236'),
(1091, 393, 190400, 13, '2023-04-03 11:59:58', NULL, '217.159.140.130'),
(1092, 393, 190400, 13, '2023-04-03 11:59:58', NULL, '217.159.140.130'),
(1093, 393, 190400, 13, '2023-04-03 13:40:48', NULL, '87.119.182.5'),
(1094, 393, 190400, 13, '2023-04-03 13:43:18', NULL, '31.24.56.132'),
(1095, 393, 190400, 13, '2023-04-03 13:45:31', NULL, '31.24.56.132'),
(1096, 393, 190400, 13, '2023-04-03 14:10:59', NULL, '87.119.182.5'),
(1097, 390, 190400, 13, '2023-04-05 10:04:12', NULL, '104.47.18.254'),
(1098, 390, 190400, 13, '2023-04-05 10:04:49', NULL, '40.94.103.68'),
(1099, 390, 190400, 13, '2023-04-05 10:11:29', NULL, '104.47.18.190'),
(1100, 390, 190400, 13, '2023-04-05 10:12:30', NULL, '80.235.59.169'),
(1101, 394, 190400, 13, '2023-04-06 15:53:37', NULL, '217.159.140.130'),
(1102, 394, 190400, 13, '2023-04-06 15:53:37', NULL, '217.159.140.130'),
(1103, 394, 190400, 13, '2023-04-06 16:37:00', NULL, '195.50.203.228'),
(1104, 395, 190400, 13, '2023-04-10 12:43:03', NULL, '46.131.36.234'),
(1105, 395, 190400, 13, '2023-04-10 15:34:36', NULL, '46.131.62.192'),
(1106, 395, 190400, 13, '2023-04-10 15:34:44', NULL, '31.24.56.134'),
(1107, 395, 190400, 13, '2023-04-10 15:35:48', NULL, '46.131.62.192'),
(1108, 395, 190400, 13, '2023-04-10 15:36:10', NULL, '46.131.62.192'),
(1109, 395, 190400, 13, '2023-04-10 15:56:20', NULL, '31.24.56.133'),
(1110, 395, 190400, 13, '2023-04-10 16:09:37', NULL, '31.24.56.132'),
(1111, 395, 190400, 13, '2023-04-10 17:07:17', NULL, '46.131.36.234'),
(1112, 395, 190400, 13, '2023-04-10 17:11:51', NULL, '46.131.36.234'),
(1113, 395, 190400, 13, '2023-04-10 17:29:44', NULL, '46.131.62.192'),
(1114, 395, 190400, 13, '2023-04-10 18:21:39', NULL, '46.131.62.192'),
(1115, 398, 190400, 12, '2023-04-13 09:32:25', NULL, '213.219.115.76'),
(1116, 398, 190400, 12, '2023-04-13 09:33:48', NULL, '213.219.115.76'),
(1117, 398, 190400, 12, '2023-04-13 09:34:10', NULL, '90.191.19.236'),
(1118, 398, 190400, 12, '2023-04-13 09:35:53', NULL, '91.129.101.39'),
(1119, 398, 190400, 12, '2023-04-13 10:01:03', NULL, '91.129.101.39'),
(1120, 396, 190400, 13, '2023-04-13 10:41:02', NULL, '217.159.140.130'),
(1121, 398, 190400, 12, '2023-04-13 12:54:18', NULL, '146.255.183.166'),
(1122, 398, 190400, 12, '2023-04-13 13:51:26', NULL, '146.255.183.166'),
(1123, 399, 190400, 12, '2023-04-14 08:58:46', NULL, '217.159.140.130'),
(1124, 399, 190400, 12, '2023-04-14 09:36:05', NULL, '194.106.99.126'),
(1125, 399, 190400, 12, '2023-04-14 09:36:15', NULL, '31.24.56.134'),
(1126, 399, 190400, 12, '2023-04-14 10:02:30', NULL, '31.24.56.134'),
(1127, 395, 190400, 13, '2023-04-14 14:25:05', NULL, '46.131.62.192'),
(1128, 402, 190400, 12, '2023-04-18 09:48:47', NULL, '217.159.140.130'),
(1129, 401, 190400, 12, '2023-04-18 12:08:53', NULL, '217.159.140.130'),
(1130, 401, 190400, 12, '2023-04-18 12:08:53', NULL, '217.159.140.130'),
(1131, 402, 190400, 12, '2023-04-18 16:37:35', NULL, '213.219.92.171'),
(1132, 401, 190400, 12, '2023-04-18 22:16:35', NULL, '90.190.171.29'),
(1133, 401, 190400, 12, '2023-04-19 17:17:30', NULL, '46.131.44.248'),
(1134, 401, 190400, 12, '2023-04-19 19:41:51', NULL, '46.131.44.248'),
(1135, 401, 190400, 12, '2023-04-19 19:41:59', NULL, '46.131.44.248'),
(1136, 401, 190400, 12, '2023-04-19 19:43:06', NULL, '46.131.44.248'),
(1137, 401, 190400, 12, '2023-04-19 21:17:35', NULL, '31.24.56.132'),
(1138, 403, 190400, 12, '2023-04-20 10:25:54', NULL, '217.159.190.217'),
(1139, 403, 190400, 12, '2023-04-20 11:51:54', NULL, '88.196.82.168'),
(1140, 403, 190400, 12, '2023-04-20 11:52:00', NULL, '31.24.56.132'),
(1141, 403, 190400, 12, '2023-04-20 12:16:17', NULL, '31.24.56.133'),
(1142, 400, 190400, 12, '2023-04-21 10:33:02', NULL, '217.159.140.130'),
(1143, 400, 190400, 12, '2023-04-21 10:33:02', NULL, '217.159.140.130'),
(1144, 404, 190400, 12, '2023-04-24 09:58:46', NULL, '217.159.180.155'),
(1145, 404, 190400, 12, '2023-04-24 12:18:19', NULL, '86.11.207.104'),
(1146, 404, 190400, 12, '2023-04-24 12:31:58', NULL, '86.11.207.104'),
(1147, 405, 190400, 12, '2023-04-24 13:53:45', NULL, '217.159.140.130'),
(1148, 405, 190400, 12, '2023-04-24 13:53:45', NULL, '217.159.140.130'),
(1149, 405, 190400, 12, '2023-04-24 14:03:27', NULL, '217.159.140.130'),
(1150, 406, 190400, 12, '2023-04-25 10:28:43', NULL, '104.28.31.12'),
(1151, 405, 190400, 12, '2023-04-25 11:27:09', NULL, '90.190.238.244'),
(1152, 405, 190400, 12, '2023-04-25 12:52:36', NULL, '46.131.48.231'),
(1153, 405, 190400, 12, '2023-04-25 12:52:42', NULL, '46.131.48.231'),
(1154, 406, 190400, 12, '2023-04-25 22:05:56', NULL, '104.28.31.11'),
(1155, 407, 190400, 12, '2023-04-26 08:40:35', NULL, '217.159.140.130'),
(1156, 280, 190400, 12, '2023-04-26 09:32:15', NULL, '176.46.59.249'),
(1157, 407, 190400, 12, '2023-04-26 11:49:07', NULL, '91.129.107.22'),
(1158, 407, 190400, 12, '2023-04-26 11:49:12', NULL, '91.129.107.22'),
(1159, 407, 190400, 12, '2023-04-26 11:51:12', NULL, '91.129.107.22'),
(1160, 407, 190400, 12, '2023-04-26 11:51:47', NULL, '91.129.107.22'),
(1161, 407, 190400, 12, '2023-04-26 12:00:50', NULL, '83.166.62.79'),
(1162, 407, 190400, 12, '2023-04-26 12:08:02', NULL, '217.159.197.122'),
(1163, 407, 190400, 12, '2023-04-26 12:10:07', NULL, '217.159.197.122'),
(1164, 407, 190400, 12, '2023-04-26 12:33:01', NULL, '83.166.62.79'),
(1165, 407, 190400, 12, '2023-04-27 09:36:09', NULL, '104.47.18.254'),
(1166, 407, 190400, 12, '2023-04-27 09:36:43', NULL, '40.94.94.60'),
(1167, 406, 190400, 12, '2023-04-27 10:50:35', NULL, '104.47.30.126'),
(1168, 406, 190400, 12, '2023-04-27 10:50:35', NULL, '77.233.95.110'),
(1169, 406, 190400, 12, '2023-04-27 10:51:11', NULL, '40.94.94.27'),
(1170, 406, 190400, 12, '2023-04-27 10:53:56', NULL, '77.233.95.110'),
(1171, 406, 190400, 12, '2023-04-27 11:13:35', NULL, '80.235.51.20'),
(1172, 407, 190400, 12, '2023-04-27 12:22:11', NULL, '217.159.197.122'),
(1173, 409, 190400, 12, '2023-04-27 13:13:59', NULL, '217.159.140.130'),
(1174, 408, 190400, 12, '2023-04-27 15:58:12', NULL, '81.90.125.113'),
(1175, 407, 190400, 12, '2023-04-28 08:48:11', NULL, '104.47.18.190'),
(1176, 407, 190400, 12, '2023-04-28 08:48:44', NULL, '40.94.94.2'),
(1177, 409, 190400, 12, '2023-05-02 14:26:16', NULL, '146.255.180.11'),
(1178, 410, 190400, 12, '2023-05-02 15:22:55', NULL, '46.131.44.252'),
(1179, 410, 190400, 12, '2023-05-02 15:24:08', NULL, '46.131.44.252'),
(1180, 411, 190400, 12, '2023-05-02 16:02:22', NULL, '217.159.140.130'),
(1181, 411, 190400, 12, '2023-05-02 16:02:59', NULL, '217.159.140.130'),
(1182, 411, 190400, 12, '2023-05-02 16:05:41', NULL, '217.159.140.130'),
(1183, 411, 190400, 12, '2023-05-02 19:18:10', NULL, '185.195.22.129'),
(1184, 410, 190400, 12, '2023-05-03 14:09:17', NULL, '217.159.140.130'),
(1185, 410, 190400, 12, '2023-05-03 14:09:19', NULL, '217.159.140.130'),
(1186, 412, 190400, 12, '2023-05-04 12:11:43', NULL, '104.47.22.190'),
(1187, 412, 190400, 12, '2023-05-04 12:11:43', NULL, '82.131.95.181'),
(1188, 412, 190400, 12, '2023-05-04 12:12:20', NULL, '40.94.35.68'),
(1189, 412, 190400, 12, '2023-05-04 14:33:01', NULL, '104.47.18.190'),
(1190, 412, 190400, 12, '2023-05-04 14:33:29', NULL, '104.47.18.254'),
(1191, 412, 190400, 12, '2023-05-04 14:33:43', NULL, '40.94.95.38'),
(1192, 410, 190400, 12, '2023-05-04 16:55:12', NULL, '46.131.61.231'),
(1193, 414, 190400, 12, '2023-05-04 20:11:26', NULL, '94.246.217.39'),
(1194, 414, 190400, 12, '2023-05-04 20:11:32', NULL, '94.246.217.39'),
(1195, 413, 190400, 12, '2023-05-04 22:38:57', NULL, '87.119.182.1'),
(1196, 413, 190400, 12, '2023-05-04 22:52:04', NULL, '90.190.182.198'),
(1197, 405, 190400, 12, '2023-05-06 12:40:17', NULL, '46.131.62.223'),
(1198, 415, 190400, 12, '2023-05-08 10:04:40', NULL, '217.159.140.130'),
(1199, 415, 190400, 12, '2023-05-08 11:42:40', NULL, '90.190.179.232'),
(1200, 415, 190400, 12, '2023-05-08 11:42:48', NULL, '31.24.56.132'),
(1201, 415, 190400, 12, '2023-05-08 15:55:26', NULL, '91.129.110.207'),
(1202, 415, 190400, 12, '2023-05-08 15:55:26', NULL, '91.129.110.207'),
(1203, 415, 190400, 12, '2023-05-08 15:55:31', NULL, '91.129.110.207'),
(1204, 415, 190400, 12, '2023-05-08 15:55:37', NULL, '31.24.56.132'),
(1205, 415, 190400, 12, '2023-05-08 15:55:37', NULL, '31.24.56.132'),
(1206, 415, 190400, 12, '2023-05-08 16:12:51', NULL, '31.24.56.132'),
(1207, 415, 190400, 12, '2023-05-08 16:19:17', NULL, '31.24.56.134'),
(1208, 416, 190400, 12, '2023-05-09 16:15:05', NULL, '104.47.30.126'),
(1209, 416, 190400, 12, '2023-05-09 16:15:05', NULL, '77.233.95.110'),
(1210, 416, 190400, 12, '2023-05-09 16:16:38', NULL, '40.94.90.25'),
(1211, 416, 190400, 12, '2023-05-09 19:56:05', NULL, '37.157.80.111'),
(1212, 417, 190400, 12, '2023-05-10 09:12:34', NULL, '217.159.190.217'),
(1213, 417, 190400, 12, '2023-05-10 12:01:01', NULL, '91.208.26.165'),
(1214, 418, 190400, 12, '2023-05-10 12:13:42', NULL, '217.159.140.130'),
(1215, 418, 190400, 12, '2023-05-10 12:13:42', NULL, '217.159.140.130'),
(1216, 418, 190400, 12, '2023-05-10 12:17:36', NULL, '94.246.252.52'),
(1217, 417, 190400, 12, '2023-05-10 13:06:03', NULL, '91.208.26.165'),
(1218, 417, 190400, 12, '2023-05-10 18:16:46', NULL, '90.190.170.84'),
(1219, 417, 190400, 12, '2023-05-10 18:35:57', NULL, '90.190.170.84'),
(1220, 419, 190400, 12, '2023-05-12 08:24:00', NULL, '84.50.47.156'),
(1221, 419, 190400, 12, '2023-05-12 08:24:00', NULL, '84.50.47.156'),
(1222, 419, 190400, 12, '2023-05-12 14:37:07', NULL, '87.119.183.22'),
(1223, 419, 190400, 12, '2023-05-12 17:18:51', NULL, '87.119.183.22'),
(1224, 407, 190400, 12, '2023-05-16 00:55:39', NULL, '88.196.59.196'),
(1225, 407, 190400, 12, '2023-05-16 00:56:11', NULL, '88.196.59.196'),
(1226, 407, 190400, 12, '2023-05-16 09:01:29', NULL, '90.191.124.214'),
(1227, 420, 190400, 12, '2023-05-16 10:17:30', NULL, '217.159.140.130'),
(1228, 420, 190400, 12, '2023-05-16 10:17:30', NULL, '217.159.140.130'),
(1229, 420, 190400, 12, '2023-05-16 13:43:05', NULL, '213.35.160.59'),
(1230, 420, 190400, 12, '2023-05-16 13:57:05', NULL, '95.215.134.4'),
(1231, 420, 190400, 12, '2023-05-16 14:01:02', NULL, '91.129.108.220'),
(1232, 407, 190400, 12, '2023-05-17 11:14:41', NULL, '104.47.18.254'),
(1233, 407, 190400, 12, '2023-05-17 11:14:42', NULL, '104.47.22.190'),
(1234, 407, 190400, 12, '2023-05-17 11:14:56', NULL, '40.94.87.89'),
(1235, 407, 190400, 12, '2023-05-17 11:16:36', NULL, '104.47.22.190'),
(1236, 421, 190400, 12, '2023-05-23 15:38:28', NULL, '46.131.26.188'),
(1237, 422, 190400, 12, '2023-05-23 16:11:37', NULL, '217.159.140.130'),
(1238, 422, 190400, 12, '2023-05-23 16:11:38', NULL, '217.159.140.130'),
(1239, 421, 190400, 12, '2023-05-24 05:58:01', NULL, '91.129.106.230'),
(1240, 421, 190400, 12, '2023-05-24 05:58:01', NULL, '91.129.106.230'),
(1241, 423, 190400, 12, '2023-05-24 08:58:06', NULL, '217.159.140.130'),
(1242, 424, 190400, 12, '2023-05-24 09:47:47', NULL, '217.159.140.130'),
(1243, 424, 190400, 12, '2023-05-24 09:47:47', NULL, '217.159.140.130'),
(1244, 424, 190400, 12, '2023-05-24 10:05:59', NULL, '35.90.114.42'),
(1245, 424, 190400, 12, '2023-05-24 10:12:08', NULL, '13.80.183.173'),
(1246, 423, 190400, 12, '2023-05-24 10:46:28', NULL, '185.195.22.129'),
(1247, 423, 190400, 12, '2023-05-24 11:31:53', NULL, '185.195.22.129'),
(1248, 423, 190400, 12, '2023-05-24 11:45:56', NULL, '88.196.132.124'),
(1249, 424, 190400, 12, '2023-05-24 13:41:26', NULL, '34.220.202.44'),
(1250, 424, 190400, 12, '2023-05-24 13:41:30', NULL, '46.131.62.216'),
(1251, 421, 190400, 12, '2023-05-24 14:03:48', NULL, '176.46.115.161'),
(1252, 421, 190400, 12, '2023-05-24 14:03:56', NULL, '31.24.56.133'),
(1253, 424, 190400, 12, '2023-05-24 17:01:40', NULL, '35.89.40.242'),
(1254, 424, 190400, 12, '2023-05-24 17:01:44', NULL, '46.131.62.216'),
(1255, 421, 190400, 12, '2023-05-24 22:01:04', NULL, '176.46.115.161'),
(1256, 421, 190400, 12, '2023-05-24 22:01:08', NULL, '176.46.115.161'),
(1257, 421, 190400, 12, '2023-05-24 22:01:45', NULL, '85.29.225.46'),
(1258, 421, 190400, 12, '2023-05-25 01:15:41', NULL, '31.24.56.134'),
(1259, 425, 190400, 12, '2023-05-25 14:40:21', NULL, '217.159.140.130'),
(1260, 425, 190400, 12, '2023-05-25 14:47:11', NULL, '217.159.140.130'),
(1261, 425, 190400, 12, '2023-05-25 14:54:20', NULL, '217.159.140.130'),
(1262, 421, 190400, 12, '2023-05-25 17:46:35', NULL, '194.150.65.9'),
(1263, 389, 190400, 13, '2023-05-25 17:47:26', NULL, '194.150.65.9'),
(1264, 377, 190400, 13, '2023-05-25 17:47:46', NULL, '194.150.65.9'),
(1265, 426, 190400, 12, '2023-05-26 09:58:54', NULL, '94.246.217.136'),
(1266, 426, 190400, 12, '2023-05-26 10:02:38', NULL, '94.246.217.136'),
(1267, 426, 190400, 12, '2023-05-26 10:03:02', NULL, '46.131.28.203'),
(1268, 426, 190400, 12, '2023-05-26 10:04:41', NULL, '94.246.217.136'),
(1269, 426, 190400, 12, '2023-05-26 10:18:37', NULL, '84.50.60.163'),
(1270, 426, 190400, 12, '2023-05-26 10:18:48', NULL, '84.50.60.163'),
(1271, 427, 190400, 12, '2023-05-26 11:52:13', NULL, '217.159.140.130'),
(1272, 427, 190400, 12, '2023-05-26 11:52:13', NULL, '217.159.140.130'),
(1273, 427, 190400, 12, '2023-05-26 12:38:09', NULL, '104.28.31.11'),
(1274, 427, 190400, 12, '2023-05-26 12:53:08', NULL, '124.217.188.209'),
(1275, 428, 190400, 12, '2023-05-26 14:02:58', NULL, '217.159.140.130'),
(1276, 428, 190400, 12, '2023-05-26 14:02:58', NULL, '217.159.140.130'),
(1277, 429, 190400, 12, '2023-05-26 14:55:59', NULL, '217.159.140.130'),
(1278, 429, 190400, 12, '2023-05-26 14:56:00', NULL, '217.159.140.130'),
(1279, 429, 190400, 12, '2023-05-26 15:44:15', NULL, '90.190.184.222'),
(1280, 429, 190400, 12, '2023-05-26 15:44:20', NULL, '90.190.184.222'),
(1281, 429, 190400, 12, '2023-05-26 15:44:22', NULL, '31.24.56.132'),
(1282, 429, 190400, 12, '2023-05-26 15:45:27', NULL, '90.190.184.222'),
(1283, 429, 190400, 12, '2023-05-26 15:45:30', NULL, '90.190.184.222'),
(1284, 429, 190400, 12, '2023-05-26 15:49:48', NULL, '46.131.37.253'),
(1285, 426, 190400, 12, '2023-05-26 18:47:15', NULL, '46.131.53.220'),
(1286, 429, 190400, 12, '2023-05-26 21:08:04', NULL, '31.24.56.132'),
(1287, 426, 190400, 12, '2023-05-26 21:15:10', NULL, '85.29.196.188'),
(1288, 429, 190400, 12, '2023-05-26 22:38:54', NULL, '31.24.56.132'),
(1289, 426, 190400, 12, '2023-05-27 09:00:53', NULL, '85.29.196.188'),
(1290, 429, 190400, 12, '2023-05-27 09:54:56', NULL, '46.131.32.194'),
(1291, 429, 190400, 12, '2023-05-27 09:55:00', NULL, '46.131.32.194'),
(1292, 427, 190400, 12, '2023-05-27 10:39:29', NULL, '104.28.31.12'),
(1293, 426, 190400, 12, '2023-05-28 12:43:12', NULL, '85.29.196.188'),
(1294, 426, 190400, 12, '2023-05-29 11:46:40', NULL, '46.131.61.220'),
(1295, 430, 190400, 12, '2023-05-29 13:01:16', NULL, '217.159.140.130'),
(1296, 426, 190400, 12, '2023-05-29 14:50:04', NULL, '46.131.36.208'),
(1297, 430, 190400, 12, '2023-05-29 15:24:08', NULL, '165.231.178.19'),
(1298, 421, 190400, 12, '2023-05-29 15:44:23', NULL, '87.119.186.191'),
(1299, 421, 190400, 12, '2023-05-29 15:44:31', NULL, '31.24.56.133'),
(1300, 421, 190400, 12, '2023-05-29 15:47:03', NULL, '31.24.56.134'),
(1301, 431, 190400, 12, '2023-05-31 09:51:41', NULL, '217.159.140.130'),
(1302, 429, 190400, 12, '2023-06-02 17:22:20', NULL, '46.131.62.231'),
(1303, 429, 190400, 12, '2023-06-02 17:22:24', NULL, '46.131.62.231'),
(1304, 429, 190400, 12, '2023-06-02 17:22:29', NULL, '31.24.56.134'),
(1305, 427, 190400, 12, '2023-06-02 17:50:46', NULL, '88.196.238.37'),
(1306, 438, 190400, 12, '2023-06-06 10:23:06', NULL, '46.131.37.206'),
(1307, 438, 190400, 12, '2023-06-06 10:48:04', NULL, '104.47.51.190'),
(1308, 438, 190400, 12, '2023-06-06 10:48:05', NULL, '82.131.108.72'),
(1309, 438, 190400, 12, '2023-06-06 10:48:21', NULL, '40.94.89.63'),
(1310, 438, 190400, 12, '2023-06-06 11:04:06', NULL, '104.47.30.126'),
(1311, 438, 190400, 12, '2023-06-06 11:04:07', NULL, '80.235.85.83'),
(1312, 438, 190400, 12, '2023-06-06 16:11:20', NULL, '217.159.140.130'),
(1313, 438, 190400, 12, '2023-06-06 16:11:23', NULL, '217.159.140.130'),
(1314, 438, 190400, 12, '2023-06-06 16:11:23', NULL, '217.159.140.130'),
(1315, 438, 190400, 12, '2023-06-06 20:40:37', NULL, '46.131.37.206'),
(1316, 438, 190400, 12, '2023-06-07 08:44:29', NULL, '104.47.51.254'),
(1317, 438, 190400, 12, '2023-06-07 08:44:36', NULL, '217.159.142.246'),
(1318, 438, 190400, 12, '2023-06-07 08:45:05', NULL, '40.94.102.20'),
(1319, 439, 190400, 12, '2023-06-07 09:36:08', NULL, '217.159.140.130'),
(1320, 440, 190400, 12, '2023-06-07 11:44:00', NULL, '217.159.140.130'),
(1321, 440, 190400, 12, '2023-06-07 12:04:38', NULL, '91.129.96.74'),
(1322, 440, 190400, 12, '2023-06-07 12:04:48', NULL, '31.24.56.132'),
(1323, 440, 190400, 12, '2023-06-07 13:17:45', NULL, '31.24.56.132'),
(1324, 441, 190400, 12, '2023-06-07 14:44:35', NULL, '217.159.140.130'),
(1325, 441, 190400, 12, '2023-06-07 14:44:35', NULL, '217.159.140.130'),
(1326, 438, 190400, 12, '2023-06-07 14:46:14', NULL, '80.235.85.83'),
(1327, 441, 190400, 12, '2023-06-07 14:58:30', NULL, '194.150.65.2'),
(1328, 440, 190400, 12, '2023-06-07 16:06:09', NULL, '91.129.96.74'),
(1329, 442, 190400, 12, '2023-06-07 16:06:24', NULL, '87.119.178.89'),
(1330, 442, 190400, 12, '2023-06-07 16:06:53', NULL, '87.119.178.89'),
(1331, 441, 190400, 12, '2023-06-07 17:02:08', NULL, '194.150.65.2'),
(1332, 442, 190400, 12, '2023-06-07 17:10:10', NULL, '91.129.105.156'),
(1333, 442, 190400, 12, '2023-06-08 08:30:58', NULL, '87.119.177.47'),
(1334, 442, 190400, 12, '2023-06-08 08:31:03', NULL, '31.24.56.134'),
(1335, 442, 190400, 12, '2023-06-08 08:31:04', NULL, '31.24.56.133'),
(1336, 443, 190400, 12, '2023-06-08 12:15:06', NULL, '88.196.181.18'),
(1337, 443, 190400, 12, '2023-06-08 12:18:53', NULL, '46.131.61.197'),
(1338, 444, 190400, 12, '2023-06-08 13:12:42', NULL, '176.46.112.183'),
(1339, 444, 190400, 12, '2023-06-08 13:12:48', NULL, '31.24.56.134'),
(1340, 444, 190400, 12, '2023-06-08 13:12:48', NULL, '31.24.56.134'),
(1341, 442, 190400, 12, '2023-06-08 22:33:55', NULL, '87.119.177.92'),
(1342, 445, 190400, 12, '2023-06-09 10:28:23', NULL, '217.159.140.130'),
(1343, 445, 190400, 12, '2023-06-09 10:28:24', NULL, '217.159.140.130'),
(1344, 445, 190400, 12, '2023-06-09 14:06:49', NULL, '91.129.97.25'),
(1345, 445, 190400, 12, '2023-06-09 14:53:33', NULL, '91.129.97.25'),
(1346, 446, 190400, 12, '2023-06-12 09:47:04', NULL, '46.131.53.214'),
(1347, 446, 190400, 12, '2023-06-12 09:47:36', NULL, '87.119.182.123'),
(1348, 447, 190400, 12, '2023-06-12 13:03:11', NULL, '217.159.140.130'),
(1349, 447, 190400, 12, '2023-06-12 13:03:11', NULL, '217.159.140.130'),
(1350, 448, 190400, 12, '2023-06-12 14:27:19', NULL, '217.159.140.130'),
(1351, 447, 190400, 12, '2023-06-12 15:22:58', NULL, '217.159.140.130'),
(1352, 447, 190400, 12, '2023-06-12 15:22:58', NULL, '217.159.140.130'),
(1353, 447, 190400, 12, '2023-06-12 15:54:30', NULL, '91.129.111.68'),
(1354, 447, 190400, 12, '2023-06-12 15:54:36', NULL, '91.129.111.68'),
(1355, 447, 190400, 12, '2023-06-12 16:01:57', NULL, '91.129.111.68'),
(1356, 447, 190400, 12, '2023-06-12 16:02:06', NULL, '91.129.111.68'),
(1357, 447, 190400, 12, '2023-06-12 16:33:27', NULL, '91.129.111.68'),
(1358, 447, 190400, 12, '2023-06-12 16:33:43', NULL, '90.190.193.20'),
(1359, 447, 190400, 12, '2023-06-12 16:48:00', NULL, '90.190.193.20'),
(1360, 447, 190400, 12, '2023-06-12 21:26:33', NULL, '90.190.193.20'),
(1361, 447, 190400, 12, '2023-06-12 21:26:39', NULL, '90.190.193.20'),
(1362, 450, 190400, 12, '2023-06-13 14:19:16', NULL, '217.159.140.130'),
(1363, 449, 190400, 12, '2023-06-14 08:29:16', NULL, '217.159.140.130'),
(1364, 451, 190400, 12, '2023-06-14 10:38:24', NULL, '87.119.186.72'),
(1365, 453, 190400, 12, '2023-06-14 12:45:39', NULL, '217.159.140.130'),
(1366, 453, 190400, 12, '2023-06-14 12:45:39', NULL, '217.159.140.130'),
(1367, 453, 190400, 12, '2023-06-14 12:51:04', NULL, '217.159.140.130'),
(1368, 453, 190400, 12, '2023-06-14 12:52:23', NULL, '217.159.140.130'),
(1369, 453, 190400, 12, '2023-06-14 13:00:56', NULL, '86.114.255.163'),
(1370, 453, 190400, 12, '2023-06-14 13:01:13', NULL, '83.166.62.18'),
(1371, 453, 190400, 12, '2023-06-14 13:04:17', NULL, '86.114.255.163'),
(1372, 453, 190400, 12, '2023-06-14 13:05:30', NULL, '86.114.255.163'),
(1373, 453, 190400, 12, '2023-06-14 13:05:36', NULL, '86.114.255.163'),
(1374, 453, 190400, 12, '2023-06-14 13:07:09', NULL, '86.114.255.163'),
(1375, 453, 190400, 12, '2023-06-14 13:07:21', NULL, '86.114.255.163'),
(1376, 453, 190400, 12, '2023-06-14 13:07:30', NULL, '86.114.255.163'),
(1377, 453, 190400, 12, '2023-06-14 13:14:58', NULL, '86.114.255.163'),
(1378, 453, 190400, 12, '2023-06-14 13:15:27', NULL, '86.114.255.163'),
(1379, 453, 190400, 12, '2023-06-14 13:15:34', NULL, '86.114.255.163'),
(1380, 453, 190400, 12, '2023-06-14 13:15:35', NULL, '86.114.255.163'),
(1381, 453, 190400, 12, '2023-06-14 14:03:22', NULL, '62.165.138.202'),
(1382, 453, 190400, 12, '2023-06-14 15:57:48', NULL, '86.114.255.163'),
(1383, 452, 190400, 12, '2023-06-14 17:53:46', NULL, '87.119.179.37'),
(1384, 452, 190400, 12, '2023-06-14 17:53:58', NULL, '87.119.179.37'),
(1385, 452, 190400, 12, '2023-06-14 17:53:58', NULL, '31.24.56.132'),
(1386, 452, 190400, 12, '2023-06-14 17:55:28', NULL, '87.119.179.37'),
(1387, 452, 190400, 12, '2023-06-14 17:56:47', NULL, '87.119.179.37'),
(1388, 454, 190400, 12, '2023-06-15 10:24:34', NULL, '217.159.140.130'),
(1389, 454, 190400, 12, '2023-06-15 12:06:48', NULL, '83.211.175.26'),
(1390, 454, 190400, 12, '2023-06-15 12:17:19', NULL, '83.211.175.26'),
(1391, 425, 190400, 12, '2023-06-15 13:30:54', NULL, '217.159.140.130'),
(1392, 425, 190400, 12, '2023-06-15 13:32:43', NULL, '88.196.63.110'),
(1393, 425, 190400, 12, '2023-06-15 13:32:47', NULL, '88.196.63.110'),
(1394, 425, 190400, 12, '2023-06-15 13:32:52', NULL, '31.24.56.134'),
(1395, 425, 190400, 12, '2023-06-15 15:35:26', NULL, '88.196.63.110'),
(1396, 425, 190400, 12, '2023-06-15 15:35:38', NULL, '31.24.56.132'),
(1397, 425, 190400, 12, '2023-06-15 15:38:12', NULL, '88.196.63.110'),
(1398, 425, 190400, 12, '2023-06-15 15:40:56', NULL, '88.196.63.110'),
(1399, 425, 190400, 12, '2023-06-15 15:41:37', NULL, '88.196.63.110'),
(1400, 425, 190400, 12, '2023-06-15 15:41:48', NULL, '88.196.63.110'),
(1401, 425, 190400, 12, '2023-06-15 15:42:54', NULL, '88.196.63.110'),
(1402, 425, 190400, 12, '2023-06-15 15:42:54', NULL, '88.196.63.110'),
(1403, 425, 190400, 12, '2023-06-15 15:42:55', NULL, '88.196.63.110'),
(1404, 425, 190400, 12, '2023-06-15 15:42:56', NULL, '88.196.63.110'),
(1405, 425, 190400, 12, '2023-06-15 15:42:57', NULL, '88.196.63.110'),
(1406, 425, 190400, 12, '2023-06-15 15:42:57', NULL, '88.196.63.110'),
(1407, 425, 190400, 12, '2023-06-15 15:47:43', NULL, '88.196.63.110'),
(1408, 425, 190400, 12, '2023-06-15 15:56:15', NULL, '88.196.112.212'),
(1409, 425, 190400, 12, '2023-06-15 16:10:57', NULL, '88.196.112.212'),
(1410, 425, 190400, 12, '2023-06-15 17:22:19', NULL, '31.24.56.133'),
(1411, 425, 190400, 12, '2023-06-15 22:30:36', NULL, '88.196.63.110'),
(1412, 456, 190400, 12, '2023-06-16 13:05:05', NULL, '34.105.219.249'),
(1413, 456, 190400, 12, '2023-06-16 13:12:05', NULL, '80.235.103.138'),
(1414, 456, 190400, 12, '2023-06-16 23:26:45', NULL, '84.50.56.172'),
(1415, 453, 190400, 12, '2023-06-17 09:12:53', NULL, '87.119.179.123'),
(1416, 450, 190400, 12, '2023-06-17 09:12:56', NULL, '87.119.179.123'),
(1417, 425, 190400, 12, '2023-06-17 21:52:32', NULL, '46.131.32.229'),
(1418, 425, 190400, 12, '2023-06-17 21:52:36', NULL, '46.131.32.229'),
(1419, 425, 190400, 12, '2023-06-18 01:07:45', NULL, '46.131.32.229'),
(1420, 425, 190400, 12, '2023-06-18 01:07:49', NULL, '46.131.32.229'),
(1421, 425, 190400, 12, '2023-06-18 01:08:27', NULL, '46.131.32.229'),
(1422, 425, 190400, 12, '2023-06-19 09:36:55', NULL, '46.131.32.229'),
(1423, 425, 190400, 12, '2023-06-19 09:36:56', NULL, '31.24.56.132'),
(1424, 425, 190400, 12, '2023-06-19 09:36:56', NULL, '31.24.56.134'),
(1425, 425, 190400, 12, '2023-06-19 09:36:59', NULL, '46.131.32.229'),
(1426, 457, 190400, 12, '2023-06-19 11:33:29', NULL, '46.131.34.204'),
(1427, 459, 190400, 12, '2023-06-19 12:11:06', NULL, '217.159.140.130'),
(1428, 458, 190400, 12, '2023-06-19 12:16:32', NULL, '146.255.182.171'),
(1429, 458, 190400, 12, '2023-06-19 12:16:36', NULL, '31.24.56.132'),
(1430, 458, 190400, 12, '2023-06-19 12:16:37', NULL, '146.255.182.171'),
(1431, 458, 190400, 12, '2023-06-19 12:17:51', NULL, '31.24.56.133'),
(1432, 459, 190400, 12, '2023-06-19 14:09:06', NULL, '85.253.33.82'),
(1433, 425, 190400, 12, '2023-06-20 01:52:39', NULL, '46.131.32.229'),
(1434, 425, 190400, 12, '2023-06-20 01:52:43', NULL, '46.131.32.229'),
(1435, 460, 190400, 12, '2023-06-20 09:42:52', NULL, '217.159.140.130'),
(1436, 460, 190400, 12, '2023-06-20 09:48:07', NULL, '85.253.221.74'),
(1437, 425, 190400, 12, '2023-06-20 19:11:20', NULL, '46.131.59.218'),
(1438, 425, 190400, 12, '2023-06-20 19:11:24', NULL, '46.131.59.218'),
(1439, 455, 190400, 12, '2023-06-22 08:36:56', NULL, '217.159.140.130'),
(1440, 455, 190400, 12, '2023-06-22 08:36:56', NULL, '217.159.140.130'),
(1441, 462, 190400, 12, '2023-06-28 10:29:03', NULL, '217.159.140.130'),
(1442, 462, 190400, 12, '2023-06-28 10:37:46', NULL, '85.253.100.230'),
(1443, 462, 190400, 12, '2023-06-28 10:37:50', NULL, '85.253.100.230'),
(1444, 462, 190400, 12, '2023-06-28 15:57:08', NULL, '85.253.100.230'),
(1445, 462, 190400, 12, '2023-06-28 15:57:14', NULL, '85.253.100.230'),
(1446, 462, 190400, 12, '2023-06-28 15:58:31', NULL, '88.196.243.254'),
(1447, 462, 190400, 12, '2023-06-28 15:59:17', NULL, '85.253.100.230'),
(1448, 463, 190400, 12, '2023-06-29 08:30:35', NULL, '90.191.114.138'),
(1449, 464, 190400, 12, '2023-07-02 12:11:49', NULL, '91.129.109.174'),
(1450, 464, 190400, 12, '2023-07-02 12:11:57', NULL, '91.129.109.174'),
(1451, 464, 190400, 12, '2023-07-02 12:14:15', NULL, '91.129.109.174'),
(1452, 463, 190400, 12, '2023-07-02 14:45:16', NULL, '82.147.167.157'),
(1453, 315, 190400, 12, '2023-07-04 09:48:05', NULL, '46.131.16.182');
INSERT INTO `vis_video_log` (`vl_id`, `vl_video_id`, `vl_company_id`, `vl_device_id`, `vl_created_at`, `vl_play_time`, `ip_address`) VALUES
(1454, 315, 190400, 12, '2023-07-04 09:48:06', NULL, '46.131.16.182'),
(1455, 315, 190400, 12, '2023-07-04 10:38:21', NULL, '46.131.16.182'),
(1456, 466, 190400, 12, '2023-07-07 09:54:24', NULL, '217.159.140.130'),
(1457, 466, 190400, 12, '2023-07-07 09:54:24', NULL, '217.159.140.130'),
(1458, 468, 190400, 12, '2023-07-07 14:00:31', NULL, '31.24.56.133'),
(1459, 468, 190400, 12, '2023-07-07 14:00:32', NULL, '46.131.25.220'),
(1460, 468, 190400, 12, '2023-07-07 14:55:59', NULL, '146.255.180.234'),
(1461, 468, 190400, 12, '2023-07-07 16:05:17', NULL, '194.150.65.31'),
(1462, 467, 190400, 12, '2023-07-07 16:29:28', NULL, '217.159.140.130'),
(1463, 468, 190400, 12, '2023-07-07 18:15:52', NULL, '87.119.179.103'),
(1464, 468, 190400, 12, '2023-07-07 23:42:13', NULL, '87.119.182.42'),
(1465, 473, 190400, 12, '2023-07-08 13:47:57', NULL, '217.159.140.130'),
(1466, 472, 190400, 12, '2023-07-08 13:50:28', NULL, '217.159.140.130'),
(1467, 471, 190400, 12, '2023-07-08 13:52:39', NULL, '217.159.140.130'),
(1468, 471, 190400, 12, '2023-07-08 13:52:39', NULL, '217.159.140.130'),
(1469, 470, 190400, 12, '2023-07-08 13:54:17', NULL, '217.159.140.130'),
(1470, 470, 190400, 12, '2023-07-08 13:54:18', NULL, '217.159.140.130'),
(1471, 469, 190400, 12, '2023-07-08 13:56:23', NULL, '217.159.140.130'),
(1472, 473, 190400, 12, '2023-07-08 17:56:27', NULL, '90.190.182.198'),
(1473, 473, 190400, 12, '2023-07-08 17:56:27', NULL, '90.190.182.198'),
(1474, 475, 190400, 12, '2023-07-14 12:26:22', NULL, '46.131.38.182'),
(1475, 475, 190400, 12, '2023-07-14 12:26:22', NULL, '46.131.38.182'),
(1476, 476, 190400, 12, '2023-07-14 13:57:55', NULL, '46.131.38.182'),
(1477, 476, 190400, 12, '2023-07-14 14:24:42', NULL, '46.131.38.182'),
(1478, 476, 190400, 12, '2023-07-14 14:25:52', NULL, '46.131.38.182'),
(1479, 475, 190400, 12, '2023-07-14 14:25:54', NULL, '46.131.38.182'),
(1480, 475, 190400, 12, '2023-07-14 16:35:56', NULL, '18.202.30.40'),
(1481, 475, 190400, 12, '2023-07-14 17:31:57', NULL, '37.120.194.156'),
(1482, 474, 190400, 12, '2023-07-15 13:23:37', NULL, '84.50.46.139'),
(1483, 474, 190400, 12, '2023-07-15 13:23:37', NULL, '84.50.46.139'),
(1484, 474, 190400, 12, '2023-07-15 13:37:29', NULL, '84.50.46.139'),
(1485, 474, 190400, 12, '2023-07-15 13:41:15', NULL, '84.50.46.139'),
(1486, 474, 190400, 12, '2023-07-15 13:41:16', NULL, '84.50.46.139'),
(1487, 442, 190400, 12, '2023-07-16 02:01:04', NULL, '91.129.102.173'),
(1488, 468, 190400, 12, '2023-07-16 23:19:43', NULL, '46.131.31.203'),
(1489, 468, 190400, 12, '2023-07-16 23:19:43', NULL, '31.24.56.132'),
(1490, 468, 190400, 12, '2023-07-17 12:21:28', NULL, '46.131.28.231'),
(1491, 468, 190400, 12, '2023-07-17 12:22:48', NULL, '46.131.28.231'),
(1492, 468, 190400, 12, '2023-07-17 14:59:17', NULL, '46.131.28.231'),
(1493, 478, 190400, 12, '2023-07-18 09:27:20', NULL, '46.131.28.193'),
(1494, 477, 190400, 12, '2023-07-18 10:02:50', NULL, '46.131.28.193'),
(1495, 477, 190400, 12, '2023-07-18 10:03:45', NULL, '46.131.28.193'),
(1496, 478, 190400, 12, '2023-07-18 10:05:48', NULL, '46.131.28.193'),
(1497, 477, 190400, 12, '2023-07-18 11:58:37', NULL, '217.159.140.130'),
(1498, 478, 190400, 12, '2023-07-18 14:36:13', NULL, '46.131.44.234'),
(1499, 478, 190400, 12, '2023-07-18 14:36:14', NULL, '46.131.44.234'),
(1500, 477, 190400, 12, '2023-07-18 14:36:17', NULL, '46.131.44.234'),
(1501, 474, 190400, 12, '2023-07-18 16:35:21', NULL, '213.180.19.146'),
(1502, 477, 190400, 12, '2023-07-18 16:47:56', NULL, '88.196.159.155'),
(1503, 478, 190400, 12, '2023-07-18 16:51:34', NULL, '88.196.159.155'),
(1504, 479, 190400, 12, '2023-07-19 14:54:49', NULL, '54.184.221.232'),
(1505, 479, 190400, 12, '2023-07-19 15:00:24', NULL, '13.80.183.173'),
(1506, 479, 190400, 12, '2023-07-19 15:19:35', NULL, '18.236.226.216'),
(1507, 479, 190400, 12, '2023-07-19 15:19:41', NULL, '217.159.236.253'),
(1508, 479, 190400, 12, '2023-07-19 15:27:02', NULL, '54.203.199.120'),
(1509, 479, 190400, 12, '2023-07-19 16:57:32', NULL, '217.159.140.130'),
(1510, 479, 190400, 12, '2023-07-19 18:34:17', NULL, '13.80.183.173'),
(1511, 479, 190400, 12, '2023-07-19 18:34:40', NULL, '34.220.142.185'),
(1512, 468, 190400, 12, '2023-07-19 21:21:33', NULL, '46.131.30.178'),
(1513, 479, 190400, 12, '2023-07-21 07:02:42', NULL, '13.80.183.173'),
(1514, 479, 190400, 12, '2023-07-21 07:03:07', NULL, '34.213.176.59'),
(1515, 479, 190400, 12, '2023-07-21 08:42:56', NULL, '13.80.183.173'),
(1516, 479, 190400, 12, '2023-07-21 08:42:56', NULL, '18.237.213.73'),
(1517, 280, 190400, 12, '2023-07-23 13:32:15', NULL, '87.119.182.242'),
(1518, 478, 190400, 12, '2023-07-23 13:36:43', NULL, '88.196.159.155'),
(1519, 280, 190400, 12, '2023-07-23 16:10:30', NULL, '87.119.182.242'),
(1520, 478, 190400, 12, '2023-07-23 22:58:03', NULL, '88.196.159.155'),
(1521, 280, 190400, 12, '2023-07-24 08:42:24', NULL, '80.235.52.152'),
(1522, 280, 190400, 12, '2023-07-24 09:21:10', NULL, '20.160.237.203'),
(1523, 474, 190400, 12, '2023-07-24 09:29:12', NULL, '213.180.19.146'),
(1524, 474, 190400, 12, '2023-07-24 09:58:16', NULL, '213.180.19.146'),
(1525, 474, 190400, 12, '2023-07-24 09:58:38', NULL, '3.226.255.137'),
(1526, 474, 190400, 12, '2023-07-24 09:58:45', NULL, '213.180.19.146'),
(1527, 474, 190400, 12, '2023-07-26 12:11:36', NULL, '213.180.19.146'),
(1528, 474, 190400, 12, '2023-07-26 14:06:53', NULL, '20.254.131.181'),
(1529, 474, 190400, 12, '2023-07-26 14:10:06', NULL, '213.168.21.82'),
(1530, 474, 190400, 12, '2023-07-26 17:12:41', NULL, '163.116.168.7'),
(1531, 474, 190400, 12, '2023-07-26 17:13:30', NULL, '213.168.21.82'),
(1532, 474, 190400, 12, '2023-07-26 17:25:59', NULL, '213.168.21.82'),
(1533, 478, 190400, 12, '2023-07-26 19:11:48', NULL, '88.196.159.155'),
(1534, 468, 190400, 12, '2023-07-30 20:20:12', NULL, '46.131.40.244'),
(1535, 477, 190400, 12, '2023-08-04 16:25:59', NULL, '88.196.159.155'),
(1536, 477, 190400, 12, '2023-08-04 16:32:56', NULL, '46.131.38.201'),
(1537, 478, 190400, 12, '2023-08-04 16:33:47', NULL, '176.46.121.97'),
(1538, 477, 190400, 12, '2023-08-04 16:37:50', NULL, '176.46.121.97'),
(1539, 477, 190400, 12, '2023-08-07 12:27:17', NULL, '85.29.239.225'),
(1540, 478, 190400, 12, '2023-08-07 12:58:16', NULL, '85.29.239.225'),
(1541, 477, 190400, 12, '2023-08-07 13:03:40', NULL, '85.29.239.225'),
(1542, 478, 190400, 12, '2023-08-07 13:12:08', NULL, '85.29.239.225'),
(1543, 477, 190400, 12, '2023-08-08 10:25:14', NULL, '90.190.169.173'),
(1544, 469, 190400, 12, '2023-08-14 08:01:12', NULL, '90.190.200.172'),
(1545, 469, 190400, 12, '2023-08-14 08:01:12', NULL, '90.190.200.172'),
(1546, 469, 190400, 12, '2023-08-14 08:01:12', NULL, '90.190.200.172'),
(1547, 469, 190400, 12, '2023-08-14 08:01:12', NULL, '90.190.200.172'),
(1548, 470, 190400, 12, '2023-08-14 08:05:11', NULL, '90.190.200.172'),
(1549, 470, 190400, 12, '2023-08-14 08:05:11', NULL, '90.190.200.172'),
(1550, 470, 190400, 12, '2023-08-14 08:05:11', NULL, '90.190.200.172'),
(1551, 471, 190400, 12, '2023-08-14 08:07:11', NULL, '90.190.200.172'),
(1552, 471, 190400, 12, '2023-08-14 08:07:11', NULL, '90.190.200.172'),
(1553, 471, 190400, 12, '2023-08-14 08:07:11', NULL, '90.190.200.172'),
(1554, 471, 190400, 12, '2023-08-14 08:07:11', NULL, '90.190.200.172'),
(1555, 471, 190400, 12, '2023-08-14 08:07:12', NULL, '90.190.200.172'),
(1556, 471, 190400, 12, '2023-08-14 08:07:12', NULL, '90.190.200.172'),
(1557, 472, 190400, 12, '2023-08-14 08:08:51', NULL, '90.190.200.172'),
(1558, 472, 190400, 12, '2023-08-14 08:08:52', NULL, '90.190.200.172'),
(1559, 472, 190400, 12, '2023-08-14 08:08:52', NULL, '90.190.200.172'),
(1560, 472, 190400, 12, '2023-08-14 08:08:52', NULL, '90.190.200.172'),
(1561, 472, 190400, 12, '2023-08-14 08:08:52', NULL, '90.190.200.172'),
(1562, 472, 190400, 12, '2023-08-14 08:08:52', NULL, '90.190.200.172'),
(1563, 473, 190400, 12, '2023-08-14 08:11:18', NULL, '90.190.200.172'),
(1564, 473, 190400, 12, '2023-08-14 08:11:19', NULL, '90.190.200.172'),
(1565, 473, 190400, 12, '2023-08-14 08:11:19', NULL, '90.190.200.172'),
(1566, 469, 190400, 12, '2023-08-14 15:41:56', NULL, '90.191.239.77'),
(1567, 469, 190400, 12, '2023-08-14 15:56:09', NULL, '83.166.55.215'),
(1568, 470, 190400, 12, '2023-08-14 15:58:25', NULL, '83.166.55.215'),
(1569, 470, 190400, 12, '2023-08-14 22:04:28', NULL, '83.166.55.215'),
(1570, 469, 190400, 12, '2023-08-15 12:24:34', NULL, '83.166.55.215'),
(1571, 477, 190400, 12, '2023-08-20 10:57:06', NULL, '46.131.28.232'),
(1572, 478, 190400, 12, '2023-08-20 11:05:36', NULL, '46.131.28.232'),
(1573, 477, 190400, 12, '2023-08-20 11:08:11', NULL, '46.131.34.210'),
(1574, 469, 190400, 12, '2023-08-21 10:37:49', NULL, '176.46.99.31'),
(1575, 469, 190400, 12, '2023-08-22 09:57:29', NULL, '176.46.99.31'),
(1576, 469, 190400, 12, '2023-08-22 10:12:07', NULL, '176.46.99.31'),
(1577, 470, 190400, 12, '2023-08-22 10:14:35', NULL, '176.46.99.31'),
(1578, 471, 190400, 12, '2023-08-22 10:16:28', NULL, '176.46.99.31'),
(1579, 472, 190400, 12, '2023-08-22 10:18:00', NULL, '176.46.99.31'),
(1580, 473, 190400, 12, '2023-08-22 10:20:13', NULL, '176.46.99.31'),
(1581, 469, 190400, 12, '2023-08-22 11:46:33', NULL, '46.131.38.176'),
(1582, 470, 190400, 12, '2023-08-22 11:48:45', NULL, '46.131.38.176'),
(1583, 471, 190400, 12, '2023-08-22 11:50:31', NULL, '46.131.38.176'),
(1584, 472, 190400, 12, '2023-08-22 11:52:02', NULL, '46.131.38.176'),
(1585, 473, 190400, 12, '2023-08-22 11:54:09', NULL, '46.131.38.176'),
(1586, 429, 190400, 12, '2023-08-22 13:02:18', NULL, '213.184.40.37'),
(1587, 477, 190400, 12, '2023-08-23 16:31:51', NULL, '87.119.182.24'),
(1588, 469, 190400, 12, '2023-09-01 10:16:22', NULL, '176.46.99.31'),
(1589, 470, 190400, 12, '2023-09-01 10:18:33', NULL, '176.46.99.31'),
(1590, 471, 190400, 12, '2023-09-01 10:20:25', NULL, '176.46.99.31'),
(1591, 472, 190400, 12, '2023-09-01 10:21:55', NULL, '176.46.99.31'),
(1592, 473, 190400, 12, '2023-09-01 10:24:05', NULL, '176.46.99.31'),
(1593, 478, 190400, 12, '2023-09-13 07:54:16', NULL, '217.159.140.130'),
(1594, 478, 190400, 12, '2023-09-13 07:54:16', NULL, '217.159.140.130'),
(1595, 474, 190400, 12, '2023-09-13 16:11:10', NULL, '163.116.168.7'),
(1596, 474, 190400, 12, '2023-09-15 10:42:23', NULL, '163.116.168.7'),
(1597, 474, 190400, 12, '2023-09-15 10:43:33', NULL, '46.131.46.164'),
(1598, 482, 190400, 12, '2023-09-18 15:43:57', NULL, '46.131.36.254'),
(1599, 482, 190400, 12, '2023-09-18 21:29:44', NULL, '194.150.65.204'),
(1600, 482, 190400, 12, '2023-09-19 12:34:24', NULL, '88.196.159.155'),
(1601, 483, 190400, 12, '2023-09-19 14:37:12', NULL, '66.249.83.42'),
(1602, 484, 190400, 12, '2023-09-19 14:37:24', NULL, '66.249.83.42'),
(1603, 484, 190400, 12, '2023-09-19 14:37:42', NULL, '66.249.75.166'),
(1604, 483, 190400, 12, '2023-09-19 14:43:17', NULL, '217.159.140.130'),
(1605, 483, 190400, 12, '2023-09-19 14:43:17', NULL, '217.159.140.130'),
(1606, 482, 190400, 12, '2023-09-19 15:56:50', NULL, '88.196.159.155'),
(1607, 482, 190400, 12, '2023-09-19 16:16:18', NULL, '88.196.159.155'),
(1608, 483, 190400, 12, '2023-09-19 17:23:37', NULL, '217.159.140.130'),
(1609, 483, 190400, 12, '2023-09-19 17:23:53', NULL, '217.159.140.130'),
(1610, 484, 190400, 12, '2023-09-19 17:26:02', NULL, '217.159.140.130'),
(1611, 484, 190400, 12, '2023-09-19 17:26:02', NULL, '217.159.140.130'),
(1612, 484, 190400, 12, '2023-09-19 17:48:38', NULL, '194.150.65.75'),
(1613, 483, 190400, 12, '2023-09-19 17:51:31', NULL, '194.150.65.75'),
(1614, 483, 190400, 12, '2023-09-19 18:02:54', NULL, '91.129.99.172'),
(1615, 482, 190400, 12, '2023-09-20 00:30:56', NULL, '88.196.159.155'),
(1616, 483, 190400, 12, '2023-09-20 09:20:27', NULL, '195.250.190.186'),
(1617, 484, 190400, 12, '2023-09-20 12:21:38', NULL, '81.90.124.239'),
(1618, 483, 190400, 12, '2023-09-20 12:54:36', NULL, '80.235.52.79'),
(1619, 482, 190400, 12, '2023-09-20 16:12:47', NULL, '88.196.159.155'),
(1620, 484, 190400, 12, '2023-09-20 22:14:39', NULL, '81.90.125.145'),
(1621, 485, 190400, 12, '2023-09-21 10:45:43', NULL, '217.159.140.130'),
(1622, 485, 190400, 12, '2023-09-21 10:45:43', NULL, '217.159.140.130'),
(1623, 485, 190400, 12, '2023-09-21 10:59:52', NULL, '213.168.4.219'),
(1624, 485, 190400, 12, '2023-09-21 11:24:12', NULL, '91.129.106.193'),
(1625, 482, 190400, 12, '2023-09-22 13:55:33', NULL, '88.196.159.155'),
(1626, 483, 190400, 12, '2023-09-23 12:22:35', NULL, '91.129.111.181'),
(1627, 486, 190400, 12, '2023-09-26 09:26:00', NULL, '217.159.140.130'),
(1628, 487, 190400, 12, '2023-09-26 11:51:17', NULL, '74.125.213.4'),
(1629, 487, 190400, 12, '2023-09-26 11:52:45', NULL, '217.159.140.130'),
(1630, 487, 190400, 12, '2023-09-26 11:52:48', NULL, '217.159.140.130'),
(1631, 487, 190400, 12, '2023-09-26 11:52:48', NULL, '217.159.140.130'),
(1632, 487, 190400, 12, '2023-09-26 12:49:44', NULL, '217.159.140.130'),
(1633, 487, 190400, 12, '2023-09-26 12:57:05', NULL, '217.159.140.130'),
(1634, 487, 190400, 12, '2023-09-26 12:57:05', NULL, '217.159.140.130'),
(1635, 488, 190400, 12, '2023-09-26 17:03:32', NULL, '46.131.51.211'),
(1636, 486, 190400, 12, '2023-09-26 22:01:28', NULL, '82.131.9.140'),
(1637, 486, 190400, 12, '2023-09-26 22:06:55', NULL, '82.131.9.140'),
(1638, 486, 190400, 12, '2023-09-26 22:35:30', NULL, '82.131.9.140'),
(1639, 486, 190400, 12, '2023-09-26 22:35:42', NULL, '62.74.24.140'),
(1640, 486, 190400, 12, '2023-09-26 22:35:44', NULL, '82.131.9.140'),
(1641, 486, 190400, 12, '2023-09-27 09:15:14', NULL, '62.74.24.140'),
(1642, 487, 190400, 12, '2023-09-27 11:10:49', NULL, '104.47.17.190'),
(1643, 487, 190400, 12, '2023-09-27 11:11:12', NULL, '51.12.0.79'),
(1644, 488, 190400, 12, '2023-09-27 16:22:51', NULL, '46.131.51.211'),
(1645, 487, 190400, 12, '2023-09-28 11:47:08', NULL, '104.47.17.126'),
(1646, 487, 190400, 12, '2023-09-28 11:47:32', NULL, '51.12.0.79'),
(1647, 412, 190400, 12, '2023-09-28 13:51:04', NULL, '104.47.51.254'),
(1648, 412, 190400, 12, '2023-09-28 13:51:04', NULL, '95.153.40.2'),
(1649, 412, 190400, 12, '2023-09-28 13:51:19', NULL, '40.94.29.44'),
(1650, 412, 190400, 12, '2023-09-28 14:02:35', NULL, '194.204.35.153'),
(1651, 412, 190400, 12, '2023-09-28 15:11:07', NULL, '91.129.97.143'),
(1652, 412, 190400, 12, '2023-09-28 15:11:36', NULL, '91.129.97.143'),
(1653, 412, 190400, 12, '2023-09-28 15:11:39', NULL, '91.129.97.143'),
(1654, 412, 190400, 12, '2023-09-28 15:13:53', NULL, '146.255.183.143'),
(1655, 412, 190400, 12, '2023-09-28 15:14:00', NULL, '146.255.183.143'),
(1656, 490, 190400, 12, '2023-09-29 08:45:14', NULL, '217.159.140.130'),
(1657, 489, 190400, 12, '2023-09-29 08:46:02', NULL, '217.159.140.130'),
(1658, 489, 190400, 12, '2023-09-29 08:46:02', NULL, '217.159.140.130'),
(1659, 489, 190400, 12, '2023-09-29 09:31:56', NULL, '87.119.160.193'),
(1660, 490, 190400, 12, '2023-09-29 09:34:30', NULL, '87.119.160.193'),
(1661, 474, 190400, 12, '2023-09-29 10:42:51', NULL, '54.218.73.54'),
(1662, 412, 190400, 12, '2023-09-30 13:22:57', NULL, '146.255.183.150'),
(1663, 487, 190400, 12, '2023-09-30 18:33:31', NULL, '90.190.200.172'),
(1664, 487, 190400, 12, '2023-09-30 18:33:32', NULL, '90.190.200.172'),
(1665, 474, 190400, 12, '2023-09-30 21:58:03', NULL, '90.190.200.172'),
(1666, 474, 190400, 12, '2023-09-30 21:58:03', NULL, '90.190.200.172'),
(1667, 491, 190400, 12, '2023-10-02 09:39:22', NULL, '217.159.190.217'),
(1668, 491, 190400, 12, '2023-10-02 09:42:24', NULL, '195.80.103.225'),
(1669, 474, 190400, 12, '2023-10-02 14:15:14', NULL, '163.116.168.7'),
(1670, 492, 190400, 12, '2023-10-03 11:40:12', NULL, '90.191.109.222'),
(1671, 492, 190400, 12, '2023-10-03 11:49:59', NULL, '147.161.188.93'),
(1672, 491, 190400, 12, '2023-10-04 08:25:43', NULL, '217.159.140.130'),
(1673, 492, 190400, 12, '2023-10-04 15:33:51', NULL, '217.159.140.130'),
(1674, 493, 190400, 12, '2023-10-04 18:34:40', NULL, '217.159.140.130'),
(1675, 493, 190400, 12, '2023-10-05 07:29:43', NULL, '46.131.45.241'),
(1676, 493, 190400, 12, '2023-10-05 08:17:27', NULL, '217.159.140.130'),
(1677, 493, 190400, 12, '2023-10-05 08:18:02', NULL, '217.159.140.130'),
(1678, 493, 190400, 12, '2023-10-05 08:30:26', NULL, '46.131.54.229'),
(1679, 493, 190400, 12, '2023-10-05 20:33:17', NULL, '87.119.178.69'),
(1680, 492, 190400, 12, '2023-10-06 23:18:56', NULL, '46.131.49.170'),
(1681, 386, 190400, 13, '2023-10-07 17:25:20', NULL, '36.81.21.88'),
(1682, 494, 190400, 12, '2023-10-09 10:00:09', NULL, '217.159.140.130'),
(1683, 494, 190400, 12, '2023-10-09 10:00:09', NULL, '217.159.140.130'),
(1684, 494, 190400, 12, '2023-10-09 11:59:28', NULL, '90.190.64.25'),
(1685, 495, 190400, 12, '2023-10-09 15:49:06', NULL, '217.159.140.130'),
(1686, 495, 190400, 12, '2023-10-09 15:51:21', NULL, '37.157.84.91'),
(1687, 495, 190400, 12, '2023-10-09 15:53:28', NULL, '37.157.84.91'),
(1688, 495, 190400, 12, '2023-10-09 15:53:41', NULL, '37.157.84.91'),
(1689, 495, 190400, 12, '2023-10-09 16:18:42', NULL, '37.157.84.91'),
(1690, 495, 190400, 12, '2023-10-10 11:01:31', NULL, '37.157.84.91'),
(1691, 495, 190400, 12, '2023-10-10 22:04:11', NULL, '37.157.84.91'),
(1692, 496, 190400, 12, '2023-10-11 09:11:22', NULL, '217.159.140.130'),
(1693, 496, 190400, 12, '2023-10-11 09:11:22', NULL, '217.159.140.130'),
(1694, 496, 190400, 12, '2023-10-11 09:13:42', NULL, '217.159.140.130'),
(1695, 482, 190400, 12, '2023-10-11 10:34:53', NULL, '46.131.32.243'),
(1696, 482, 190400, 12, '2023-10-11 10:35:18', NULL, '46.131.32.243'),
(1697, 498, 190400, 12, '2023-10-11 12:21:45', NULL, '217.159.140.130'),
(1698, 498, 190400, 12, '2023-10-11 12:27:20', NULL, '217.159.140.130'),
(1699, 498, 190400, 12, '2023-10-11 15:15:24', NULL, '90.190.40.8'),
(1700, 498, 190400, 12, '2023-10-11 16:22:02', NULL, '176.46.116.125'),
(1701, 498, 190400, 12, '2023-10-11 16:22:08', NULL, '176.46.116.125'),
(1702, 498, 190400, 12, '2023-10-11 22:59:05', NULL, '176.46.116.125'),
(1703, 498, 190400, 12, '2023-10-11 22:59:11', NULL, '176.46.116.125'),
(1704, 496, 190400, 12, '2023-10-12 12:54:51', NULL, '90.190.105.145'),
(1705, 496, 190400, 12, '2023-10-12 13:32:47', NULL, '90.190.105.145'),
(1706, 499, 190400, 12, '2023-10-13 11:25:33', NULL, '91.129.100.68'),
(1707, 499, 190400, 12, '2023-10-13 11:25:41', NULL, '91.129.100.68'),
(1708, 495, 190400, 12, '2023-10-14 21:52:56', NULL, '37.157.84.91'),
(1709, 495, 190400, 12, '2023-10-16 06:19:31', NULL, '87.119.186.161'),
(1710, 495, 190400, 12, '2023-10-16 07:55:15', NULL, '81.90.124.155'),
(1711, 500, 190400, 12, '2023-10-16 17:53:21', NULL, '146.255.183.240'),
(1712, 500, 190400, 12, '2023-10-17 08:59:14', NULL, '217.159.140.130'),
(1713, 500, 190400, 12, '2023-10-17 08:59:14', NULL, '217.159.140.130'),
(1714, 500, 190400, 12, '2023-10-17 10:48:36', NULL, '146.255.183.240'),
(1715, 492, 190400, 12, '2023-10-17 11:50:14', NULL, '46.131.53.253'),
(1716, 500, 190400, 12, '2023-10-17 12:39:24', NULL, '146.255.183.240'),
(1717, 492, 190400, 12, '2023-10-17 13:59:14', NULL, '90.191.109.222'),
(1718, 495, 190400, 12, '2023-10-17 16:22:43', NULL, '37.157.84.91'),
(1719, 500, 190400, 12, '2023-10-18 15:07:55', NULL, '217.159.140.130'),
(1720, 502, 190400, 12, '2023-10-19 07:45:08', NULL, '185.78.44.28'),
(1721, 502, 190400, 12, '2023-10-19 07:47:41', NULL, '185.78.44.28'),
(1722, 502, 190400, 12, '2023-10-19 07:50:16', NULL, '185.78.44.28'),
(1723, 502, 190400, 12, '2023-10-20 13:26:17', NULL, '217.159.140.130'),
(1724, 502, 190400, 12, '2023-10-20 20:23:52', NULL, '91.129.110.241'),
(1725, 500, 190400, 12, '2023-10-22 15:53:27', NULL, '81.90.124.76'),
(1726, 503, 190400, 12, '2023-10-23 11:56:27', NULL, '217.159.140.130'),
(1727, 503, 190400, 12, '2023-10-23 14:22:02', NULL, '87.119.186.11'),
(1728, 503, 190400, 12, '2023-10-23 14:23:47', NULL, '87.119.186.11'),
(1729, 503, 190400, 12, '2023-10-23 14:23:57', NULL, '87.119.186.11'),
(1730, 504, 190400, 12, '2023-10-25 09:18:32', NULL, '195.250.188.207'),
(1731, 504, 190400, 12, '2023-10-25 11:11:23', NULL, '195.250.188.207'),
(1732, 505, 190400, 12, '2023-11-01 10:02:37', NULL, '217.159.140.130'),
(1733, 505, 190400, 12, '2023-11-01 10:02:39', NULL, '217.159.140.130'),
(1734, 505, 190400, 12, '2023-11-01 10:28:09', NULL, '217.159.140.130'),
(1735, 506, 190400, 12, '2023-11-02 16:01:27', NULL, '217.159.140.130'),
(1736, 506, 190400, 12, '2023-11-02 16:02:21', NULL, '31.13.127.13'),
(1737, 506, 190400, 12, '2023-11-02 16:02:49', NULL, '78.28.65.245'),
(1738, 506, 190400, 12, '2023-11-02 16:03:00', NULL, '78.28.65.245'),
(1739, 507, 190400, 12, '2023-11-03 10:06:08', NULL, '217.159.140.130'),
(1740, 507, 190400, 12, '2023-11-03 10:34:33', NULL, '213.168.15.178'),
(1741, 507, 190400, 12, '2023-11-03 14:15:33', NULL, '213.168.15.178'),
(1742, 507, 190400, 12, '2023-11-06 09:31:29', NULL, '213.168.15.178'),
(1743, 507, 190400, 12, '2023-11-06 09:33:26', NULL, '213.168.15.178'),
(1744, 509, 190400, 12, '2023-11-07 10:16:40', NULL, '213.168.15.178'),
(1745, 508, 190400, 12, '2023-11-07 10:20:56', NULL, '213.168.15.178'),
(1746, 509, 190400, 12, '2023-11-07 11:33:02', NULL, '217.159.140.130'),
(1747, 508, 190400, 12, '2023-11-07 11:38:35', NULL, '217.159.140.130'),
(1748, 509, 190400, 12, '2023-11-07 12:05:29', NULL, '217.159.140.130'),
(1749, 510, 190400, 12, '2023-11-07 12:39:35', NULL, '217.159.140.130'),
(1750, 507, 190400, 12, '2023-11-07 14:53:52', NULL, '185.78.44.28'),
(1751, 510, 190400, 12, '2023-11-07 15:55:11', NULL, '87.119.179.61'),
(1752, 510, 190400, 12, '2023-11-07 15:55:20', NULL, '87.119.179.61'),
(1753, 508, 190400, 12, '2023-11-07 16:02:50', NULL, '217.159.140.130'),
(1754, 508, 190400, 12, '2023-11-07 16:02:50', NULL, '217.159.140.130'),
(1755, 509, 190400, 12, '2023-11-07 16:03:29', NULL, '217.159.140.130'),
(1756, 509, 190400, 12, '2023-11-07 16:03:39', NULL, '213.168.15.178'),
(1757, 509, 190400, 12, '2023-11-07 16:04:29', NULL, '217.159.140.130'),
(1758, 509, 190400, 12, '2023-11-08 09:05:30', NULL, '217.159.140.130'),
(1759, 509, 190400, 12, '2023-11-08 09:28:17', NULL, '185.78.44.28'),
(1760, 509, 190400, 12, '2023-11-08 09:42:32', NULL, '213.168.15.178'),
(1761, 509, 190400, 12, '2023-11-08 09:55:06', NULL, '217.159.140.130'),
(1762, 509, 190400, 12, '2023-11-08 10:03:07', NULL, '217.159.140.130'),
(1763, 508, 190400, 12, '2023-11-08 13:26:40', NULL, '213.168.15.178'),
(1764, 509, 190400, 12, '2023-11-15 09:09:55', NULL, '217.159.140.130'),
(1765, 508, 190400, 12, '2023-11-15 13:29:22', NULL, '217.159.140.130'),
(1766, 508, 190400, 12, '2023-11-15 14:11:16', NULL, '213.168.15.178'),
(1767, 506, 190400, 12, '2023-11-16 19:22:20', NULL, '81.90.125.49'),
(1768, 511, 190400, 12, '2023-11-20 09:55:22', NULL, '217.159.140.130'),
(1769, 511, 190400, 12, '2023-11-20 12:21:00', NULL, '82.131.71.70'),
(1770, 511, 190400, 12, '2023-11-20 16:15:43', NULL, '81.90.125.92'),
(1771, 511, 190400, 12, '2023-11-20 16:19:35', NULL, '81.90.125.92'),
(1772, 511, 190400, 12, '2023-11-20 21:45:04', NULL, '188.0.50.147'),
(1773, 511, 190400, 12, '2023-11-21 11:14:16', NULL, '46.131.55.153'),
(1774, 511, 190400, 12, '2023-11-21 11:14:51', NULL, '31.13.103.118'),
(1775, 511, 190400, 12, '2023-11-21 11:15:51', NULL, '46.131.38.255'),
(1776, 511, 190400, 12, '2023-11-21 11:26:45', NULL, '146.255.183.150'),
(1777, 512, 190400, 12, '2023-11-29 09:14:06', NULL, '217.159.140.130'),
(1778, 512, 190400, 12, '2023-11-29 09:14:06', NULL, '217.159.140.130'),
(1779, 512, 190400, 12, '2023-11-29 10:00:30', NULL, '217.159.190.217'),
(1780, 512, 190400, 12, '2023-11-29 10:03:22', NULL, '31.13.127.10'),
(1781, 512, 190400, 12, '2023-11-29 10:08:24', NULL, '80.235.52.32'),
(1782, 512, 190400, 12, '2023-11-29 10:11:36', NULL, '217.159.190.217'),
(1783, 512, 190400, 12, '2023-11-29 10:15:17', NULL, '217.159.190.217'),
(1784, 512, 190400, 12, '2023-12-04 11:41:56', NULL, '80.235.52.32'),
(1785, 427, 190400, 12, '2023-12-05 10:36:45', NULL, '90.191.116.17'),
(1786, 508, 190400, 12, '2023-12-06 08:28:23', NULL, '217.159.140.130'),
(1787, 508, 190400, 12, '2023-12-07 14:38:04', NULL, '217.159.140.130'),
(1788, 502, 190400, 12, '2023-12-14 12:50:15', NULL, '95.153.33.115'),
(1789, 502, 190400, 12, '2023-12-14 12:50:50', NULL, '95.153.33.115'),
(1790, 513, 190400, 12, '2023-12-20 08:31:20', NULL, '217.159.140.130'),
(1791, 514, 190400, 12, '2023-12-20 08:34:22', NULL, '217.159.140.130'),
(1792, 514, 190400, 12, '2023-12-20 08:52:14', NULL, '146.255.180.174'),
(1793, 514, 190400, 12, '2023-12-20 08:54:18', NULL, '146.255.180.174'),
(1794, 513, 190400, 12, '2023-12-20 08:54:26', NULL, '146.255.180.174'),
(1795, 513, 190400, 12, '2023-12-20 09:04:03', NULL, '146.255.180.174'),
(1796, 513, 190400, 12, '2023-12-20 09:15:33', NULL, '146.255.180.174'),
(1797, 514, 190400, 12, '2023-12-20 09:15:42', NULL, '146.255.180.174'),
(1798, 513, 190400, 12, '2023-12-20 11:25:19', NULL, '84.50.84.165'),
(1799, 514, 190400, 12, '2023-12-20 11:28:43', NULL, '84.50.84.165'),
(1800, 514, 190400, 12, '2023-12-20 12:32:17', NULL, '84.50.84.165'),
(1801, 513, 190400, 12, '2023-12-20 12:32:36', NULL, '84.50.84.165'),
(1802, 513, 190400, 12, '2023-12-20 12:32:52', NULL, '31.13.127.2'),
(1803, 513, 190400, 12, '2023-12-20 12:37:35', NULL, '84.50.84.165'),
(1804, 514, 190400, 12, '2023-12-20 12:37:41', NULL, '84.50.84.165'),
(1805, 513, 190400, 12, '2023-12-20 12:37:51', NULL, '87.119.179.25'),
(1806, 513, 190400, 12, '2023-12-20 12:38:16', NULL, '87.119.179.25'),
(1807, 513, 190400, 12, '2023-12-20 12:38:48', NULL, '84.50.84.165'),
(1808, 315, 190400, 12, '2023-12-27 18:33:22', NULL, '87.119.160.185'),
(1809, 383, 190400, 13, '2024-01-02 12:21:09', NULL, '87.119.177.227'),
(1810, 515, 190400, 12, '2024-01-19 08:59:50', NULL, '194.204.59.101'),
(1811, 516, 190400, 12, '2024-01-19 09:25:30', NULL, '91.129.110.94'),
(1812, 517, 190400, 12, '2024-01-19 09:28:20', NULL, '91.129.110.94'),
(1813, 517, 190400, 12, '2024-01-19 09:49:24', NULL, '91.129.110.94'),
(1814, 517, 190400, 12, '2024-01-19 10:12:43', NULL, '91.129.110.94'),
(1815, 517, 190400, 12, '2024-01-19 16:53:19', NULL, '146.255.180.198'),
(1816, 517, 190400, 12, '2024-01-19 17:10:58', NULL, '146.255.180.198'),
(1817, 516, 190400, 12, '2024-01-19 17:13:36', NULL, '146.255.180.198'),
(1818, 518, 190400, 12, '2024-01-22 12:20:01', NULL, '85.253.101.84'),
(1819, 518, 190400, 12, '2024-01-22 12:22:33', NULL, '85.253.101.84'),
(1820, 518, 190400, 12, '2024-01-22 12:22:53', NULL, '31.13.127.4'),
(1821, 518, 190400, 12, '2024-01-22 12:41:15', NULL, '213.184.49.21'),
(1822, 519, 190400, 12, '2024-01-22 14:31:51', NULL, '213.168.5.130'),
(1823, 519, 190400, 12, '2024-01-22 14:41:33', NULL, '46.131.92.237'),
(1824, 519, 190400, 12, '2024-01-23 09:05:24', NULL, '88.196.157.164'),
(1825, 519, 190400, 12, '2024-01-23 13:27:32', NULL, '213.168.5.130'),
(1826, 519, 190400, 12, '2024-01-23 13:27:57', NULL, '213.168.5.130'),
(1827, 519, 190400, 12, '2024-01-23 13:32:46', NULL, '213.168.5.130'),
(1828, 521, 190400, 12, '2024-01-24 16:01:09', NULL, '217.159.140.130'),
(1829, 521, 190400, 12, '2024-01-24 16:01:09', NULL, '217.159.140.130'),
(1830, 521, 190400, 12, '2024-01-24 17:00:03', NULL, '217.159.140.130'),
(1831, 521, 190400, 12, '2024-01-24 17:00:03', NULL, '217.159.140.130'),
(1832, 521, 190400, 12, '2024-01-25 12:16:23', NULL, '217.159.140.130'),
(1833, 520, 190400, 12, '2024-01-26 10:00:47', NULL, '217.159.140.130'),
(1834, 520, 190400, 12, '2024-01-26 10:08:29', NULL, '217.159.140.130'),
(1835, 522, 190400, 12, '2024-01-26 11:04:55', NULL, '87.119.179.22'),
(1836, 518, 190400, 12, '2024-01-27 12:05:36', NULL, '217.159.196.203'),
(1837, 518, 190400, 12, '2024-01-27 15:54:06', NULL, '46.131.92.213'),
(1838, 518, 190400, 12, '2024-01-27 15:54:07', NULL, '46.131.92.213'),
(1839, 523, 190400, 12, '2024-01-29 13:22:17', NULL, '217.159.140.130'),
(1840, 524, 190400, 12, '2024-01-30 09:22:12', NULL, '46.131.42.204'),
(1841, 523, 190400, 12, '2024-01-30 10:01:50', NULL, '80.235.17.246'),
(1842, 525, 190400, 12, '2024-01-30 10:09:39', NULL, '46.131.42.204'),
(1843, 524, 190400, 12, '2024-01-30 10:40:47', NULL, '90.190.169.236'),
(1844, 526, 190400, 12, '2024-01-30 11:43:40', NULL, '217.159.140.130'),
(1845, 526, 190400, 12, '2024-01-30 11:59:48', NULL, '46.131.49.199'),
(1846, 525, 190400, 12, '2024-01-30 14:38:07', NULL, '46.131.42.204'),
(1847, 524, 190400, 12, '2024-01-30 14:43:05', NULL, '46.131.42.204'),
(1848, 525, 190400, 12, '2024-01-30 19:28:00', NULL, '217.159.140.130'),
(1849, 525, 190400, 12, '2024-01-30 19:28:00', NULL, '217.159.140.130'),
(1850, 525, 190400, 12, '2024-01-30 19:28:00', NULL, '217.159.140.130'),
(1851, 527, 190400, 12, '2024-01-30 23:15:46', NULL, '46.131.24.196'),
(1852, 526, 190400, 12, '2024-01-31 07:56:04', NULL, '90.190.175.161'),
(1853, 526, 190400, 12, '2024-01-31 08:30:06', NULL, '46.131.49.199'),
(1854, 526, 190400, 12, '2024-01-31 10:11:05', NULL, '46.131.49.199'),
(1855, 520, 190400, 12, '2024-01-31 12:33:22', NULL, '207.46.13.7'),
(1856, 520, 190400, 12, '2024-01-31 12:33:27', NULL, '176.46.102.33'),
(1857, 528, 190400, 12, '2024-02-05 11:58:26', NULL, '18.237.135.219'),
(1858, 528, 190400, 12, '2024-02-05 11:58:28', NULL, '13.80.183.173'),
(1859, 528, 190400, 12, '2024-02-05 12:02:48', NULL, '35.88.177.27'),
(1860, 528, 190400, 12, '2024-02-05 12:03:02', NULL, '217.159.236.253'),
(1861, 528, 190400, 12, '2024-02-05 12:06:48', NULL, '188.95.209.96'),
(1862, 528, 190400, 12, '2024-02-05 12:21:34', NULL, '217.159.236.253'),
(1863, 528, 190400, 12, '2024-02-05 12:22:16', NULL, '217.159.236.253'),
(1864, 528, 190400, 12, '2024-02-05 12:28:50', NULL, '217.159.140.130'),
(1865, 528, 190400, 12, '2024-02-05 12:35:39', NULL, '34.220.83.96'),
(1866, 528, 190400, 12, '2024-02-05 12:35:40', NULL, '13.80.183.173'),
(1867, 529, 190400, 12, '2024-02-05 14:03:04', NULL, '217.159.140.130'),
(1868, 529, 190400, 12, '2024-02-05 15:11:49', NULL, '90.191.210.159'),
(1869, 530, 190400, 12, '2024-02-05 18:48:25', NULL, '80.235.91.16'),
(1870, 530, 190400, 12, '2024-02-05 18:53:54', NULL, '35.166.204.113'),
(1871, 530, 190400, 12, '2024-02-05 18:54:10', NULL, '13.80.183.173'),
(1872, 530, 190400, 12, '2024-02-05 19:03:00', NULL, '217.159.130.46'),
(1873, 530, 190400, 12, '2024-02-05 19:33:46', NULL, '90.191.77.125'),
(1874, 530, 190400, 12, '2024-02-05 21:23:30', NULL, '217.159.130.46'),
(1875, 530, 190400, 12, '2024-02-06 11:51:25', NULL, '34.217.68.157'),
(1876, 530, 190400, 12, '2024-02-06 11:51:27', NULL, '13.80.183.173'),
(1877, 530, 190400, 12, '2024-02-06 12:30:39', NULL, '217.159.140.130'),
(1878, 531, 190400, 12, '2024-02-07 10:26:12', NULL, '217.159.140.130'),
(1879, 531, 190400, 12, '2024-02-07 10:32:42', NULL, '87.119.186.34'),
(1880, 531, 190400, 12, '2024-02-07 10:34:40', NULL, '31.13.103.7'),
(1881, 531, 190400, 12, '2024-02-07 10:38:56', NULL, '90.190.160.229'),
(1882, 529, 190400, 12, '2024-02-07 10:45:42', NULL, '104.47.22.190'),
(1883, 529, 190400, 12, '2024-02-07 10:47:53', NULL, '104.47.18.190'),
(1884, 529, 190400, 12, '2024-02-07 10:49:42', NULL, '40.94.87.90'),
(1885, 529, 190400, 12, '2024-02-08 08:14:43', NULL, '104.47.18.190'),
(1886, 529, 190400, 12, '2024-02-08 08:14:58', NULL, '40.94.94.87'),
(1887, 529, 190400, 12, '2024-02-08 09:01:39', NULL, '104.47.18.254'),
(1888, 529, 190400, 12, '2024-02-08 09:02:17', NULL, '40.94.97.34'),
(1889, 529, 190400, 12, '2024-02-08 09:52:57', NULL, '104.47.18.254'),
(1890, 529, 190400, 12, '2024-02-08 09:53:21', NULL, '40.94.90.86'),
(1891, 529, 190400, 12, '2024-02-08 10:39:11', NULL, '104.47.18.254'),
(1892, 529, 190400, 12, '2024-02-08 10:40:11', NULL, '40.94.89.49'),
(1893, 529, 190400, 12, '2024-02-08 13:26:22', NULL, '90.191.210.159'),
(1894, 533, 190400, 12, '2024-02-08 13:28:42', NULL, '217.159.140.130'),
(1895, 534, 190400, 12, '2024-02-09 12:34:44', NULL, '217.159.140.130'),
(1896, 530, 190400, 12, '2024-02-09 13:26:01', NULL, '52.37.59.213'),
(1897, 530, 190400, 12, '2024-02-09 13:26:02', NULL, '13.80.183.173'),
(1898, 534, 190400, 12, '2024-02-09 13:28:52', NULL, '217.159.140.130'),
(1899, 534, 190400, 12, '2024-02-09 13:41:28', NULL, '90.191.20.143'),
(1900, 535, 190400, 12, '2024-02-12 09:17:16', NULL, '46.131.26.198'),
(1901, 535, 190400, 12, '2024-02-12 09:59:13', NULL, '104.47.51.254'),
(1902, 535, 190400, 12, '2024-02-12 09:59:14', NULL, '77.233.95.110'),
(1903, 535, 190400, 12, '2024-02-12 10:00:30', NULL, '40.94.102.17'),
(1904, 535, 190400, 12, '2024-02-12 10:02:32', NULL, '104.47.51.190'),
(1905, 535, 190400, 12, '2024-02-12 10:02:33', NULL, '77.233.95.110'),
(1906, 535, 190400, 12, '2024-02-12 22:14:39', NULL, '46.131.26.198'),
(1907, 536, 190400, 12, '2024-02-14 13:29:17', NULL, '217.159.140.130'),
(1908, 537, 190400, 12, '2024-02-15 11:13:12', NULL, '217.159.140.130'),
(1909, 537, 190400, 12, '2024-02-15 13:09:18', NULL, '46.131.83.248'),
(1910, 537, 190400, 12, '2024-02-15 13:35:01', NULL, '46.131.35.201'),
(1911, 538, 190400, 12, '2024-02-15 15:25:41', NULL, '90.190.64.25'),
(1912, 539, 190400, 12, '2024-02-16 09:33:16', NULL, '146.255.180.191'),
(1913, 539, 190400, 12, '2024-02-16 09:53:17', NULL, '217.159.140.130'),
(1914, 540, 190400, 12, '2024-02-16 10:06:43', NULL, '146.255.181.187'),
(1915, 540, 190400, 12, '2024-02-16 10:06:50', NULL, '90.191.69.241'),
(1916, 540, 190400, 12, '2024-02-16 10:07:10', NULL, '146.255.181.187'),
(1917, 540, 190400, 12, '2024-02-16 10:07:15', NULL, '174.129.88.58'),
(1918, 540, 190400, 12, '2024-02-16 10:09:19', NULL, '90.191.69.241'),
(1919, 540, 190400, 12, '2024-02-16 10:09:27', NULL, '90.191.69.241'),
(1920, 540, 190400, 12, '2024-02-16 10:10:23', NULL, '90.191.69.241'),
(1921, 540, 190400, 12, '2024-02-16 10:12:10', NULL, '146.255.181.187'),
(1922, 540, 190400, 12, '2024-02-16 10:12:20', NULL, '146.255.181.187'),
(1923, 540, 190400, 12, '2024-02-16 10:14:27', NULL, '87.119.179.29'),
(1924, 540, 190400, 12, '2024-02-16 10:18:06', NULL, '90.191.69.241'),
(1925, 540, 190400, 12, '2024-02-16 10:18:51', NULL, '46.131.30.198'),
(1926, 540, 190400, 12, '2024-02-16 10:18:56', NULL, '46.131.30.198'),
(1927, 540, 190400, 12, '2024-02-16 10:55:40', NULL, '146.255.181.154'),
(1928, 540, 190400, 12, '2024-02-16 11:05:23', NULL, '46.131.30.224'),
(1929, 540, 190400, 12, '2024-02-16 18:48:26', NULL, '90.191.69.241'),
(1930, 426, 190400, 12, '2024-02-16 20:21:31', NULL, '85.29.196.188'),
(1931, 426, 190400, 12, '2024-02-16 20:24:51', NULL, '85.29.196.188'),
(1932, 540, 190400, 12, '2024-02-17 13:09:08', NULL, '146.255.180.199'),
(1933, 541, 190400, 12, '2024-02-20 12:04:40', NULL, '217.159.140.130'),
(1934, 541, 190400, 12, '2024-02-20 14:53:02', NULL, '46.131.76.253'),
(1935, 541, 190400, 12, '2024-02-20 14:57:29', NULL, '46.131.76.253'),
(1936, 541, 190400, 12, '2024-02-20 19:07:32', NULL, '213.35.190.142'),
(1937, 541, 190400, 12, '2024-02-20 19:30:07', NULL, '46.131.26.198'),
(1938, 541, 190400, 12, '2024-02-20 20:42:58', NULL, '46.131.26.198'),
(1939, 541, 190400, 12, '2024-02-20 20:46:20', NULL, '88.196.41.248'),
(1940, 540, 190400, 12, '2024-02-21 00:09:04', NULL, '87.119.179.61'),
(1941, 412, 190400, 12, '2024-02-21 13:58:41', NULL, '194.204.35.153'),
(1942, 542, 190400, 12, '2024-02-21 16:01:08', NULL, '217.159.140.130'),
(1943, 542, 190400, 12, '2024-02-21 16:01:08', NULL, '217.159.140.130'),
(1944, 542, 190400, 12, '2024-02-21 16:18:35', NULL, '217.159.140.130'),
(1945, 541, 190400, 12, '2024-02-22 07:26:15', NULL, '213.35.190.142'),
(1946, 543, 190400, 12, '2024-02-22 08:22:57', NULL, '217.159.140.130'),
(1947, 543, 190400, 12, '2024-02-22 08:37:50', NULL, '90.191.154.121'),
(1948, 543, 190400, 12, '2024-02-22 08:37:55', NULL, '90.191.154.121'),
(1949, 541, 190400, 12, '2024-02-22 08:38:23', NULL, '213.35.190.142'),
(1950, 543, 190400, 12, '2024-02-22 09:09:44', NULL, '90.191.154.121'),
(1951, 543, 190400, 12, '2024-02-22 09:09:47', NULL, '90.191.154.121'),
(1952, 542, 190400, 12, '2024-02-22 10:12:36', NULL, '217.159.140.130'),
(1953, 542, 190400, 12, '2024-02-22 11:39:15', NULL, '217.159.140.130'),
(1954, 542, 190400, 12, '2024-02-22 11:43:23', NULL, '217.159.140.130'),
(1955, 543, 190400, 12, '2024-02-22 13:34:20', NULL, '81.90.125.209'),
(1956, 543, 190400, 12, '2024-02-22 13:34:24', NULL, '81.90.125.209'),
(1957, 544, 190400, 12, '2024-02-22 13:46:20', NULL, '46.131.26.198'),
(1958, 542, 190400, 12, '2024-02-22 14:58:53', NULL, '104.47.0.254'),
(1959, 542, 190400, 12, '2024-02-22 14:58:54', NULL, '195.190.141.202'),
(1960, 542, 190400, 12, '2024-02-22 14:59:35', NULL, '40.94.97.67'),
(1961, 542, 190400, 12, '2024-02-23 09:47:52', NULL, '104.47.2.254'),
(1962, 542, 190400, 12, '2024-02-23 09:47:52', NULL, '195.190.141.202'),
(1963, 542, 190400, 12, '2024-02-23 09:48:17', NULL, '40.94.88.96'),
(1964, 544, 190400, 12, '2024-02-23 11:03:42', NULL, '217.159.140.130'),
(1965, 542, 190400, 12, '2024-02-23 11:05:18', NULL, '217.159.140.130'),
(1966, 544, 190400, 12, '2024-02-23 13:32:34', NULL, '146.255.182.142'),
(1967, 544, 190400, 12, '2024-02-23 13:49:03', NULL, '46.131.26.198'),
(1968, 429, 190400, 12, '2024-02-26 14:11:15', NULL, '213.184.40.37'),
(1969, 530, 190400, 12, '2024-02-27 11:25:22', NULL, '35.90.177.243'),
(1970, 530, 190400, 12, '2024-02-27 11:25:35', NULL, '13.80.183.173'),
(1971, 545, 190400, 12, '2024-02-28 11:41:38', NULL, '46.131.26.198'),
(1972, 545, 190400, 12, '2024-02-28 21:12:40', NULL, '46.131.26.198'),
(1973, 546, 190400, 12, '2024-03-01 12:31:23', NULL, '46.131.66.206'),
(1974, 548, 190400, 12, '2024-03-05 08:15:01', NULL, '217.159.140.130'),
(1975, 575, 190400, 12, '2024-03-08 10:14:00', NULL, '217.159.140.130'),
(1976, 575, 190400, 12, '2024-03-08 10:14:00', NULL, '217.159.140.130'),
(1977, 576, 190400, 12, '2024-03-08 13:19:55', NULL, '46.131.26.198'),
(1978, 576, 190400, 12, '2024-03-08 13:19:59', NULL, '46.131.26.198'),
(1979, 576, 190400, 12, '2024-03-08 13:22:42', NULL, '217.159.140.130'),
(1980, 576, 190400, 12, '2024-03-08 13:33:35', NULL, '109.240.100.237'),
(1981, 576, 190400, 12, '2024-03-08 13:36:25', NULL, '84.50.220.75'),
(1982, 576, 190400, 12, '2024-03-08 13:36:34', NULL, '84.50.220.75'),
(1983, 576, 190400, 12, '2024-03-08 13:45:06', NULL, '109.240.100.237'),
(1984, 577, 190400, 12, '2024-03-08 15:40:36', NULL, '217.159.140.130'),
(1985, 576, 190400, 12, '2024-03-08 15:40:48', NULL, '217.159.140.130'),
(1986, 576, 190400, 12, '2024-03-08 19:21:54', NULL, '193.229.108.5'),
(1987, 576, 190400, 12, '2024-03-08 21:45:11', NULL, '85.134.33.198'),
(1988, 576, 190400, 12, '2024-03-10 14:49:26', NULL, '86.115.67.234'),
(1989, 578, 190400, 12, '2024-03-11 12:34:31', NULL, '217.159.140.130'),
(1990, 578, 190400, 12, '2024-03-11 12:34:31', NULL, '217.159.140.130'),
(1991, 578, 190400, 12, '2024-03-11 12:53:58', NULL, '46.131.44.240'),
(1992, 578, 190400, 12, '2024-03-11 13:51:47', NULL, '46.131.44.240'),
(1993, 578, 190400, 12, '2024-03-12 00:43:19', NULL, '90.190.250.117'),
(1994, 579, 190400, 12, '2024-03-12 13:26:49', NULL, '217.159.140.130'),
(1995, 579, 190400, 12, '2024-03-12 21:51:15', NULL, '46.131.93.222'),
(1996, 579, 190400, 12, '2024-03-12 22:16:42', NULL, '85.253.233.71'),
(1997, 579, 190400, 12, '2024-03-12 22:18:08', NULL, '149.154.161.219'),
(1998, 579, 190400, 12, '2024-03-12 22:19:11', NULL, '46.131.93.222'),
(1999, 579, 190400, 12, '2024-03-12 22:28:13', NULL, '85.253.233.71'),
(2000, 579, 190400, 12, '2024-03-12 22:28:19', NULL, '79.161.15.182'),
(2001, 579, 190400, 12, '2024-03-12 23:06:44', NULL, '88.92.171.37'),
(2002, 579, 190400, 12, '2024-03-12 23:15:23', NULL, '85.253.244.215'),
(2003, 579, 190400, 12, '2024-03-13 06:02:46', NULL, '176.118.7.152'),
(2004, 579, 190400, 12, '2024-03-13 06:02:48', NULL, '31.24.56.132'),
(2005, 579, 190400, 12, '2024-03-13 07:05:30', NULL, '176.46.72.64'),
(2006, 579, 190400, 12, '2024-03-13 08:15:12', NULL, '85.253.233.71'),
(2007, 579, 190400, 12, '2024-03-13 10:32:09', NULL, '85.253.233.71'),
(2008, 579, 190400, 12, '2024-03-13 10:32:20', NULL, '193.40.25.252'),
(2009, 580, 190400, 12, '2024-03-13 14:35:05', NULL, '81.90.125.54'),
(2010, 580, 190400, 12, '2024-03-13 15:26:59', NULL, '81.90.125.54'),
(2011, 580, 190400, 12, '2024-03-13 15:28:00', NULL, '31.13.103.118'),
(2012, 579, 190400, 12, '2024-03-13 18:01:11', NULL, '104.28.31.11'),
(2013, 579, 190400, 12, '2024-03-13 18:57:20', NULL, '176.59.57.83'),
(2014, 581, 190400, 12, '2024-03-14 13:56:38', NULL, '217.159.140.130'),
(2015, 581, 190400, 12, '2024-03-14 14:00:12', NULL, '84.50.163.190'),
(2016, 581, 190400, 12, '2024-03-14 14:03:24', NULL, '84.50.163.190'),
(2017, 581, 190400, 12, '2024-03-14 14:05:20', NULL, '81.90.124.29'),
(2018, 579, 190400, 12, '2024-03-14 17:20:52', NULL, '46.131.85.185'),
(2019, 579, 190400, 12, '2024-03-14 17:21:13', NULL, '46.131.85.185'),
(2020, 579, 190400, 12, '2024-03-14 17:21:15', NULL, '74.125.213.2'),
(2021, 579, 190400, 12, '2024-03-14 17:57:51', NULL, '46.131.33.201'),
(2022, 579, 190400, 12, '2024-03-14 17:57:56', NULL, '46.131.33.201'),
(2023, 581, 190400, 12, '2024-03-14 22:11:53', NULL, '84.50.163.190'),
(2024, 579, 190400, 12, '2024-03-15 09:51:33', NULL, '46.131.85.185'),
(2025, 581, 190400, 12, '2024-03-15 09:51:57', NULL, '46.131.69.206'),
(2026, 582, 190400, 12, '2024-03-15 11:05:03', NULL, '217.159.140.130'),
(2027, 579, 190400, 12, '2024-03-15 16:43:36', NULL, '46.131.85.185'),
(2028, 579, 190400, 12, '2024-03-15 17:35:00', NULL, '46.131.85.185'),
(2029, 579, 190400, 12, '2024-03-15 17:35:12', NULL, '46.131.85.185'),
(2030, 579, 190400, 12, '2024-03-15 17:35:14', NULL, '46.131.85.185'),
(2031, 581, 190400, 12, '2024-03-15 23:06:09', NULL, '46.131.69.206'),
(2032, 579, 190400, 12, '2024-03-15 23:07:51', NULL, '85.253.233.71'),
(2033, 579, 190400, 12, '2024-03-16 12:42:02', NULL, '46.151.246.129'),
(2034, 582, 190400, 12, '2024-03-18 08:03:17', NULL, '217.159.140.130'),
(2035, 579, 190400, 12, '2024-03-18 11:40:14', NULL, '194.204.39.253'),
(2036, 579, 190400, 12, '2024-03-18 11:46:14', NULL, '81.90.124.111'),
(2037, 579, 190400, 12, '2024-03-18 11:47:55', NULL, '81.90.124.111'),
(2038, 579, 190400, 12, '2024-03-18 11:51:16', NULL, '81.90.124.111'),
(2039, 583, 190400, 12, '2024-03-18 11:52:46', NULL, '46.131.26.198'),
(2040, 583, 190400, 12, '2024-03-18 11:56:15', NULL, '217.159.140.130'),
(2041, 579, 190400, 12, '2024-03-18 12:03:07', NULL, '194.204.39.253'),
(2042, 579, 190400, 12, '2024-03-18 12:06:37', NULL, '194.204.39.253'),
(2043, 583, 190400, 12, '2024-03-18 16:23:18', NULL, '217.159.140.130'),
(2044, 583, 190400, 12, '2024-03-18 18:39:34', NULL, '46.131.26.198'),
(2045, 583, 190400, 12, '2024-03-19 09:33:47', NULL, '217.159.140.130'),
(2046, 584, 190400, 12, '2024-03-19 14:35:57', NULL, '46.131.26.198'),
(2047, 584, 190400, 12, '2024-03-19 14:42:24', NULL, '46.131.64.244'),
(2048, 584, 190400, 12, '2024-03-19 17:13:19', NULL, '84.50.64.89'),
(2049, 584, 190400, 12, '2024-03-19 21:16:32', NULL, '46.131.18.174'),
(2050, 585, 190400, 12, '2024-03-20 09:07:16', NULL, '217.159.140.130'),
(2051, 585, 190400, 12, '2024-03-20 10:03:20', NULL, '90.191.79.102'),
(2052, 585, 190400, 12, '2024-03-20 10:04:52', NULL, '90.191.79.102'),
(2053, 585, 190400, 12, '2024-03-20 10:06:00', NULL, '46.131.86.245'),
(2054, 585, 190400, 12, '2024-03-20 10:06:19', NULL, '31.13.127.13'),
(2055, 585, 190400, 12, '2024-03-20 10:06:30', NULL, '90.191.79.102'),
(2056, 585, 190400, 12, '2024-03-20 10:19:27', NULL, '90.191.79.102'),
(2057, 585, 190400, 12, '2024-03-20 10:19:43', NULL, '90.191.79.102'),
(2058, 585, 190400, 12, '2024-03-20 10:32:13', NULL, '185.14.219.149'),
(2059, 585, 190400, 12, '2024-03-20 10:34:40', NULL, '31.13.127.9'),
(2060, 585, 190400, 12, '2024-03-20 10:34:56', NULL, '81.90.124.64'),
(2061, 585, 190400, 12, '2024-03-20 13:07:26', NULL, '90.191.79.102'),
(2062, 584, 190400, 12, '2024-03-20 15:40:29', NULL, '85.253.152.223'),
(2063, 585, 190400, 12, '2024-03-20 16:04:32', NULL, '88.196.166.166'),
(2064, 585, 190400, 12, '2024-03-20 16:34:20', NULL, '90.191.79.102'),
(2065, 585, 190400, 12, '2024-03-20 19:16:30', NULL, '90.191.79.102'),
(2066, 585, 190400, 12, '2024-03-20 19:23:40', NULL, '35.196.132.85'),
(2067, 585, 190400, 12, '2024-03-20 19:32:04', NULL, '90.191.79.102'),
(2068, 585, 190400, 12, '2024-03-20 19:48:10', NULL, '82.131.55.36'),
(2069, 585, 190400, 12, '2024-03-20 19:56:16', NULL, '82.131.55.36'),
(2070, 585, 190400, 12, '2024-03-21 09:30:05', NULL, '91.129.111.240'),
(2071, 583, 190400, 12, '2024-03-21 16:21:43', NULL, '217.159.140.130'),
(2072, 587, 190400, 12, '2024-03-21 17:43:25', NULL, '46.131.93.150'),
(2073, 587, 190400, 12, '2024-03-21 17:49:20', NULL, '46.131.25.215'),
(2074, 587, 190400, 12, '2024-03-21 18:05:12', NULL, '46.131.25.215'),
(2075, 587, 190400, 12, '2024-03-21 19:51:54', NULL, '46.131.25.215'),
(2076, 585, 190400, 12, '2024-03-23 22:08:55', NULL, '90.191.72.69'),
(2077, 585, 190400, 12, '2024-03-23 22:09:15', NULL, '90.191.72.69'),
(2078, 585, 190400, 12, '2024-03-23 22:16:59', NULL, '90.191.18.65'),
(2079, 585, 190400, 12, '2024-03-23 23:20:27', NULL, '90.191.72.69'),
(2080, 585, 190400, 12, '2024-03-24 10:58:48', NULL, '90.191.72.69'),
(2081, 588, 190400, 12, '2024-03-25 15:16:59', NULL, '217.159.140.130'),
(2082, 588, 190400, 12, '2024-03-25 15:40:32', NULL, '62.65.227.31'),
(2083, 589, 190400, 12, '2024-03-26 08:47:08', NULL, '46.131.86.165'),
(2084, 589, 190400, 12, '2024-03-26 09:47:11', NULL, '84.50.211.6'),
(2085, 589, 190400, 12, '2024-03-26 15:32:21', NULL, '46.131.86.165'),
(2086, 590, 190402, 16, '2024-03-29 21:20:42', NULL, '195.8.204.11'),
(2087, 590, 190402, 16, '2024-03-29 21:21:32', NULL, '104.28.31.12'),
(2088, 585, 190400, 12, '2024-03-30 21:18:07', NULL, '90.191.72.69'),
(2089, 589, 190400, 12, '2024-03-31 11:53:42', NULL, '195.8.204.11'),
(2090, 589, 190400, 12, '2024-03-31 11:56:03', NULL, '195.8.204.11'),
(2091, 589, 190400, 12, '2024-03-31 19:29:35', NULL, '195.8.204.11'),
(2092, 589, 190400, 12, '2024-03-31 19:31:47', NULL, '31.24.56.132'),
(2093, 589, 190400, 12, '2024-04-09 10:32:02', NULL, '195.8.204.11'),
(2094, 589, 190400, 12, '2024-04-09 16:17:19', NULL, '195.8.204.11'),
(2095, 589, 190400, 12, '2024-04-09 17:13:16', NULL, '195.8.204.11'),
(2096, 589, 190400, 12, '2024-04-09 17:16:33', NULL, '52.123.138.237'),
(2097, 588, 190400, 12, '2024-04-10 08:35:11', NULL, '195.8.204.11'),
(2098, 588, 190400, 12, '2024-04-10 09:43:15', NULL, '195.8.204.11'),
(2099, 499, 190400, 12, '2024-04-10 09:46:58', NULL, '83.234.227.26'),
(2100, 589, 190400, 12, '2024-04-12 15:24:13', NULL, '108.170.33.178'),
(2101, 585, 190400, 12, '2024-05-01 21:33:34', NULL, '108.170.33.178');

--
-- Indexes for dumped tables
--

--
-- Indexes for table `vis_admin`
--
ALTER TABLE `vis_admin`
  ADD PRIMARY KEY (`admin_id`),
  ADD UNIQUE KEY `admin_id_UNIQUE` (`admin_id`);

--
-- Indexes for table `vis_companies`
--
ALTER TABLE `vis_companies`
  ADD PRIMARY KEY (`company_id`),
  ADD UNIQUE KEY `company_email_UNIQUE` (`company_email`);

--
-- Indexes for table `vis_company_log`
--
ALTER TABLE `vis_company_log`
  ADD PRIMARY KEY (`log_id`);

--
-- Indexes for table `vis_config`
--
ALTER TABLE `vis_config`
  ADD PRIMARY KEY (`config_id`);

--
-- Indexes for table `vis_customers`
--
ALTER TABLE `vis_customers`
  ADD PRIMARY KEY (`customer_id`);

--
-- Indexes for table `vis_devices`
--
ALTER TABLE `vis_devices`
  ADD PRIMARY KEY (`device_id`),
  ADD UNIQUE KEY `deviceid` (`deviceid`);

--
-- Indexes for table `vis_videos`
--
ALTER TABLE `vis_videos`
  ADD PRIMARY KEY (`video_id`),
  ADD KEY `video_serial_UNIQUE` (`video_serial`(20)) USING BTREE;

--
-- Indexes for table `vis_video_link`
--
ALTER TABLE `vis_video_link`
  ADD PRIMARY KEY (`id`);

--
-- Indexes for table `vis_video_log`
--
ALTER TABLE `vis_video_log`
  ADD PRIMARY KEY (`vl_id`);

--
-- AUTO_INCREMENT for dumped tables
--

--
-- AUTO_INCREMENT for table `vis_admin`
--
ALTER TABLE `vis_admin`
  MODIFY `admin_id` int NOT NULL AUTO_INCREMENT, AUTO_INCREMENT=3;

--
-- AUTO_INCREMENT for table `vis_companies`
--
ALTER TABLE `vis_companies`
  MODIFY `company_id` int NOT NULL AUTO_INCREMENT, AUTO_INCREMENT=190403;

--
-- AUTO_INCREMENT for table `vis_company_log`
--
ALTER TABLE `vis_company_log`
  MODIFY `log_id` bigint NOT NULL AUTO_INCREMENT;

--
-- AUTO_INCREMENT for table `vis_config`
--
ALTER TABLE `vis_config`
  MODIFY `config_id` int NOT NULL AUTO_INCREMENT, AUTO_INCREMENT=17;

--
-- AUTO_INCREMENT for table `vis_customers`
--
ALTER TABLE `vis_customers`
  MODIFY `customer_id` int NOT NULL AUTO_INCREMENT, AUTO_INCREMENT=597;

--
-- AUTO_INCREMENT for table `vis_devices`
--
ALTER TABLE `vis_devices`
  MODIFY `device_id` int NOT NULL AUTO_INCREMENT, AUTO_INCREMENT=17;

--
-- AUTO_INCREMENT for table `vis_videos`
--
ALTER TABLE `vis_videos`
  MODIFY `video_id` int UNSIGNED NOT NULL AUTO_INCREMENT, AUTO_INCREMENT=604;

--
-- AUTO_INCREMENT for table `vis_video_link`
--
ALTER TABLE `vis_video_link`
  MODIFY `id` int UNSIGNED NOT NULL AUTO_INCREMENT, AUTO_INCREMENT=373;

--
-- AUTO_INCREMENT for table `vis_video_log`
--
ALTER TABLE `vis_video_log`
  MODIFY `vl_id` int NOT NULL AUTO_INCREMENT, AUTO_INCREMENT=2102;
COMMIT;

/*!40101 SET CHARACTER_SET_CLIENT=@OLD_CHARACTER_SET_CLIENT */;
/*!40101 SET CHARACTER_SET_RESULTS=@OLD_CHARACTER_SET_RESULTS */;
/*!40101 SET COLLATION_CONNECTION=@OLD_COLLATION_CONNECTION */;
